LSOA code (2021),LSOA name (2021),Local Authority District code (2024),Local Authority District name (2024),Index of Multiple Deprivation (IMD) Rank (where 1 is most deprived),Index of Multiple Deprivation (IMD) Decile (where 1 is most deprived 10% of LSOA
E01026007,Boston 001A,E07000136,Boston,15299,5
E01026008,Boston 001B,E07000136,Boston,12186,4
E01026009,Boston 001C,E07000136,Boston,10131,4
E01026010,Boston 002A,E07000136,Boston,2314,1
E01026012,Boston 004A,E07000136,Boston,4785,2
E01026013,Boston 008A,E07000136,Boston,21666,7
E01026014,Boston 008B,E07000136,Boston,16897,6
E01026015,Boston 004B,E07000136,Boston,12306,4
E01026016,Boston 006A,E07000136,Boston,12052,4
E01026017,Boston 007A,E07000136,Boston,7063,3
E01026018,Boston 007B,E07000136,Boston,15594,5
E01026019,Boston 007C,E07000136,Boston,7831,3
E01026020,Boston 007D,E07000136,Boston,15668,5
E01026021,Boston 003B,E07000136,Boston,17980,6
E01026022,Boston 008C,E07000136,Boston,26463,8
E01026023,Boston 001D,E07000136,Boston,10742,4
E01026024,Boston 001E,E07000136,Boston,10129,4
E01026025,Boston 003C,E07000136,Boston,4228,2
E01026026,Boston 004C,E07000136,Boston,5826,2
E01026027,Boston 004D,E07000136,Boston,9257,3
E01026028,Boston 004E,E07000136,Boston,7635,3
E01026030,Boston 002C,E07000136,Boston,3010,1
E01026031,Boston 009B,E07000136,Boston,14123,5
E01026032,Boston 002D,E07000136,Boston,3852,2
E01026033,Boston 006B,E07000136,Boston,11617,4
E01026034,Boston 006C,E07000136,Boston,12415,4
E01026035,Boston 009C,E07000136,Boston,27911,9
E01026036,Boston 003D,E07000136,Boston,2409,1
E01026037,Boston 002E,E07000136,Boston,3500,2
E01026038,Boston 008D,E07000136,Boston,18013,6
E01026039,Boston 009D,E07000136,Boston,15685,5
E01026040,Boston 008E,E07000136,Boston,14391,5
E01026041,Boston 007E,E07000136,Boston,4408,2
E01026042,East Lindsey 008A,E07000137,East Lindsey,5200,2
E01026043,East Lindsey 008B,E07000137,East Lindsey,7100,3
E01026044,East Lindsey 008C,E07000137,East Lindsey,11698,4
E01026045,East Lindsey 001A,E07000137,East Lindsey,13260,4
E01026046,East Lindsey 013A,E07000137,East Lindsey,6961,3
E01026047,East Lindsey 013B,E07000137,East Lindsey,19117,6
E01026048,East Lindsey 010A,E07000137,East Lindsey,586,1
E01026049,East Lindsey 010B,E07000137,East Lindsey,4721,2
E01026050,East Lindsey 010C,E07000137,East Lindsey,6203,2
E01026051,East Lindsey 016A,E07000137,East Lindsey,18511,6
E01026052,East Lindsey 016B,E07000137,East Lindsey,15056,5
E01026053,East Lindsey 016C,E07000137,East Lindsey,18338,6
E01026054,East Lindsey 016D,E07000137,East Lindsey,6638,2
E01026055,East Lindsey 013C,E07000137,East Lindsey,10993,4
E01026056,East Lindsey 017A,E07000137,East Lindsey,4668,2
E01026057,East Lindsey 018A,E07000137,East Lindsey,8027,3
E01026058,East Lindsey 002A,E07000137,East Lindsey,16473,5
E01026059,East Lindsey 013D,E07000137,East Lindsey,9867,3
E01026060,East Lindsey 009A,E07000137,East Lindsey,10649,4
E01026061,East Lindsey 001B,E07000137,East Lindsey,25242,8
E01026062,East Lindsey 001C,E07000137,East Lindsey,19034,6
E01026063,East Lindsey 001D,E07000137,East Lindsey,24094,8
E01026064,East Lindsey 011A,E07000137,East Lindsey,5651,2
E01026065,East Lindsey 011B,E07000137,East Lindsey,21121,7
E01026066,East Lindsey 011C,E07000137,East Lindsey,21701,7
E01026067,East Lindsey 011D,E07000137,East Lindsey,9624,3
E01026068,East Lindsey 009B,E07000137,East Lindsey,10390,4
E01026069,East Lindsey 010D,E07000137,East Lindsey,903,1
E01026070,East Lindsey 009C,E07000137,East Lindsey,17583,6
E01026071,East Lindsey 007A,E07000137,East Lindsey,13725,5
E01026072,East Lindsey 005A,E07000137,East Lindsey,2058,1
E01026073,East Lindsey 005B,E07000137,East Lindsey,1252,1
E01026074,East Lindsey 005C,E07000137,East Lindsey,2153,1
E01026075,East Lindsey 018B,E07000137,East Lindsey,9375,3
E01026076,East Lindsey 002B,E07000137,East Lindsey,12537,4
E01026077,East Lindsey 003A,E07000137,East Lindsey,6655,2
E01026078,East Lindsey 003B,E07000137,East Lindsey,7885,3
E01026079,East Lindsey 002C,E07000137,East Lindsey,10759,4
E01026080,East Lindsey 001E,E07000137,East Lindsey,17263,6
E01026081,East Lindsey 004A,E07000137,East Lindsey,11286,4
E01026082,East Lindsey 007B,E07000137,East Lindsey,15111,5
E01026083,East Lindsey 015A,E07000137,East Lindsey,128,1
E01026084,East Lindsey 012A,E07000137,East Lindsey,4012,2
E01026087,East Lindsey 003C,E07000137,East Lindsey,6960,3
E01026088,East Lindsey 003D,E07000137,East Lindsey,23381,7
E01026089,East Lindsey 004C,E07000137,East Lindsey,22281,7
E01026090,East Lindsey 003E,E07000137,East Lindsey,12379,4
E01026091,East Lindsey 003F,E07000137,East Lindsey,20568,7
E01026092,East Lindsey 014A,E07000137,East Lindsey,1481,1
E01026093,East Lindsey 014B,E07000137,East Lindsey,324,1
E01026094,East Lindsey 015B,E07000137,East Lindsey,2090,1
E01026095,East Lindsey 014C,E07000137,East Lindsey,4603,2
E01026096,East Lindsey 015C,E07000137,East Lindsey,20185,6
E01026097,East Lindsey 015D,E07000137,East Lindsey,4860,2
E01026098,East Lindsey 018C,E07000137,East Lindsey,17104,6
E01026099,East Lindsey 005D,E07000137,East Lindsey,9163,3
E01026100,East Lindsey 013E,E07000137,East Lindsey,11756,4
E01026101,East Lindsey 013F,E07000137,East Lindsey,4015,2
E01026102,East Lindsey 018D,E07000137,East Lindsey,8601,3
E01026103,East Lindsey 006A,E07000137,East Lindsey,6704,2
E01026104,East Lindsey 006B,E07000137,East Lindsey,8338,3
E01026105,East Lindsey 009D,E07000137,East Lindsey,14767,5
E01026106,East Lindsey 001F,E07000137,East Lindsey,18146,6
E01026107,East Lindsey 001G,E07000137,East Lindsey,13188,4
E01026108,East Lindsey 003G,E07000137,East Lindsey,5622,2
E01026109,East Lindsey 006C,E07000137,East Lindsey,4883,2
E01026110,East Lindsey 017B,E07000137,East Lindsey,6542,2
E01026111,East Lindsey 017C,E07000137,East Lindsey,6213,2
E01026112,East Lindsey 017D,E07000137,East Lindsey,577,1
E01026113,East Lindsey 008D,E07000137,East Lindsey,8312,3
E01026114,East Lindsey 014D,E07000137,East Lindsey,1786,1
E01026115,East Lindsey 012C,E07000137,East Lindsey,2478,1
E01026116,East Lindsey 012D,E07000137,East Lindsey,7329,3
E01026117,East Lindsey 008E,E07000137,East Lindsey,8610,3
E01026118,East Lindsey 016E,E07000137,East Lindsey,26481,8
E01026119,East Lindsey 016F,E07000137,East Lindsey,26667,8
E01026120,East Lindsey 016G,E07000137,East Lindsey,16346,5
E01026121,East Lindsey 007C,E07000137,East Lindsey,10722,4
E01026122,Lincoln 004A,E07000138,Lincoln,8992,3
E01026123,Lincoln 004B,E07000138,Lincoln,7247,3
E01026124,Lincoln 004C,E07000138,Lincoln,7275,3
E01026125,Lincoln 003A,E07000138,Lincoln,9807,3
E01026126,Lincoln 004D,E07000138,Lincoln,744,1
E01026127,Lincoln 007A,E07000138,Lincoln,2582,1
E01026129,Lincoln 007C,E07000138,Lincoln,291,1
E01026130,Lincoln 009A,E07000138,Lincoln,21801,7
E01026131,Lincoln 007D,E07000138,Lincoln,6995,3
E01026132,Lincoln 005A,E07000138,Lincoln,14528,5
E01026134,Lincoln 006A,E07000138,Lincoln,7890,3
E01026135,Lincoln 008B,E07000138,Lincoln,18773,6
E01026136,Lincoln 008C,E07000138,Lincoln,23168,7
E01026137,Lincoln 011A,E07000138,Lincoln,22975,7
E01026138,Lincoln 011B,E07000138,Lincoln,23002,7
E01026139,Lincoln 011C,E07000138,Lincoln,29652,9
E01026140,Lincoln 011D,E07000138,Lincoln,9075,3
E01026141,Lincoln 011E,E07000138,Lincoln,25935,8
E01026142,Lincoln 011F,E07000138,Lincoln,4645,2
E01026144,Lincoln 003B,E07000138,Lincoln,17923,6
E01026145,Lincoln 005C,E07000138,Lincoln,19444,6
E01026146,Lincoln 005D,E07000138,Lincoln,6356,2
E01026147,Lincoln 003C,E07000138,Lincoln,21959,7
E01026148,Lincoln 003D,E07000138,Lincoln,10710,4
E01026149,Lincoln 001A,E07000138,Lincoln,3086,1
E01026150,Lincoln 001B,E07000138,Lincoln,1446,1
E01026151,Lincoln 003E,E07000138,Lincoln,16453,5
E01026152,Lincoln 004E,E07000138,Lincoln,293,1
E01026153,Lincoln 002A,E07000138,Lincoln,19520,6
E01026154,Lincoln 004F,E07000138,Lincoln,6081,2
E01026155,Lincoln 002B,E07000138,Lincoln,25557,8
E01026156,Lincoln 004G,E07000138,Lincoln,5879,2
E01026157,Lincoln 002C,E07000138,Lincoln,3564,2
E01026158,Lincoln 009B,E07000138,Lincoln,24373,8
E01026159,Lincoln 009C,E07000138,Lincoln,16810,5
E01026160,Lincoln 009D,E07000138,Lincoln,27316,9
E01026161,Lincoln 010A,E07000138,Lincoln,3283,1
E01026162,Lincoln 009E,E07000138,Lincoln,14406,5
E01026163,Lincoln 009F,E07000138,Lincoln,25259,8
E01026164,Lincoln 003F,E07000138,Lincoln,30640,10
E01026165,Lincoln 002D,E07000138,Lincoln,4478,2
E01026166,Lincoln 001C,E07000138,Lincoln,3351,1
E01026167,Lincoln 003G,E07000138,Lincoln,23667,8
E01026168,Lincoln 001D,E07000138,Lincoln,878,1
E01026169,Lincoln 011G,E07000138,Lincoln,10317,4
E01026170,Lincoln 010B,E07000138,Lincoln,4780,2
E01026171,Lincoln 011H,E07000138,Lincoln,24707,8
E01026172,Lincoln 010C,E07000138,Lincoln,3230,1
E01026173,Lincoln 010D,E07000138,Lincoln,91,1
E01026174,Lincoln 008D,E07000138,Lincoln,6482,2
E01026175,Lincoln 010E,E07000138,Lincoln,4493,2
E01026176,Lincoln 006B,E07000138,Lincoln,2703,1
E01026177,Lincoln 006C,E07000138,Lincoln,7353,3
E01026178,Lincoln 006D,E07000138,Lincoln,8427,3
E01026179,North Kesteven 008A,E07000139,North Kesteven,18384,6
E01026180,North Kesteven 007A,E07000139,North Kesteven,17299,6
E01026182,North Kesteven 003B,E07000139,North Kesteven,22979,7
E01026183,North Kesteven 007B,E07000139,North Kesteven,8148,3
E01026184,North Kesteven 004A,E07000139,North Kesteven,31792,10
E01026185,North Kesteven 004B,E07000139,North Kesteven,21416,7
E01026186,North Kesteven 001A,E07000139,North Kesteven,29065,9
E01026187,North Kesteven 001B,E07000139,North Kesteven,32182,10
E01026188,North Kesteven 004C,E07000139,North Kesteven,18909,6
E01026189,North Kesteven 001C,E07000139,North Kesteven,30851,10
E01026190,North Kesteven 004D,E07000139,North Kesteven,15781,5
E01026191,North Kesteven 005A,E07000139,North Kesteven,22743,7
E01026192,North Kesteven 006A,E07000139,North Kesteven,12858,4
E01026193,North Kesteven 003C,E07000139,North Kesteven,20181,6
E01026194,North Kesteven 006B,E07000139,North Kesteven,21755,7
E01026195,North Kesteven 006C,E07000139,North Kesteven,28463,9
E01026196,North Kesteven 006D,E07000139,North Kesteven,23523,7
E01026197,North Kesteven 008B,E07000139,North Kesteven,24208,8
E01026198,North Kesteven 008C,E07000139,North Kesteven,29015,9
E01026199,North Kesteven 003D,E07000139,North Kesteven,17898,6
E01026200,North Kesteven 012A,E07000139,North Kesteven,23966,8
E01026201,North Kesteven 012B,E07000139,North Kesteven,16367,5
E01026202,North Kesteven 012C,E07000139,North Kesteven,17150,6
E01026203,North Kesteven 001D,E07000139,North Kesteven,25494,8
E01026204,North Kesteven 001E,E07000139,North Kesteven,29517,9
E01026205,North Kesteven 005B,E07000139,North Kesteven,16739,5
E01026206,North Kesteven 001F,E07000139,North Kesteven,30879,10
E01026207,North Kesteven 012D,E07000139,North Kesteven,8787,3
E01026208,North Kesteven 012E,E07000139,North Kesteven,21903,7
E01026209,North Kesteven 009A,E07000139,North Kesteven,25407,8
E01026210,North Kesteven 007C,E07000139,North Kesteven,12678,4
E01026211,North Kesteven 005C,E07000139,North Kesteven,24652,8
E01026212,North Kesteven 005D,E07000139,North Kesteven,22089,7
E01026213,North Kesteven 005E,E07000139,North Kesteven,11878,4
E01026214,North Kesteven 014A,E07000139,North Kesteven,24735,8
E01026215,North Kesteven 014B,E07000139,North Kesteven,31198,10
E01026218,North Kesteven 014C,E07000139,North Kesteven,23972,8
E01026219,North Kesteven 014D,E07000139,North Kesteven,28044,9
E01026220,North Kesteven 013A,E07000139,North Kesteven,20868,7
E01026221,North Kesteven 009B,E07000139,North Kesteven,14816,5
E01026222,North Kesteven 009C,E07000139,North Kesteven,23040,7
E01026223,North Kesteven 008D,E07000139,North Kesteven,27702,9
E01026224,North Kesteven 007D,E07000139,North Kesteven,9359,3
E01026225,North Kesteven 003E,E07000139,North Kesteven,22946,7
E01026226,North Kesteven 003F,E07000139,North Kesteven,28452,9
E01026227,North Kesteven 010A,E07000139,North Kesteven,7917,3
E01026228,North Kesteven 011A,E07000139,North Kesteven,23594,7
E01026229,North Kesteven 011B,E07000139,North Kesteven,22815,7
E01026230,North Kesteven 010B,E07000139,North Kesteven,10963,4
E01026231,North Kesteven 010C,E07000139,North Kesteven,26965,8
E01026232,North Kesteven 010D,E07000139,North Kesteven,13936,5
E01026233,North Kesteven 011C,E07000139,North Kesteven,32298,10
E01026235,North Kesteven 010E,E07000139,North Kesteven,6262,2
E01026236,North Kesteven 011E,E07000139,North Kesteven,17797,6
E01026237,North Kesteven 004E,E07000139,North Kesteven,27266,9
E01026238,North Kesteven 004F,E07000139,North Kesteven,25889,8
E01026239,South Holland 011A,E07000140,South Holland,14921,5
E01026240,South Holland 011B,E07000140,South Holland,14468,5
E01026241,South Holland 005A,E07000140,South Holland,13659,5
E01026242,South Holland 001A,E07000140,South Holland,16502,5
E01026243,South Holland 001B,E07000140,South Holland,8594,3
E01026244,South Holland 001C,E07000140,South Holland,15684,5
E01026245,South Holland 010A,E07000140,South Holland,13257,4
E01026246,South Holland 002A,E07000140,South Holland,8453,3
E01026247,South Holland 001D,E07000140,South Holland,17019,6
E01026248,South Holland 002B,E07000140,South Holland,11649,4
E01026249,South Holland 010B,E07000140,South Holland,13050,4
E01026250,South Holland 003A,E07000140,South Holland,12272,4
E01026251,South Holland 003B,E07000140,South Holland,18834,6
E01026252,South Holland 003C,E07000140,South Holland,16314,5
E01026253,South Holland 003D,E07000140,South Holland,11615,4
E01026254,South Holland 008A,E07000140,South Holland,8014,3
E01026255,South Holland 008B,E07000140,South Holland,13552,5
E01026256,South Holland 008C,E07000140,South Holland,11018,4
E01026257,South Holland 002C,E07000140,South Holland,16100,5
E01026258,South Holland 005B,E07000140,South Holland,21968,7
E01026259,South Holland 005C,E07000140,South Holland,10960,4
E01026260,South Holland 005D,E07000140,South Holland,12181,4
E01026262,South Holland 009A,E07000140,South Holland,22481,7
E01026263,South Holland 009B,E07000140,South Holland,26318,8
E01026264,South Holland 009C,E07000140,South Holland,12403,4
E01026265,South Holland 009D,E07000140,South Holland,14399,5
E01026266,South Holland 006B,E07000140,South Holland,10081,3
E01026268,South Holland 007A,E07000140,South Holland,7051,3
E01026269,South Holland 007B,E07000140,South Holland,25827,8
E01026270,South Holland 007C,E07000140,South Holland,7102,3
E01026271,South Holland 007D,E07000140,South Holland,5334,2
E01026272,South Holland 007E,E07000140,South Holland,17096,6
E01026273,South Holland 006C,E07000140,South Holland,26020,8
E01026275,South Holland 006E,E07000140,South Holland,19910,6
E01026276,South Holland 001E,E07000140,South Holland,16110,5
E01026277,South Holland 008D,E07000140,South Holland,2945,1
E01026278,South Holland 008E,E07000140,South Holland,11912,4
E01026279,South Holland 008F,E07000140,South Holland,9332,3
E01026280,South Holland 010C,E07000140,South Holland,9768,3
E01026281,South Holland 004A,E07000140,South Holland,20980,7
E01026282,South Holland 004B,E07000140,South Holland,12745,4
E01026283,South Holland 004C,E07000140,South Holland,17457,6
E01026284,South Holland 011C,E07000140,South Holland,17374,6
E01026285,South Holland 004D,E07000140,South Holland,12813,4
E01026286,South Holland 004E,E07000140,South Holland,12160,4
E01026287,South Kesteven 015A,E07000141,South Kesteven,13635,5
E01026288,South Kesteven 015B,E07000141,South Kesteven,9509,3
E01026289,South Kesteven 015C,E07000141,South Kesteven,24863,8
E01026290,South Kesteven 008A,E07000141,South Kesteven,13910,5
E01026291,South Kesteven 002A,E07000141,South Kesteven,24660,8
E01026292,South Kesteven 007A,E07000141,South Kesteven,25497,8
E01026293,South Kesteven 007B,E07000141,South Kesteven,26218,8
E01026294,South Kesteven 007C,E07000141,South Kesteven,28908,9
E01026296,South Kesteven 011B,E07000141,South Kesteven,26536,8
E01026297,South Kesteven 011C,E07000141,South Kesteven,15722,5
E01026298,South Kesteven 011D,E07000141,South Kesteven,12961,4
E01026299,South Kesteven 010A,E07000141,South Kesteven,19806,6
E01026300,South Kesteven 010B,E07000141,South Kesteven,31356,10
E01026302,South Kesteven 010D,E07000141,South Kesteven,28922,9
E01026303,South Kesteven 014A,E07000141,South Kesteven,31579,10
E01026304,South Kesteven 014B,E07000141,South Kesteven,28502,9
E01026305,South Kesteven 014C,E07000141,South Kesteven,28690,9
E01026306,South Kesteven 014D,E07000141,South Kesteven,18541,6
E01026307,South Kesteven 014E,E07000141,South Kesteven,30227,9
E01026308,South Kesteven 005A,E07000141,South Kesteven,839,1
E01026309,South Kesteven 005B,E07000141,South Kesteven,16507,5
E01026310,South Kesteven 005C,E07000141,South Kesteven,9062,3
E01026311,South Kesteven 005D,E07000141,South Kesteven,9362,3
E01026312,South Kesteven 005E,E07000141,South Kesteven,2033,1
E01026313,South Kesteven 001A,E07000141,South Kesteven,23072,7
E01026314,South Kesteven 001B,E07000141,South Kesteven,17336,6
E01026315,South Kesteven 009A,E07000141,South Kesteven,15836,5
E01026316,South Kesteven 007D,E07000141,South Kesteven,18175,6
E01026317,South Kesteven 006A,E07000141,South Kesteven,10166,4
E01026318,South Kesteven 006B,E07000141,South Kesteven,10581,4
E01026319,South Kesteven 006C,E07000141,South Kesteven,21690,7
E01026321,South Kesteven 004B,E07000141,South Kesteven,28083,9
E01026322,South Kesteven 004C,E07000141,South Kesteven,28225,9
E01026323,South Kesteven 004D,E07000141,South Kesteven,8504,3
E01026324,South Kesteven 004E,E07000141,South Kesteven,30720,10
E01026325,South Kesteven 003A,E07000141,South Kesteven,7802,3
E01026326,South Kesteven 003B,E07000141,South Kesteven,18329,6
E01026327,South Kesteven 003C,E07000141,South Kesteven,10534,4
E01026328,South Kesteven 003D,E07000141,South Kesteven,3360,1
E01026329,South Kesteven 001C,E07000141,South Kesteven,17904,6
E01026330,South Kesteven 012A,E07000141,South Kesteven,22539,7
E01026331,South Kesteven 009B,E07000141,South Kesteven,15752,5
E01026332,South Kesteven 007E,E07000141,South Kesteven,18618,6
E01026333,South Kesteven 001D,E07000141,South Kesteven,22692,7
E01026334,South Kesteven 013A,E07000141,South Kesteven,30779,10
E01026335,South Kesteven 013B,E07000141,South Kesteven,24750,8
E01026336,South Kesteven 013C,E07000141,South Kesteven,11817,4
E01026337,South Kesteven 013D,E07000141,South Kesteven,24567,8
E01026338,South Kesteven 009C,E07000141,South Kesteven,16802,5
E01026339,South Kesteven 009D,E07000141,South Kesteven,11476,4
E01026340,South Kesteven 002B,E07000141,South Kesteven,18890,6
E01026341,South Kesteven 008B,E07000141,South Kesteven,16558,5
E01026342,South Kesteven 008C,E07000141,South Kesteven,24574,8
E01026343,South Kesteven 006D,E07000141,South Kesteven,7670,3
E01026344,South Kesteven 006E,E07000141,South Kesteven,16211,5
E01026345,South Kesteven 006F,E07000141,South Kesteven,15903,5
E01026346,South Kesteven 015D,E07000141,South Kesteven,25754,8
E01026347,South Kesteven 015E,E07000141,South Kesteven,22065,7
E01026348,South Kesteven 015F,E07000141,South Kesteven,16969,6
E01026349,South Kesteven 016A,E07000141,South Kesteven,14710,5
E01026350,South Kesteven 016B,E07000141,South Kesteven,26052,8
E01026351,South Kesteven 016C,E07000141,South Kesteven,17927,6
E01026352,South Kesteven 003E,E07000141,South Kesteven,32605,10
E01026353,South Kesteven 003F,E07000141,South Kesteven,9366,3
E01026354,South Kesteven 003G,E07000141,South Kesteven,31943,10
E01026355,South Kesteven 002C,E07000141,South Kesteven,26498,8
E01026356,South Kesteven 016D,E07000141,South Kesteven,30862,10
E01026357,South Kesteven 016E,E07000141,South Kesteven,27018,9
E01026358,South Kesteven 016F,E07000141,South Kesteven,31963,10
E01026359,South Kesteven 016G,E07000141,South Kesteven,32003,10
E01026360,South Kesteven 012B,E07000141,South Kesteven,28743,9
E01026361,South Kesteven 008D,E07000141,South Kesteven,13221,4
E01026362,South Kesteven 012C,E07000141,South Kesteven,30690,10
E01026363,South Kesteven 012D,E07000141,South Kesteven,21276,7
E01026364,South Kesteven 012E,E07000141,South Kesteven,28907,9
E01026365,South Kesteven 002D,E07000141,South Kesteven,22315,7
E01026366,West Lindsey 011A,E07000142,West Lindsey,11790,4
E01026367,West Lindsey 001A,E07000142,West Lindsey,9636,3
E01026368,West Lindsey 001B,E07000142,West Lindsey,23822,8
E01026369,West Lindsey 011B,E07000142,West Lindsey,19083,6
E01026370,West Lindsey 011C,E07000142,West Lindsey,27675,9
E01026371,West Lindsey 011D,E07000142,West Lindsey,30249,9
E01026372,West Lindsey 008A,E07000142,West Lindsey,22805,7
E01026373,West Lindsey 011E,E07000142,West Lindsey,12375,4
E01026374,West Lindsey 006A,E07000142,West Lindsey,393,1
E01026375,West Lindsey 006B,E07000142,West Lindsey,3266,1
E01026376,West Lindsey 006C,E07000142,West Lindsey,2293,1
E01026377,West Lindsey 006D,E07000142,West Lindsey,7762,3
E01026378,West Lindsey 004A,E07000142,West Lindsey,1930,1
E01026379,West Lindsey 004B,E07000142,West Lindsey,6948,3
E01026380,West Lindsey 002A,E07000142,West Lindsey,19903,6
E01026381,West Lindsey 004C,E07000142,West Lindsey,5138,2
E01026382,West Lindsey 004D,E07000142,West Lindsey,5457,2
E01026383,West Lindsey 004E,E07000142,West Lindsey,26,1
E01026384,West Lindsey 004F,E07000142,West Lindsey,2001,1
E01026385,West Lindsey 005A,E07000142,West Lindsey,13186,4
E01026386,West Lindsey 005B,E07000142,West Lindsey,6157,2
E01026387,West Lindsey 001C,E07000142,West Lindsey,17080,6
E01026388,West Lindsey 007A,E07000142,West Lindsey,21984,7
E01026389,West Lindsey 003A,E07000142,West Lindsey,11025,4
E01026390,West Lindsey 003B,E07000142,West Lindsey,8923,3
E01026391,West Lindsey 003C,E07000142,West Lindsey,19256,6
E01026392,West Lindsey 003D,E07000142,West Lindsey,20721,7
E01026393,West Lindsey 010A,E07000142,West Lindsey,31448,10
E01026394,West Lindsey 010B,E07000142,West Lindsey,25808,8
E01026395,West Lindsey 010C,E07000142,West Lindsey,29512,9
E01026396,West Lindsey 009A,E07000142,West Lindsey,28818,9
E01026398,West Lindsey 009C,E07000142,West Lindsey,16122,5
E01026399,West Lindsey 005C,E07000142,West Lindsey,19768,6
E01026400,West Lindsey 009D,E07000142,West Lindsey,23118,7
E01026401,West Lindsey 002B,E07000142,West Lindsey,26051,8
E01026402,West Lindsey 002C,E07000142,West Lindsey,25275,8
E01026403,West Lindsey 002D,E07000142,West Lindsey,13757,5
E01026404,West Lindsey 007B,E07000142,West Lindsey,16530,5
E01026405,West Lindsey 010D,E07000142,West Lindsey,29651,9
E01026406,West Lindsey 010E,E07000142,West Lindsey,29717,9
E01026407,West Lindsey 002E,E07000142,West Lindsey,11242,4
E01026408,West Lindsey 002F,E07000142,West Lindsey,15328,5
E01026409,West Lindsey 007C,E07000142,West Lindsey,14839,5
E01026410,West Lindsey 007D,E07000142,West Lindsey,9536,3
E01026411,West Lindsey 005D,E07000142,West Lindsey,16333,5
E01026412,West Lindsey 008B,E07000142,West Lindsey,20040,6
E01026413,West Lindsey 008C,E07000142,West Lindsey,30222,9
E01026414,West Lindsey 008D,E07000142,West Lindsey,17785,6
E01026415,West Lindsey 003E,E07000142,West Lindsey,7593,3
E01026416,West Lindsey 001D,E07000142,West Lindsey,13129,4
E01032683,West Lindsey 001G,E07000142,West Lindsey,22621,7
E01032986,East Lindsey 004D,E07000137,East Lindsey,10303,4
E01032987,East Lindsey 004E,E07000137,East Lindsey,10118,3
E01032988,North Kesteven 013B,E07000139,North Kesteven,18029,6
E01032989,North Kesteven 013C,E07000139,North Kesteven,27099,9
E01032991,North Kesteven 014E,E07000139,North Kesteven,28482,9
E01032992,North Kesteven 014F,E07000139,North Kesteven,18342,6
E01032993,North Kesteven 013D,E07000139,North Kesteven,32596,10
E01032994,North Kesteven 003H,E07000139,North Kesteven,25880,8
E01032995,South Holland 006F,E07000140,South Holland,8187,3
E01032996,South Holland 006G,E07000140,South Holland,23779,8
E01032997,South Kesteven 011E,E07000141,South Kesteven,21571,7
E01032998,South Kesteven 011F,E07000141,South Kesteven,28466,9
E01032999,South Kesteven 011G,E07000141,South Kesteven,30047,9
E01034679,Boston 002F,E07000136,Boston,6235,2
E01034680,Boston 002G,E07000136,Boston,2753,1
E01034681,Boston 003E,E07000136,Boston,1528,1
E01034682,Boston 003F,E07000136,Boston,4514,2
E01034683,Boston 009E,E07000136,Boston,16949,6
E01034684,Boston 009F,E07000136,Boston,15475,5
E01034685,East Lindsey 012E,E07000137,East Lindsey,6910,3
E01034686,East Lindsey 012F,E07000137,East Lindsey,14860,5
E01034687,Lincoln 005E,E07000138,Lincoln,17268,6
E01034688,Lincoln 005F,E07000138,Lincoln,14688,5
E01034689,Lincoln 007E,E07000138,Lincoln,15983,5
E01034690,Lincoln 007F,E07000138,Lincoln,17228,6
E01034691,Lincoln 008E,E07000138,Lincoln,15108,5
E01034692,Lincoln 008F,E07000138,Lincoln,11602,4
E01034693,North Kesteven 003I,E07000139,North Kesteven,28331,9
E01034694,North Kesteven 003J,E07000139,North Kesteven,26126,8
E01034695,North Kesteven 011F,E07000139,North Kesteven,24760,8
E01034696,North Kesteven 011G,E07000139,North Kesteven,32226,10
E01034697,South Holland 006H,E07000140,South Holland,27225,9
E01034698,South Holland 006I,E07000140,South Holland,26947,8
E01034699,South Holland 009F,E07000140,South Holland,18574,6
E01034700,South Holland 009G,E07000140,South Holland,18332,6
E01034701,South Kesteven 004F,E07000141,South Kesteven,30177,9
E01034702,South Kesteven 004G,E07000141,South Kesteven,32437,10
E01034703,South Kesteven 010E,E07000141,South Kesteven,30449,10
E01034704,South Kesteven 010F,E07000141,South Kesteven,29958,9
E01034705,South Kesteven 010G,E07000141,South Kesteven,29660,9
E01034706,West Lindsey 009E,E07000142,West Lindsey,25975,8
E01034707,West Lindsey 009F,E07000142,West Lindsey,23705,8
