LSOA_code,Region,LA_Code,LA_Name,Ph_pop,PhCyct,PhCyc15n,PhCyc30n,PhCyc45n,PhCyc60n,PhCyc15pct,PhCyc30pct,PhCyc45pct,PhCyc60pct,PhCart,PhCar15n,PhCar30n,PhCar45n,PhCar60n,PhCar15pct,PhCar30pct,PhCar45pct,PhCar60pct
E01026006,East Midlands,E07000136,Boston,1179,5.58262987174173,6.89312977099237,8,8,9,100,100,100,100,5.15445907081319,8,9.71246819338422,10,10,100,100,100,100
E01026007,East Midlands,E07000136,Boston,486,26.6018545749803,0,1.25925925925926,7,8,--,100,100,100,13.8504567648469,3.01851851851852,10,10,10,100,100,100,100
E01026008,East Midlands,E07000136,Boston,541,24.8812984820494,0,4.92606284658041,7,8,--,100,100,100,13.2293403310874,3.59704251386322,9.47874306839187,10,10,73.9371534195933,100,100,100
E01026009,East Midlands,E07000136,Boston,530,36.1540809026579,0,0,5.61132075471698,7.44528301886792,--,--,100,100,15.1950405547289,1.33584905660377,9.44528301886792,10,10,44.5283018867925,100,100,100
E01026010,East Midlands,E07000136,Boston,648,10.5029818983929,6,7,8,9,100,100,100,100,7.97863518883309,7,10,10,10,100,100,100,100
E01026011,East Midlands,E07000136,Boston,1140,9.07841855220494,5.55964912280702,7,8,9,100,100,100,100,7.46643843243874,7,9.61754385964912,10,10,100,100,100,100
E01026012,East Midlands,E07000136,Boston,563,9.7660979340187,2.58436944937833,7,8,9,100,100,100,100,7.63753280510323,7,10,10,10,100,100,100,100
E01026013,East Midlands,E07000136,Boston,640,10.2477163125536,3.6078125,7,8,8.853125,85.3125,100,100,100,7.93045670768051,7,10,10,10,100,100,100,100
E01026014,East Midlands,E07000136,Boston,819,14.9785350947553,1.03663003663004,7,8,8.43956043956044,43.956043956044,100,100,100,10.2059060362543,5.87912087912088,10,10,10,100,100,100,100
E01026015,East Midlands,E07000136,Boston,659,9.48108289697477,3.98027314112291,7,8,9,100,100,100,100,7.93710369552107,7,10,10,10,100,100,100,100
E01026016,East Midlands,E07000136,Boston,1012,20.4954016816222,0,1.6096837944664,4.95158102766798,9.59486166007905,--,100,100,100,10.0787279384557,2.59486166007905,10,10,10,100,100,100,100
E01026017,East Midlands,E07000136,Boston,709,26.5620853377848,0,0.684062059238364,3.45275035260931,10,--,68.4062059238364,100,100,12.3926656249966,1,10,10,10,100,100,100,100
E01026018,East Midlands,E07000136,Boston,734,16.4276436076774,0.520435967302452,6.44141689373297,9.21662125340599,10,52.0435967302452,100,100,100,9.02607856378186,7.35286103542234,10,10,10,100,100,100,100
E01026019,East Midlands,E07000136,Boston,1191,7.91819106339975,0.927791771620487,4.33669185558354,8.92779177162049,9.92779177162049,92.7791771620487,100,100,100,6.80926260205126,5.34424853064652,10,10,10,100,100,100,100
E01026020,East Midlands,E07000136,Boston,949,8.37770519064381,0.83245521601686,4.41517386722866,9.16754478398314,10,83.245521601686,100,100,100,6.35428874870099,6.2550052687039,10,10,10,100,100,100,100
E01026021,East Midlands,E07000136,Boston,786,8.80413603202688,6.88676844783715,7,8,9,100,100,100,100,7.29838348531404,7.54834605597964,10,10,10,100,100,100,100
E01026022,East Midlands,E07000136,Boston,890,11.0667657985003,3.5247191011236,7,8,9,100,100,100,100,8.50425870233937,7,10,10,10,100,100,100,100
E01026023,East Midlands,E07000136,Boston,603,49.6677288125286,0,0,0,2.318407960199,--,--,--,100,18.5011248862571,0,9.8441127694859,10,10,--,100,100,100
E01026024,East Midlands,E07000136,Boston,850,51.8295767422645,0,0,0,6.68117647058824,--,--,--,100,19.9747632722701,0,9.22823529411765,10,10,--,100,100,100
E01026025,East Midlands,E07000136,Boston,1013,6.81295443595585,7,7.85587364264561,8,9,100,100,100,100,6.29228938366414,8,9.88548864758144,10,10,100,100,100,100
E01026026,East Midlands,E07000136,Boston,840,4.9223599324016,6.46190476190476,7,8,9,100,100,100,100,4.65069906949642,7.16904761904762,10,10,10,100,100,100,100
E01026027,East Midlands,E07000136,Boston,780,8.707269346221,6.3025641025641,7,8,9,100,100,100,100,7.26735416373923,7.27948717948718,10,10,10,100,100,100,100
E01026028,East Midlands,E07000136,Boston,872,8.06437067990599,6.85894495412844,7,8,9,100,100,100,100,6.94916091773083,7.55848623853211,10,10,10,100,100,100,100
E01026029,East Midlands,E07000136,Boston,1033,12.918473814516,2.86834462729913,8,8.36592449177154,9,100,100,100,100,8.88276856497196,7.80929332042594,9.48693126815102,10,10,100,100,100,100
E01026030,East Midlands,E07000136,Boston,1020,6.44771689420655,6.46862745098039,8,8.10686274509804,9,100,100,100,100,5.92965136286758,8,9.89313725490196,10,10,100,100,100,100
E01026031,East Midlands,E07000136,Boston,633,8.98789718297518,5.60979462875197,7,8,9,100,100,100,100,7.80865156029827,7.60347551342812,10,10,10,100,100,100,100
E01026032,East Midlands,E07000136,Boston,804,5.94047957550766,6.16666666666667,7.33582089552239,8.68407960199005,9,100,100,100,100,5.44905507667791,7.70149253731343,9,10,10,100,100,100,100
E01026033,East Midlands,E07000136,Boston,809,24.7756851006715,0.386897404202719,0.520395550061805,3.59332509270705,9.68108776266996,38.6897404202719,52.0395550061805,83.8071693448702,100,12.1950406002466,1.09765142150803,10,10,10,52.0395550061805,100,100,100
E01026034,East Midlands,E07000136,Boston,815,8.60416716642034,1,1.55460122699386,4.56564417177914,10,100,100,100,100,6.96190526345978,2.55460122699386,10,10,10,100,100,100,100
E01026035,East Midlands,E07000136,Boston,893,10.4761087992038,5,8,9,9.501679731243,100,100,100,100,8.01140799835572,8.08398656215006,9,10,10,100,100,100,100
E01026036,East Midlands,E07000136,Boston,704,4.98101503624696,7,7.23153409090909,8,9,100,100,100,100,4.8948550080997,8,10,10,10,100,100,100,100
E01026037,East Midlands,E07000136,Boston,615,7.99287598502367,6.8,7,8,9,100,100,100,100,7.41149745069948,7.24390243902439,10,10,10,100,100,100,100
E01026038,East Midlands,E07000136,Boston,588,11.3349532939935,5.94557823129252,7,8,9,100,100,100,100,8.73982857098089,7,10,10,10,100,100,100,100
E01026039,East Midlands,E07000136,Boston,505,14.872264496354,0.516831683168317,8,9,10,51.6831683168317,100,100,100,8.93283472474942,7.73069306930693,9.75247524752475,10,10,100,100,100,100
E01026040,East Midlands,E07000136,Boston,509,15.5279555715061,0.982318271119843,8,8.73477406679764,9.73477406679764,49.1159135559921,100,100,100,9.11049000848125,8,9.26522593320236,10,10,100,100,100,100
E01026041,East Midlands,E07000136,Boston,628,16.7076491102206,0,8,9,10,--,100,100,100,9.23280319991468,8.19267515923567,10,10,10,100,100,100,100
E01026042,East Midlands,E07000137,East Lindsey,683,5.85760969804558,1,1,2.20937042459736,8,100,100,100,100,5.5987247778173,1,10,10,10,100,100,100,100
E01026043,East Midlands,E07000137,East Lindsey,733,7.23129725556654,1,1,1,8,100,100,100,100,6.31936590497337,1,10,10,10,100,100,100,100
E01026044,East Midlands,E07000137,East Lindsey,598,19.6429562121297,0.40133779264214,1.41973244147157,4.61705685618729,8.24080267558528,40.133779264214,100,100,100,9.9709084410323,2.15217391304348,10,10,10,100,100,100,100
E01026045,East Midlands,E07000137,East Lindsey,877,39.8452955007814,0,1.03534777651083,2.17673888255416,4.89851767388826,--,25.8836944127708,50.1710376282782,100,16.5154470711874,1.71493728620296,10,10,10,42.8734321550741,100,100,100
E01026046,East Midlands,E07000137,East Lindsey,540,30.2246809262188,0,1.18518518518519,8,10,--,23.7037037037037,100,100,13.2054789026244,4.72592592592593,10,10,10,100,100,100,100
E01026047,East Midlands,E07000137,East Lindsey,598,32.1717482204883,0,0,8,10,--,--,100,100,14.578791414702,2.90635451505017,10,10,10,62.3745819397993,100,100,100
E01026048,East Midlands,E07000137,East Lindsey,770,8.14575477469337,1,3,3.64415584415584,10,100,100,100,100,6.76717206593478,3,10,10,10,100,100,100,100
E01026049,East Midlands,E07000137,East Lindsey,739,16.2706724283901,0.179972936400541,2.25304465493911,3.51691474966171,9.74154262516915,17.9972936400541,100,100,100,10.392134525446,2.4830852503383,10,10,10,100,100,100,100
E01026050,East Midlands,E07000137,East Lindsey,813,8.01874688257799,1,3,3.17466174661747,10,100,100,100,100,6.81335640867051,3,10,10,10,100,100,100,100
E01026051,East Midlands,E07000137,East Lindsey,534,9.91701332384259,0.917602996254682,1,1.91760299625468,3.83520599250936,91.7602996254682,100,100,100,7.01269550876887,1.91760299625468,9.08239700374532,10,10,100,100,100,100
E01026052,East Midlands,E07000137,East Lindsey,655,11.1330138778526,0.622900763358779,1,1.62290076335878,3.24580152671756,62.2900763358779,100,100,100,8.3281232727008,1,7.45038167938931,10,10,100,100,100,100
E01026053,East Midlands,E07000137,East Lindsey,777,11.5128476469196,1,1.46203346203346,2,2.94851994851995,100,100,100,100,8.03866226667863,2,9.08236808236808,10,10,100,100,100,100
E01026054,East Midlands,E07000137,East Lindsey,738,8.12042982490439,1,1.23577235772358,2,3.17479674796748,100,100,100,100,6.41202635483784,1.94173441734417,8.02710027100271,10,10,100,100,100,100
E01026055,East Midlands,E07000137,East Lindsey,493,28.6799903757945,0,0.705882352941177,2.65922920892495,5.61866125760649,--,70.5882352941177,100,100,13.4404939885327,0.86815415821501,9.73833671399594,10,10,86.815415821501,100,100,100
E01026056,East Midlands,E07000137,East Lindsey,482,15.7202137515076,0.506224066390041,2.62863070539419,5.649377593361,9,50.6224066390041,100,100,100,8.93970938747765,3.81742738589212,9.73236514522821,10,10,100,100,100,100
E01026057,East Midlands,E07000137,East Lindsey,839,38.8055843493315,0,1.1311084624553,4.6388557806913,7.53635280095352,--,29.4398092967819,66.26936829559,100,16.3860184601445,1.48748510131108,10,10,10,29.4398092967819,100,100,100
E01026058,East Midlands,E07000137,East Lindsey,930,33.4490109623668,0,0,4,4,--,--,100,100,13.7429445899766,1.86774193548387,9.04516129032258,10,10,91.505376344086,100,100,100
E01026059,East Midlands,E07000137,East Lindsey,460,16.6105269658143,0.421739130434783,1,1,1.66086956521739,42.1739130434783,100,100,100,10.504377903882,1,8.70434782608696,10,10,100,100,100,100
E01026060,East Midlands,E07000137,East Lindsey,576,27.876261816765,0,0.803819444444444,1,2.35763888888889,--,80.3819444444444,100,100,13.5508591264554,0.803819444444444,7.03645833333333,10,10,80.3819444444444,100,100,100
E01026061,East Midlands,E07000137,East Lindsey,511,9.45374461088072,1,5,10,10,100,100,100,100,7.66644793920942,3.75342465753425,10,10,10,100,100,100,100
E01026062,East Midlands,E07000137,East Lindsey,533,8.65674588795729,1,5,10,10,100,100,100,100,7.2392353425111,4.49343339587242,10,10,10,100,100,100,100
E01026063,East Midlands,E07000137,East Lindsey,566,5.42690362375871,1.25795053003534,6.25795053003534,10,10,100,100,100,100,5.01358611741149,6.03886925795053,10,10,10,100,100,100,100
E01026064,East Midlands,E07000137,East Lindsey,665,9.64529746691608,2,2,3,4,100,100,100,100,8.20370188987363,2,7.21804511278195,10,10,100,100,100,100
E01026065,East Midlands,E07000137,East Lindsey,843,8.28031957100427,2,2,2,4,100,100,100,100,7.01184179745413,2,7.29181494661922,10,10,100,100,100,100
E01026066,East Midlands,E07000137,East Lindsey,892,9.69256475020943,1.87107623318386,2,2.73094170403587,3.85986547085202,100,100,100,100,7.73228447617582,2,8.86995515695067,10,10,100,100,100,100
E01026067,East Midlands,E07000137,East Lindsey,950,5.81640204920228,2,2,2.81473684210526,4,100,100,100,100,5.37689690270866,2,6.06736842105263,10,10,100,100,100,100
E01026068,East Midlands,E07000137,East Lindsey,960,24.4213217314873,0.207291666666667,0.6875,1.13958333333333,3.39479166666667,20.7291666666667,68.75,100,100,12.3090553568065,0.911458333333333,7.80833333333333,10,10,91.1458333333333,100,100,100
E01026069,East Midlands,E07000137,East Lindsey,997,7.59015967818005,2,4.74423269809428,8,8.71213640922768,100,100,100,100,6.23453539899661,5.64794383149448,10,10,10,100,100,100,100
E01026070,East Midlands,E07000137,East Lindsey,853,23.8542613468991,0.23915592028136,3.54044548651817,4,4.11488862837046,7.97186400937866,88.5111371629543,100,100,11.2307675275012,3.54044548651817,8.96483001172333,10,10,88.5111371629543,100,100,100
E01026071,East Midlands,E07000137,East Lindsey,968,44.4837760872139,0,0,0.389462809917355,4.40392561983471,--,--,34.0909090909091,100,18.2469989680995,0,8.60330578512397,10,10,--,100,100,100
E01026072,East Midlands,E07000137,East Lindsey,903,6.55592107075232,3,5,5,6,100,100,100,100,5.91424464202996,5,6.99667774086379,10,10,100,100,100,100
E01026073,East Midlands,E07000137,East Lindsey,959,5.82045140732873,3,5,5,6,100,100,100,100,5.58633562080669,5,6.66736183524505,10,10,100,100,100,100
E01026074,East Midlands,E07000137,East Lindsey,982,9.62174967366886,3,5,5,6,100,100,100,100,8.02323785026688,5,6.13849287169043,10,10,100,100,100,100
E01026075,East Midlands,E07000137,East Lindsey,944,31.0641436026647,0,0.247881355932203,2.20762711864407,4.11334745762712,--,24.7881355932203,100,100,13.3006927477153,0.973516949152542,7.9364406779661,10,10,88.6652542372881,100,100,100
E01026076,East Midlands,E07000137,East Lindsey,948,45.1200380118388,0,0.443037974683544,1.46940928270042,5.27004219409283,--,11.0759493670886,48.5232067510549,100,19.8662735565653,0.110759493670886,9.59493670886076,10,10,11.0759493670886,100,100,100
E01026077,East Midlands,E07000137,East Lindsey,511,10.5520633994693,4,4,4,4,100,100,100,100,8.0277042397311,4,4.26614481409002,4.26614481409002,7.26614481409002,100,100,100,100
E01026078,East Midlands,E07000137,East Lindsey,480,10.5050046531513,4,4,4,4,100,100,100,100,8.37930212839685,4,4.2375,4.2375,4.2375,100,100,100,100
E01026079,East Midlands,E07000137,East Lindsey,858,66.2174435794543,0,0,0,0.442890442890443,--,--,--,11.0722610722611,23.0816066292917,0,9.74825174825175,10,10,--,100,100,100
E01026080,East Midlands,E07000137,East Lindsey,867,32.0816780330597,0,0.65282583621684,3.56862745098039,10,--,65.282583621684,100,100,14.0883995961084,2.05420991926182,10,10,10,74.8558246828143,100,100,100
E01026081,East Midlands,E07000137,East Lindsey,1195,4.69281795636872,4,4,4,4,100,100,100,100,4.44583957791428,4,5.22092050209205,5.22092050209205,10,100,100,100,100
E01026082,East Midlands,E07000137,East Lindsey,1022,27.5774409414899,0,0.831702544031311,3.32485322896282,4.43444227005871,--,77.3972602739726,100,100,12.5099213491881,1.44618395303327,7.8013698630137,10,10,87.7690802348337,100,100,100
E01026083,East Midlands,E07000137,East Lindsey,810,10.652660625905,5,6.27777777777778,8,9,100,100,100,100,8.00117773123931,5.82469135802469,10,10,10,100,100,100,100
E01026084,East Midlands,E07000137,East Lindsey,696,10.07276423802,5,6.79454022988506,8.4066091954023,9,100,100,100,100,7.42853657918993,6.56752873563218,9.86494252873563,10,10,100,100,100,100
E01026085,East Midlands,E07000137,East Lindsey,1114,14.730263611939,2.31597845601436,6.8096947935368,8.7818671454219,9,59.245960502693,100,100,100,9.75311096131016,6.39048473967684,10,10,10,100,100,100,100
E01026087,East Midlands,E07000137,East Lindsey,498,11.1423635924533,4,4,4,4,100,100,100,100,8.87388740762488,4,6.73092369477912,8.26104417670683,10,100,100,100,100
E01026088,East Midlands,E07000137,East Lindsey,558,11.121761680695,3.72222222222222,4,4,4,100,100,100,100,8.84343560606415,4,6.2921146953405,8.81003584229391,10,100,100,100,100
E01026089,East Midlands,E07000137,East Lindsey,987,6.17157296751613,4,4,4,4,100,100,100,100,5.59896449119147,4,5.24721377912867,5.24721377912867,10,100,100,100,100
E01026090,East Midlands,E07000137,East Lindsey,621,8.28139154897982,4,4,4,4,100,100,100,100,6.99997778325677,4,7.0048309178744,10,10,100,100,100,100
E01026091,East Midlands,E07000137,East Lindsey,486,9.0524786068843,4,4,4,4,100,100,100,100,7.00880344606872,4,8.31275720164609,10,10,100,100,100,100
E01026092,East Midlands,E07000137,East Lindsey,641,4.20648427301817,5,6.40561622464899,8,9,100,100,100,100,3.99591655103681,6.59594383775351,10,10,10,100,100,100,100
E01026093,East Midlands,E07000137,East Lindsey,867,5.27765107528378,5,6.72087658592849,8,9,100,100,100,100,4.92190422537118,6.61130334486736,10,10,10,100,100,100,100
E01026094,East Midlands,E07000137,East Lindsey,850,9.62390477944085,5,5.70823529411765,8,9,100,100,100,100,7.51438698139667,5.84705882352941,10,10,10,100,100,100,100
E01026095,East Midlands,E07000137,East Lindsey,491,9.73916602497973,4.46843177189409,5.74541751527495,8,9,100,100,100,100,7.669783431239,5.22199592668024,10,10,10,100,100,100,100
E01026096,East Midlands,E07000137,East Lindsey,624,11.590571800403,4,5,8,9,100,100,100,100,8.96032486494832,5,9.81410256410256,10,10,100,100,100,100
E01026097,East Midlands,E07000137,East Lindsey,785,8.17484508517762,5,6,8,9,100,100,100,100,7.60327466709513,5.17707006369427,10,10,10,100,100,100,100
E01026098,East Midlands,E07000137,East Lindsey,896,35.7548375289495,0,0,6.05580357142857,7.74330357142857,--,--,100,100,14.5152888518042,1.34933035714286,10,10,10,74.3303571428571,100,100,100
E01026099,East Midlands,E07000137,East Lindsey,905,41.7975429461948,0,0.805524861878453,2,4.72375690607735,--,26.8508287292818,59.6685082872928,100,16.2304316198434,1.04088397790055,10,10,10,34.6961325966851,100,100,100
E01026100,East Midlands,E07000137,East Lindsey,823,7.05668107358546,1,1,1,2.2636695018226,100,100,100,100,6.71183185744388,1,10,10,10,100,100,100,100
E01026101,East Midlands,E07000137,East Lindsey,602,6.66197233881666,1,1,1,2,100,100,100,100,6.6422343663739,1,9.04485049833887,10,10,100,100,100,100
E01026102,East Midlands,E07000137,East Lindsey,963,47.2032158948607,0,0,0.279335410176532,3.25649013499481,--,--,27.9335410176532,100,19.2216485257876,0,9.24299065420561,10,10,--,100,100,100
E01026103,East Midlands,E07000137,East Lindsey,1027,5.75052914200315,2,5,5.42161635832522,7,100,100,100,100,5.68063693807266,5,9,10,10,100,100,100,100
E01026104,East Midlands,E07000137,East Lindsey,1105,10.9294394682097,2,4.85972850678733,5.23619909502262,7.23619909502262,100,100,100,100,7.85135161084022,4.08054298642534,9,10,10,100,100,100,100
E01026105,East Midlands,E07000137,East Lindsey,977,29.9330679362769,0,0.72057318321392,2.22517911975435,3.77993858751279,--,36.028659160696,100,100,14.1679914244446,1.11668372569089,8.20163766632549,10,10,63.2548618219038,100,100,100
E01026106,East Midlands,E07000137,East Lindsey,509,21.6202996128769,0,2.475442043222,10,10,--,100,100,100,11.6731361349746,5.16502946954813,10,10,10,100,100,100,100
E01026107,East Midlands,E07000137,East Lindsey,492,35.4676939955717,0,0.841463414634146,4.41056910569106,8.33333333333333,--,28.0487804878049,66.6666666666667,100,17.595053376863,1.40243902439024,10,10,10,28.0487804878049,100,100,100
E01026108,East Midlands,E07000137,East Lindsey,1070,10.270969685478,4,4,4,4,100,100,100,100,8.03908348268846,4,8.3214953271028,10,10,100,100,100,100
E01026109,East Midlands,E07000137,East Lindsey,1170,10.0107506296697,2.95982905982906,5,5,6.41709401709402,100,100,100,100,7.96873157834214,5,7.96837606837607,10,10,100,100,100,100
E01026110,East Midlands,E07000137,East Lindsey,656,9.68644402420347,0.913109756097561,1,5.5655487804878,6.52591463414634,91.3109756097561,100,100,100,7.7264787647238,1.8780487804878,9,10,10,100,100,100,100
E01026111,East Midlands,E07000137,East Lindsey,664,27.8658448653007,0,0.831325301204819,1,4.5210843373494,--,83.1325301204819,100,100,13.3817205239066,0.831325301204819,9.49397590361446,10,10,83.1325301204819,100,100,100
E01026112,East Midlands,E07000137,East Lindsey,510,6.14144810418783,1,1,6,7.47450980392157,100,100,100,100,5.22590505818638,2.73529411764706,9,10,10,100,100,100,100
E01026113,East Midlands,E07000137,East Lindsey,903,30.0951047637379,0,0.471760797342193,3.84274640088594,8.37209302325581,--,47.1760797342193,100,100,13.9863755249016,0.719822812846069,9.78073089700997,10,10,71.9822812846069,100,100,100
E01026114,East Midlands,E07000137,East Lindsey,743,7.64157261849715,5,7,8.35127860026918,9,100,100,100,100,6.70997341802125,7,10,10,10,100,100,100,100
E01026115,East Midlands,E07000137,East Lindsey,817,15.2823017930116,0.915544675642595,7,8,9,32.0685434516524,100,100,100,9.21705816314281,7,10,10,10,100,100,100,100
E01026116,East Midlands,E07000137,East Lindsey,726,11.0376779245802,4.15289256198347,7,8.71625344352617,9,100,100,100,100,8.0429288144707,7,10,10,10,100,100,100,100
E01026117,East Midlands,E07000137,East Lindsey,792,33.2957190802667,0,0.718434343434343,3.6780303030303,7.56818181818182,--,33.459595959596,83.0808080808081,100,14.2070630250779,1.77020202020202,10,10,10,61.7424242424242,100,100,100
E01026118,East Midlands,E07000137,East Lindsey,790,10.2506663847509,1,1,2.32405063291139,4.39367088607595,100,100,100,100,7.83000594303056,1.67848101265823,7.7126582278481,10,10,100,100,100,100
E01026119,East Midlands,E07000137,East Lindsey,510,11.66730652863,0.758823529411765,1.24117647058824,3.21960784313726,4,75.8823529411765,100,100,100,8.21245002747411,1.76470588235294,6.51764705882353,10,10,100,100,100,100
E01026120,East Midlands,E07000137,East Lindsey,674,6.99077028459844,1,1,2.65281899109792,4,100,100,100,100,5.91425398991391,2,8.14540059347181,10,10,100,100,100,100
E01026121,East Midlands,E07000137,East Lindsey,1126,10.97836522499,0.728241563055062,1,1.6145648312611,3.18738898756661,72.8241563055062,100,100,100,7.06164454847384,1,9.0639431616341,10,10,100,100,100,100
E01026122,East Midlands,E07000138,Lincoln,771,5.16267903908241,10,10,10,10,100,100,100,100,5.06394163254148,10,10,10,10,100,100,100,100
E01026123,East Midlands,E07000138,Lincoln,1038,9.89626399844749,4.58574181117534,10,10,10,100,100,100,100,7.57232102387396,10,10,10,10,100,100,100,100
E01026124,East Midlands,E07000138,Lincoln,664,6.77216385033222,9.79969879518072,10,10,10,100,100,100,100,5.85838649893195,10,10,10,10,100,100,100,100
E01026125,East Midlands,E07000138,Lincoln,515,9.34519204867481,10,10,10,10,100,100,100,100,7.31540330485101,10,10,10,10,100,100,100,100
E01026126,East Midlands,E07000138,Lincoln,877,4.01559613319012,10,10,10,10,100,100,100,100,3.9804027994286,10,10,10,10,100,100,100,100
E01026127,East Midlands,E07000138,Lincoln,658,7.75745351386855,2,10,10,10,100,100,100,100,6.85099425241841,8.79331306990881,10,10,10,100,100,100,100
E01026128,East Midlands,E07000138,Lincoln,1220,9.49567957449925,2,10,10,10,100,100,100,100,7.83114916645141,9.64590163934426,10,10,10,100,100,100,100
E01026129,East Midlands,E07000138,Lincoln,726,8.25832696769904,2,10,10,10,100,100,100,100,7.28716903119602,8.9297520661157,10,10,10,100,100,100,100
E01026130,East Midlands,E07000138,Lincoln,605,11.6626541275489,2.39338842975207,10,10,10,100,100,100,100,8.83965779329887,7.52231404958678,10,10,10,100,100,100,100
E01026131,East Midlands,E07000138,Lincoln,614,7.96151294039624,2.18241042345277,10,10,10,100,100,100,100,7.03166792238946,9.27035830618892,10,10,10,100,100,100,100
E01026132,East Midlands,E07000138,Lincoln,808,6.45816773229594,10,10,10,10,100,100,100,100,6.39103402240223,10,10,10,10,100,100,100,100
E01026133,East Midlands,E07000138,Lincoln,1024,9.2165501345438,10,10,10,10,100,100,100,100,8.29869259459741,10,10,10,10,100,100,100,100
E01026134,East Midlands,E07000138,Lincoln,788,8.28734252127352,9.83502538071066,10,10,10,100,100,100,100,7.17278338394477,10,10,10,10,100,100,100,100
E01026135,East Midlands,E07000138,Lincoln,695,7.87718577841028,6.66762589928058,10,10,10,100,100,100,100,6.64232369802394,10,10,10,10,100,100,100,100
E01026136,East Midlands,E07000138,Lincoln,634,9.78553210689284,3.49369085173502,10,10,10,100,100,100,100,7.98883014064679,10,10,10,10,100,100,100,100
E01026137,East Midlands,E07000138,Lincoln,478,7.63612955577945,2.77196652719665,10,10,10,100,100,100,100,6.6928729261543,10,10,10,10,100,100,100,100
E01026138,East Midlands,E07000138,Lincoln,636,4.83883920013604,2.33647798742138,10,10,10,100,100,100,100,4.64798844840772,10,10,10,10,100,100,100,100
E01026139,East Midlands,E07000138,Lincoln,511,8.97533788713991,5.27397260273973,10,10,10,100,100,100,100,8.2588709270533,10,10,10,10,100,100,100,100
E01026140,East Midlands,E07000138,Lincoln,643,6.14625197823592,1.56143079315708,10,10,10,100,100,100,100,5.95066141083485,10,10,10,10,100,100,100,100
E01026141,East Midlands,E07000138,Lincoln,574,10.3045239664876,5.10801393728223,10,10,10,100,100,100,100,8.63792337883776,10,10,10,10,100,100,100,100
E01026142,East Midlands,E07000138,Lincoln,522,10.1114918239655,3.26053639846743,10,10,10,100,100,100,100,8.32623389132561,10,10,10,10,100,100,100,100
E01026143,East Midlands,E07000138,Lincoln,732,2.84191497975708,10,10,10,10,100,100,100,100,2.84191497975708,10,10,10,10,100,100,100,100
E01026144,East Midlands,E07000138,Lincoln,647,7.14661671364379,10,10,10,10,100,100,100,100,6.43476045508585,10,10,10,10,100,100,100,100
E01026145,East Midlands,E07000138,Lincoln,638,5.58117534619274,10,10,10,10,100,100,100,100,5.20272554517247,10,10,10,10,100,100,100,100
E01026146,East Midlands,E07000138,Lincoln,748,5.48846855597175,10,10,10,10,100,100,100,100,5.35475920995352,10,10,10,10,100,100,100,100
E01026147,East Midlands,E07000138,Lincoln,1055,9.25513882898968,6.21232227488152,10,10,10,100,100,100,100,7.24321235494398,10,10,10,10,100,100,100,100
E01026148,East Midlands,E07000138,Lincoln,965,4.23679320113314,10,10,10,10,100,100,100,100,4.15593766619328,10,10,10,10,100,100,100,100
E01026149,East Midlands,E07000138,Lincoln,816,11.123304642175,3.84803921568627,10,10,10,100,100,100,100,8.11869409594486,10,10,10,10,100,100,100,100
E01026150,East Midlands,E07000138,Lincoln,790,11.8683699557357,3,10,10,10,100,100,100,100,8.35881617578419,10,10,10,10,100,100,100,100
E01026151,East Midlands,E07000138,Lincoln,860,8.1821833840654,7.16395348837209,10,10,10,100,100,100,100,6.89597835970956,10,10,10,10,100,100,100,100
E01026152,East Midlands,E07000138,Lincoln,582,8.10477928721745,4.49828178694158,10,10,10,100,100,100,100,7.03209209652643,10,10,10,10,100,100,100,100
E01026153,East Midlands,E07000138,Lincoln,1123,8.83594383863631,3.28762243989314,10,10,10,100,100,100,100,7.61537835135898,10,10,10,10,100,100,100,100
E01026154,East Midlands,E07000138,Lincoln,528,8.34308031976091,6.46780303030303,10,10,10,100,100,100,100,7.42785556907064,10,10,10,10,100,100,100,100
E01026155,East Midlands,E07000138,Lincoln,767,12.1237707121741,3,10,10,10,100,100,100,100,8.99901309152093,10,10,10,10,100,100,100,100
E01026156,East Midlands,E07000138,Lincoln,488,8.56393759512901,6.55327868852459,10,10,10,100,100,100,100,7.37870311550796,10,10,10,10,100,100,100,100
E01026157,East Midlands,E07000138,Lincoln,647,8.43801334998112,3.31839258114374,10,10,10,100,100,100,100,7.3978926295018,10,10,10,10,100,100,100,100
E01026158,East Midlands,E07000138,Lincoln,667,11.2987805117298,2,10,10,10,100,100,100,100,8.91803479144797,10,10,10,10,100,100,100,100
E01026159,East Midlands,E07000138,Lincoln,663,9.17477023614419,2,10,10,10,100,100,100,100,7.59186488080669,10,10,10,10,100,100,100,100
E01026160,East Midlands,E07000138,Lincoln,624,9.34073103702778,2,10,10,10,100,100,100,100,7.95637533910848,9.78365384615385,10,10,10,100,100,100,100
E01026161,East Midlands,E07000138,Lincoln,695,11.1284708524897,1.78705035971223,10,10,10,100,100,100,100,8.58920316497627,10,10,10,10,100,100,100,100
E01026162,East Midlands,E07000138,Lincoln,639,12.1168318724201,1.75430359937402,10,10,10,100,100,100,100,9.30634957579902,10,10,10,10,100,100,100,100
E01026163,East Midlands,E07000138,Lincoln,620,11.3517637900321,2.43548387096774,10,10,10,100,100,100,100,8.62472325972525,10,10,10,10,100,100,100,100
E01026164,East Midlands,E07000138,Lincoln,575,9.0563699698415,7.73391304347826,10,10,10,100,100,100,100,7.56005557521825,10,10,10,10,100,100,100,100
E01026165,East Midlands,E07000138,Lincoln,737,5.6155010703276,4.32428765264586,10,10,10,100,100,100,100,5.02351813733196,10,10,10,10,100,100,100,100
E01026166,East Midlands,E07000138,Lincoln,553,8.92449109350152,4.04701627486438,10,10,10,100,100,100,100,7.29403879684855,10,10,10,10,100,100,100,100
E01026167,East Midlands,E07000138,Lincoln,798,7.10532833720967,10,10,10,10,100,100,100,100,6.52122674289689,10,10,10,10,100,100,100,100
E01026168,East Midlands,E07000138,Lincoln,634,9.98718405731263,3,10,10,10,100,100,100,100,8.10562496960804,10,10,10,10,100,100,100,100
E01026169,East Midlands,E07000138,Lincoln,774,9.92831685657713,3.97416020671835,10,10,10,100,100,100,100,8.29684347171525,10,10,10,10,100,100,100,100
E01026170,East Midlands,E07000138,Lincoln,608,8.72624477657058,5.25164473684211,10,10,10,100,100,100,100,7.09205843128979,10,10,10,10,100,100,100,100
E01026171,East Midlands,E07000138,Lincoln,688,9.62378192715009,4.50581395348837,10,10,10,100,100,100,100,8.39608669781951,10,10,10,10,100,100,100,100
E01026172,East Midlands,E07000138,Lincoln,592,6.82623346679322,2.97972972972973,10,10,10,100,100,100,100,6.29945792343983,10,10,10,10,100,100,100,100
E01026173,East Midlands,E07000138,Lincoln,718,7.37264758962367,3.43593314763231,10,10,10,100,100,100,100,6.58610941467261,10,10,10,10,100,100,100,100
E01026174,East Midlands,E07000138,Lincoln,623,4.61842139984372,8.30979133226324,10,10,10,100,100,100,100,3.96948527348557,10,10,10,10,100,100,100,100
E01026175,East Midlands,E07000138,Lincoln,908,6.99607612561658,4.28744493392071,10,10,10,100,100,100,100,5.92408024570729,10,10,10,10,100,100,100,100
E01026176,East Midlands,E07000138,Lincoln,918,3.75356042036643,10,10,10,10,100,100,100,100,3.69318131344659,10,10,10,10,100,100,100,100
E01026177,East Midlands,E07000138,Lincoln,799,5.12570252187339,10,10,10,10,100,100,100,100,5.12570252187339,10,10,10,10,100,100,100,100
E01026178,East Midlands,E07000138,Lincoln,794,8.06447456667908,10,10,10,10,100,100,100,100,7.29733404342052,10,10,10,10,100,100,100,100
E01026179,East Midlands,E07000139,North Kesteven,456,26.9742350032042,0,0.331140350877193,3,8.39912280701754,--,33.1140350877193,100,100,12.4527714906229,1,10,10,10,100,100,100,100
E01026180,East Midlands,E07000139,North Kesteven,631,23.3463457205651,0,0.893819334389857,3.24088748019017,6.42630744849445,--,89.3819334389857,100,100,10.603540552403,1.56735340729002,9.74643423137876,10,10,100,100,100,100
E01026182,East Midlands,E07000139,North Kesteven,604,22.7257976892328,0,1,6.79304635761589,10,--,100,100,100,11.3969055138504,1,10,10,10,100,100,100,100
E01026183,East Midlands,E07000139,North Kesteven,1144,35.7666187904597,0,0.203671328671329,1.94493006993007,4.20541958041958,--,20.3671328671329,100,100,14.6287336126457,0.307692307692308,9.55769230769231,10,10,30.7692307692308,100,100,100
E01026184,East Midlands,E07000139,North Kesteven,530,9.15494800977053,1,5.90566037735849,10,10,100,100,100,100,8.19899168641552,4.56792452830189,10,10,10,100,100,100,100
E01026185,East Midlands,E07000139,North Kesteven,846,5.40495780691513,1,8.30851063829787,10,10,100,100,100,100,4.86231288945869,5.95862884160757,10,10,10,100,100,100,100
E01026186,East Midlands,E07000139,North Kesteven,721,7.78325176800562,1.62274618585298,10,10,10,100,100,100,100,6.90157564122199,8.69486823855756,10,10,10,100,100,100,100
E01026187,East Midlands,E07000139,North Kesteven,782,10.1175342161361,1,10,10,10,100,100,100,100,8.16617961156072,7.99488491048593,10,10,10,100,100,100,100
E01026188,East Midlands,E07000139,North Kesteven,1088,8.76757125911441,1,10,10,10,100,100,100,100,7.16592689362439,6.87959558823529,10,10,10,100,100,100,100
E01026189,East Midlands,E07000139,North Kesteven,845,10.2801589858864,1,8.59408284023669,10,10,100,100,100,100,8.42294147162191,5.76923076923077,10,10,10,100,100,100,100
E01026190,East Midlands,E07000139,North Kesteven,674,6.56479527258023,1,3.32047477744807,10,10,100,100,100,100,6.22727212446684,4.54747774480712,10,10,10,100,100,100,100
E01026191,East Midlands,E07000139,North Kesteven,727,17.4993435227124,0.379642365887208,1.88583218707015,8.05502063273728,10,37.9642365887208,100,100,100,9.85936714992239,2.58872077028886,10,10,10,100,100,100,100
E01026192,East Midlands,E07000139,North Kesteven,518,40.2529450073117,0,0,4.31853281853282,10,--,--,100,100,16.7080231714288,0,10,10,10,--,100,100,100
E01026193,East Midlands,E07000139,North Kesteven,643,23.1680304820962,0,1.07620528771384,4.18662519440124,10,--,62.3639191290824,100,100,12.2481876884881,1.35458786936236,10,10,10,100,100,100,100
E01026194,East Midlands,E07000139,North Kesteven,838,6.67757300126228,1,1,3.44749403341289,10,100,100,100,100,5.76554882038756,1.69928400954654,10,10,10,100,100,100,100
E01026195,East Midlands,E07000139,North Kesteven,849,12.3430929083522,0.56301531213192,2.24617196702002,7.21672555948174,10,56.301531213192,100,100,100,7.78492839321768,2.72909305064782,10,10,10,100,100,100,100
E01026196,East Midlands,E07000139,North Kesteven,681,21.1018008017899,0.298091042584435,0.731277533039648,1.29809104258443,5.58443465491924,29.8091042584435,73.1277533039648,100,100,10.3100987185585,1.29809104258443,10,10,10,100,100,100,100
E01026197,East Midlands,E07000139,North Kesteven,631,29.6333354222058,0,1.00792393026941,5,6.20443740095087,--,50.3961965134707,100,100,12.9426856286955,2.93819334389857,9,10,10,100,100,100,100
E01026198,East Midlands,E07000139,North Kesteven,465,36.8783876404157,0,0,4.16129032258065,6,--,--,100,100,15.342038843335,0.356989247311828,9.64301075268817,10,10,35.6989247311828,100,100,100
E01026199,East Midlands,E07000139,North Kesteven,996,26.9778289673589,0,2.55220883534137,8.17971887550201,10,--,38.5542168674699,100,100,12.8206658244032,3.25903614457831,10,10,10,100,100,100,100
E01026200,East Midlands,E07000139,North Kesteven,726,9.04294482638985,0.81129476584022,1,4.43388429752066,7,81.129476584022,100,100,100,6.60176694536636,2.08402203856749,8.55509641873278,10,10,100,100,100,100
E01026201,East Midlands,E07000139,North Kesteven,896,15.8779524912365,0.4140625,1,2.99553571428571,7.01004464285714,41.40625,100,100,100,9.87220278762603,1,9.1796875,10,10,100,100,100,100
E01026202,East Midlands,E07000139,North Kesteven,891,7.47214587179109,1,1,5,7,100,100,100,100,6.82545790803318,2.35241301907969,8.45566778900112,10,10,100,100,100,100
E01026203,East Midlands,E07000139,North Kesteven,838,9.45844323692427,1.92482100238663,9.83174224343675,10,10,100,100,100,100,7.96530751585498,5.91050119331742,10,10,10,100,100,100,100
E01026204,East Midlands,E07000139,North Kesteven,770,7.91840711271044,1,4.77012987012987,10,10,100,100,100,100,7.5309101992193,2.83896103896104,10,10,10,100,100,100,100
E01026205,East Midlands,E07000139,North Kesteven,694,10.9581422237731,1,4.22046109510086,10,10,100,100,100,100,8.94792816339277,2.82708933717579,10,10,10,100,100,100,100
E01026206,East Midlands,E07000139,North Kesteven,815,10.0123357636091,1.34601226993865,3.64294478527607,10,10,100,100,100,100,8.44372260520804,2.29447852760736,10,10,10,100,100,100,100
E01026207,East Midlands,E07000139,North Kesteven,546,33.0214235700145,0,0.32967032967033,2.31868131868132,5.82051282051282,--,32.967032967033,100,100,13.9179083447445,1.31868131868132,10,10,10,32.967032967033,100,100,100
E01026208,East Midlands,E07000139,North Kesteven,692,16.9243577339932,2.09826589595376,4.19219653179191,6,6,52.4566473988439,100,100,100,10.0789920337081,4.6257225433526,9.28323699421965,10,10,100,100,100,100
E01026209,East Midlands,E07000139,North Kesteven,1005,20.5354692048433,0,4.49850746268657,4.82189054726368,6.99800995024876,--,93.5323383084577,100,100,10.9100429236033,4.75721393034826,8.48557213930348,10,10,100,100,100,100
E01026210,East Midlands,E07000139,North Kesteven,1001,31.9439982528475,0.0619380619380619,0.151848151848152,1.94805194805195,3.96203796203796,6.19380619380619,15.1848151848152,100,100,13.1270589914875,0.94005994005994,9.64435564435564,10,10,94.005994005994,100,100,100
E01026211,East Midlands,E07000139,North Kesteven,779,17.0206494266533,0.593068035943517,1.40693196405648,3.63286264441592,10,59.3068035943517,100,100,100,9.6708005280173,1.81001283697047,10,10,10,100,100,100,100
E01026212,East Midlands,E07000139,North Kesteven,692,7.23193444914839,1,1,2.58092485549133,9.76445086705202,100,100,100,100,6.49132323027408,1.79335260115607,10,10,10,100,100,100,100
E01026213,East Midlands,E07000139,North Kesteven,829,5.8680366425032,1,1,2.70325693606755,9.38841978287093,100,100,100,100,5.20722651836648,1.31483715319662,10,10,10,100,100,100,100
E01026214,East Midlands,E07000139,North Kesteven,536,6.50229334686279,4.49813432835821,10,10,10,100,100,100,100,5.98445333583832,10,10,10,10,100,100,100,100
E01026215,East Midlands,E07000139,North Kesteven,484,3.67258669165886,5.24173553719008,10,10,10,100,100,100,100,3.67258669165886,10,10,10,10,100,100,100,100
E01026218,East Midlands,E07000139,North Kesteven,589,6.59329286048896,4,10,10,10,100,100,100,100,6.1621663649078,8.26485568760611,10,10,10,100,100,100,100
E01026219,East Midlands,E07000139,North Kesteven,529,7.75573372413681,4,10,10,10,100,100,100,100,6.81647609748938,9.25330812854442,10,10,10,100,100,100,100
E01026220,East Midlands,E07000139,North Kesteven,1063,7.87925860307854,4,10,10,10,100,100,100,100,6.90535510232695,8.86641580432738,10,10,10,100,100,100,100
E01026221,East Midlands,E07000139,North Kesteven,1083,35.2309852942524,0,0.524469067405355,3.58448753462604,6.43397968605725,--,13.1117266851339,83.7488457987073,100,15.2116778072895,1.62511542012927,9.42474607571561,10,10,40.6278855032318,100,100,100
E01026222,East Midlands,E07000139,North Kesteven,853,6.97053470511214,1,3.4337631887456,5,7,100,100,100,100,6.07291240610767,4.81125439624853,9,10,10,100,100,100,100
E01026223,East Midlands,E07000139,North Kesteven,939,9.3697241408416,1,1.70287539936102,5,7.66773162939297,100,100,100,100,7.68518554327361,1.51331203407881,8.65388711395101,10,10,100,100,100,100
E01026224,East Midlands,E07000139,North Kesteven,797,6.48864595430537,1,2.25219573400251,5,7.16185696361355,100,100,100,100,6.07348184155132,2.74027603513174,9,10,10,100,100,100,100
E01026225,East Midlands,E07000139,North Kesteven,709,6.20251391641147,1,5.18758815232722,10,10,100,100,100,100,5.56953057389262,3.97743300423131,10,10,10,100,100,100,100
E01026226,East Midlands,E07000139,North Kesteven,848,8.85700485606719,1,6.85495283018868,10,10,100,100,100,100,7.43655452091799,3.84080188679245,10,10,10,100,100,100,100
E01026227,East Midlands,E07000139,North Kesteven,784,6.91967479614708,4,4.61224489795918,6,6,100,100,100,100,6.16743905364013,4.61224489795918,9.63647959183673,10,10,100,100,100,100
E01026228,East Midlands,E07000139,North Kesteven,645,11.0506468130655,4,4.17829457364341,6,6,100,100,100,100,8.56819913564185,4.17829457364341,9.8062015503876,10,10,100,100,100,100
E01026229,East Midlands,E07000139,North Kesteven,641,10.0671352440667,4,4,6,6,100,100,100,100,7.78705327798556,5,8,9,10,100,100,100,100
E01026230,East Midlands,E07000139,North Kesteven,557,9.32003230005623,4,4,6,6,100,100,100,100,7.18449555605626,5,8.24775583482944,9,10,100,100,100,100
E01026231,East Midlands,E07000139,North Kesteven,1139,9.07827825467464,4,4,6,6,100,100,100,100,7.95770946261885,4.11237928007024,9.88762071992976,10,10,100,100,100,100
E01026232,East Midlands,E07000139,North Kesteven,1059,7.86024593540907,4,4.30122757318225,6,6,100,100,100,100,6.94919631323272,5.03777148253069,8.95184135977337,9.86307837582625,10,100,100,100,100
E01026233,East Midlands,E07000139,North Kesteven,755,12.3177844794441,3.68609271523179,4,6,6,100,100,100,100,9.26709718006482,4,9.85562913907285,10,10,100,100,100,100
E01026234,East Midlands,E07000139,North Kesteven,1097,17.0890173991703,1.78122151321787,4,5.57702825888788,6,57.7028258887876,100,100,100,10.8716672351623,4,9.69553327256153,10,10,100,100,100,100
E01026235,East Midlands,E07000139,North Kesteven,762,5.50769051763058,4,4.39370078740158,6,6,100,100,100,100,5.2205670639473,4.80183727034121,9.03674540682415,9.42782152230971,10,100,100,100,100
E01026236,East Midlands,E07000139,North Kesteven,547,8.75005892207384,4,4,6,6,100,100,100,100,7.20934402110498,4.55027422303473,8.89945155393053,9.44972577696526,10,100,100,100,100
E01026237,East Midlands,E07000139,North Kesteven,513,9.76575420042509,1,10,10,10,100,100,100,100,7.63121043135637,9.01169590643275,10,10,10,100,100,100,100
E01026238,East Midlands,E07000139,North Kesteven,549,11.9958251084192,1.75956284153005,10,10,10,100,100,100,100,8.55983072813543,7.59380692167577,10,10,10,100,100,100,100
E01026239,East Midlands,E07000140,South Holland,815,6.5625992962157,1,1.21226993865031,4,10,100,100,100,100,5.41210936465418,3.46503067484663,10,10,10,100,100,100,100
E01026240,East Midlands,E07000140,South Holland,1009,9.37018528069151,1,1.41328047571853,4.55302279484638,10,100,100,100,100,7.42098303829634,2.82061446977205,10,10,10,100,100,100,100
E01026241,East Midlands,E07000140,South Holland,808,32.8161298492119,0,0.175742574257426,7.09653465346535,10,--,17.5742574257426,100,100,15.4554904185603,1.00247524752475,10,10,10,34.9009900990099,100,100,100
E01026242,East Midlands,E07000140,South Holland,650,8.09437337681145,1,1.28153846153846,2,4,100,100,100,100,7.73742816111438,2,10,10,10,100,100,100,100
E01026243,East Midlands,E07000140,South Holland,597,5.71794037236409,1,1.26130653266332,2,4,100,100,100,100,5.07752129371193,2,10,10,10,100,100,100,100
E01026244,East Midlands,E07000140,South Holland,571,21.1662381035941,0,1,2.71453590192644,7.87565674255692,--,100,100,100,11.169547654712,1.19439579684764,10,10,10,100,100,100,100
E01026245,East Midlands,E07000140,South Holland,977,18.5672024708245,0.546571136131013,2.2446264073695,3.40532241555783,5.36642784032753,27.3285568065507,83.9303991811668,100,100,9.55577644935854,2.83930399181167,10,10,10,100,100,100,100
E01026246,East Midlands,E07000140,South Holland,996,25.073390246153,0.0963855421686747,1.81425702811245,3.0933734939759,4,9.63855421686747,69.7791164658635,100,100,12.924016396375,2.35341365461847,7.73795180722892,10,10,69.7791164658635,100,100,100
E01026247,East Midlands,E07000140,South Holland,853,27.1859773850276,0,1.1031652989449,6.70339976553341,9,--,92.7315357561547,100,100,12.5288865699626,1.92731535756155,10,10,10,100,100,100,100
E01026248,East Midlands,E07000140,South Holland,934,21.3884704330134,0.533190578158458,1.65738758029979,2.71948608137045,6.22055674518201,26.6595289079229,82.8693790149893,100,100,12.7951106323171,1.62312633832976,9.32334047109208,10,10,71.948608137045,100,100,100
E01026249,East Midlands,E07000140,South Holland,810,31.6634874544932,0.261728395061728,0.516049382716049,1.7,5.50123456790123,13.0864197530864,25.8024691358025,100,100,13.7939766207392,0.660493827160494,8.88641975308642,10,10,40.2469135802469,100,100,100
E01026250,East Midlands,E07000140,South Holland,881,5.56232807131246,2,2,3,9,100,100,100,100,5.24002543957089,2.33144154370034,9.83200908059024,10,10,100,100,100,100
E01026251,East Midlands,E07000140,South Holland,828,10.7146827943863,2,2,3.19927536231884,9.5024154589372,100,100,100,100,8.70484415446558,2,10,10,10,100,100,100,100
E01026252,East Midlands,E07000140,South Holland,815,8.2529297527213,2,2,3,9.16073619631902,100,100,100,100,7.74841239927565,2.50674846625767,10,10,10,100,100,100,100
E01026253,East Midlands,E07000140,South Holland,834,9.70675259117135,2,2,3,9,100,100,100,100,7.84932415127618,2.58033573141487,10,10,10,100,100,100,100
E01026254,East Midlands,E07000140,South Holland,874,19.63867531474,0.456521739130435,1.63729977116705,4.35926773455378,8.38100686498856,45.6521739130435,100,100,100,10.2620868436896,2,10,10,10,100,100,100,100
E01026255,East Midlands,E07000140,South Holland,905,8.02323489960393,1,2,4,7.85193370165746,100,100,100,100,6.75452049724051,2.38011049723757,10,10,10,100,100,100,100
E01026256,East Midlands,E07000140,South Holland,720,11.3625191520422,0.659722222222222,1.73194444444444,3.85555555555556,5.63333333333333,65.9722222222222,100,100,100,8.09255126554232,1.73194444444444,10,10,10,100,100,100,100
E01026257,East Midlands,E07000140,South Holland,896,9.49771212861195,0.844866071428571,1.84486607142857,4,4.84486607142857,84.4866071428571,100,100,100,7.41198743822733,2.91964285714286,10,10,10,100,100,100,100
E01026258,East Midlands,E07000140,South Holland,782,9.74955424685387,1.17007672634271,6,6,7.34015345268542,100,100,100,100,7.20265923279106,6,9.34654731457801,10,10,100,100,100,100
E01026259,East Midlands,E07000140,South Holland,736,20.3370857073009,0.186141304347826,3.33695652173913,6,8.88722826086956,18.6141304347826,100,100,100,10.723835459728,2.92255434782609,9.81385869565217,10,10,100,100,100,100
E01026260,East Midlands,E07000140,South Holland,898,7.07640611877205,1,6,6,7,100,100,100,100,5.80695900725682,6,8.32850779510022,10,10,100,100,100,100
E01026262,East Midlands,E07000140,South Holland,668,13.5170604646325,3.25449101796407,6,6,7.15868263473054,82.185628742515,100,100,100,9.85098210580316,6,10,10,10,100,100,100,100
E01026263,East Midlands,E07000140,South Holland,843,12.9442977525297,3.53024911032028,6,6,7.05100830367734,100,100,100,100,10.1506034301097,5.63463819691578,9.77105575326216,10,10,100,100,100,100
E01026264,East Midlands,E07000140,South Holland,666,10.4017589326924,4.37237237237237,6,6,8,100,100,100,100,8.61854982514956,6,9.78528528528529,10,10,100,100,100,100
E01026265,East Midlands,E07000140,South Holland,536,16.5429818895128,1.69402985074627,5.76305970149254,6,7.47388059701493,48.6940298507463,100,100,100,10.8481928467248,5,8.49067164179104,10,10,100,100,100,100
E01026266,East Midlands,E07000140,South Holland,962,7.75442993276364,5,6,6,8,100,100,100,100,7.38691120730159,6,9,10,10,100,100,100,100
E01026267,East Midlands,E07000140,South Holland,1231,10.9180013096885,4.23720552396426,6,6,8.11129163281885,100,100,100,100,9.46324662554451,5.79772542648253,9.32006498781479,10,10,100,100,100,100
E01026268,East Midlands,E07000140,South Holland,914,11.4364511834904,3.90153172866521,6,6,8.37089715536105,89.1684901531729,100,100,100,9.40694958965964,5.73741794310722,9.04595185995624,10,10,100,100,100,100
E01026269,East Midlands,E07000140,South Holland,968,10.584956808627,4.85123966942149,6,6,8,100,100,100,100,8.9765637349498,5.69111570247934,9.16012396694215,10,10,100,100,100,100
E01026270,East Midlands,E07000140,South Holland,779,10.4021731531839,3.62644415917843,6,6,8.27471116816431,72.5288831835687,100,100,100,7.49141731287238,6,8.72528883183569,10,10,100,100,100,100
E01026271,East Midlands,E07000140,South Holland,791,9.01566583967594,5,6,6,8,100,100,100,100,7.80250675317091,6,9,9,10,100,100,100,100
E01026272,East Midlands,E07000140,South Holland,585,8.87877220840129,5,6,6,8,100,100,100,100,7.48000711416674,6,9,9,10,100,100,100,100
E01026273,East Midlands,E07000140,South Holland,749,10.7826585711905,5,6,6,8,100,100,100,100,8.63550175116274,6,10,10,10,100,100,100,100
E01026274,East Midlands,E07000140,South Holland,790,13.381350926851,3.93544303797468,6,6,8,100,100,100,100,9.67705254922833,6,10,10,10,100,100,100,100
E01026275,East Midlands,E07000140,South Holland,900,10.2256074924024,4.71666666666667,6,6,8,100,100,100,100,8.56115775882999,6,10,10,10,100,100,100,100
E01026276,East Midlands,E07000140,South Holland,1018,25.5622027411533,0,1.63654223968566,5.83693516699411,8.80943025540275,--,57.9567779960707,100,100,11.8282914484166,3.09233791748527,9.55206286836935,10,10,100,100,100,100
E01026277,East Midlands,E07000140,South Holland,736,5.31752898499473,1,2,3,7.47282608695652,100,100,100,100,5.01117171367747,2.5054347826087,10,10,10,100,100,100,100
E01026278,East Midlands,E07000140,South Holland,638,10.3333067624199,0.915360501567398,1.8025078369906,2.9153605015674,7.52037617554859,91.5360501567398,100,100,100,8.34812992522863,2.52037617554859,10,10,10,100,100,100,100
E01026279,East Midlands,E07000140,South Holland,642,8.64494335955331,1,2,3,6.22118380062305,100,100,100,100,7.07244335262701,2,10,10,10,100,100,100,100
E01026280,East Midlands,E07000140,South Holland,1067,32.8694301986082,0,0.143392689784442,1.97282099343955,7.3261480787254,--,14.3392689784442,100,100,14.8995470931842,0.289597000937207,10,10,10,28.9597000937207,100,100,100
E01026281,East Midlands,E07000140,South Holland,563,23.100192011504,0,5,7.42095914742451,8.28952042628774,--,100,100,100,11.6800148813088,5,9.47779751332149,10,10,100,100,100,100
E01026282,East Midlands,E07000140,South Holland,747,31.728384373323,0,2.18473895582329,7.27309236947791,8.82329317269076,--,61.0441767068273,100,100,14.5225706094841,1.78045515394913,9.61044176706827,10,10,61.0441767068273,100,100,100
E01026283,East Midlands,E07000140,South Holland,761,27.9236371195671,0,2.45992115637319,6.61892247043364,9.54007884362681,--,100,100,100,13.6966783664968,3.1419185282523,10,10,10,100,100,100,100
E01026284,East Midlands,E07000140,South Holland,817,31.8444672485776,0,1.02203182374541,6.02570379436964,8.19951040391677,--,20.4406364749082,100,100,14.5400256658571,2.88494492044064,9.14443084455324,10,10,66.2178702570379,100,100,100
E01026285,East Midlands,E07000140,South Holland,636,24.1694902408056,0,1.57232704402516,5.88364779874214,8.77672955974843,--,78.6163522012579,100,100,11.8724162198978,2.18396226415094,10,10,10,100,100,100,100
E01026286,East Midlands,E07000140,South Holland,521,17.182328527624,0,2,5.45489443378119,9.30902111324376,--,100,100,100,10.2416507787111,2,10,10,10,100,100,100,100
E01026287,East Midlands,E07000141,South Kesteven,652,11.4728242888776,4,4,4,6,100,100,100,100,9.45486759840195,4,8.60736196319018,10,10,100,100,100,100
E01026288,East Midlands,E07000141,South Kesteven,779,9.39013077331071,4,4,4,7,100,100,100,100,8.54131986454182,4,6.86521181001284,6.86521181001284,10,100,100,100,100
E01026289,East Midlands,E07000141,South Kesteven,898,12.0934792695252,3.64699331848552,4,4,5.82293986636971,100,100,100,100,8.71035691510851,4,6.84521158129176,10,10,100,100,100,100
E01026290,East Midlands,E07000141,South Kesteven,946,42.9272652485473,0,0,1.77272727272727,3.38689217758985,--,--,61.6279069767442,100,16.8457596990717,0.283298097251586,8.40486257928118,10,10,22.938689217759,100,100,100
E01026291,East Midlands,E07000141,South Kesteven,879,14.7690822913772,0.675767918088737,9,10,10,67.5767918088737,100,100,100,9.41695175225281,9.67576791808874,10,10,10,100,100,100,100
E01026292,East Midlands,E07000141,South Kesteven,646,10.9041277929101,1,9,9,9,100,100,100,100,7.85920066091903,8.64705882352941,10,10,10,100,100,100,100
E01026293,East Midlands,E07000141,South Kesteven,884,13.3268025939016,1.1052036199095,9,9,9.42760180995475,57.579185520362,100,100,100,9.19808136869075,8.68778280542986,10,10,10,100,100,100,100
E01026294,East Midlands,E07000141,South Kesteven,677,13.4979106658981,1.80945347119645,9,9,9.85376661742984,85.3766617429838,100,100,100,9.5166845750241,9,10,10,10,100,100,100,100
E01026296,East Midlands,E07000141,South Kesteven,681,13.589103368174,1.38325991189427,3,3,4.69162995594714,69.1629955947137,100,100,100,9.21539846644458,3,9.30837004405286,10,10,100,100,100,100
E01026297,East Midlands,E07000141,South Kesteven,613,8.97495467681113,2.81729200652529,3,3,5.20880913539967,100,100,100,100,7.57307046190143,3,9,10,10,100,100,100,100
E01026298,East Midlands,E07000141,South Kesteven,908,7.85842999804031,3,3,3,5.86453744493392,100,100,100,100,7.0490961356349,3,9,10,10,100,100,100,100
E01026299,East Midlands,E07000141,South Kesteven,750,5.90843195573411,2.78,3,3,5.188,100,100,100,100,5.66871912488987,3,9.22,10,10,100,100,100,100
E01026300,East Midlands,E07000141,South Kesteven,658,8.99187580149183,2.19452887537994,3,3,5,100,100,100,100,7.63910930616814,3,9.19452887537994,10,10,100,100,100,100
E01026301,East Midlands,E07000141,South Kesteven,727,7.46917076811527,2.81980742778542,3,3,5.21595598349381,100,100,100,100,6.53994668172934,3,9.39339752407153,10,10,100,100,100,100
E01026302,East Midlands,E07000141,South Kesteven,514,8.94557449949549,2.49221789883268,3,3,5,100,100,100,100,7.52278296998207,3,9,10,10,100,100,100,100
E01026303,East Midlands,E07000141,South Kesteven,546,10.1395423547347,3,4,8,10,100,100,100,100,7.85086886211363,4,10,10,10,100,100,100,100
E01026304,East Midlands,E07000141,South Kesteven,637,8.36356864606017,1.51020408163265,4,9,10,100,100,100,100,6.14349534008697,4.53375196232339,10,10,10,100,100,100,100
E01026305,East Midlands,E07000141,South Kesteven,624,10.3118824650006,3,4,7.41346153846154,10,100,100,100,100,8.22891573715641,4,10,10,10,100,100,100,100
E01026306,East Midlands,E07000141,South Kesteven,743,7.23501693410024,2.32032301480485,4,8.37550471063257,10,100,100,100,100,6.23414317110077,4.70390309555855,10,10,10,100,100,100,100
E01026307,East Midlands,E07000141,South Kesteven,576,9.69720814919998,2.70138888888889,4,8.70138888888889,10,100,100,100,100,7.54623817137739,4.92881944444444,10,10,10,100,100,100,100
E01026308,East Midlands,E07000141,South Kesteven,624,6.1606329233918,5.98076923076923,9,9,10,100,100,100,100,5.72339871317827,10,10,10,10,100,100,100,100
E01026309,East Midlands,E07000141,South Kesteven,724,10.2909618555792,8,9,9,10,100,100,100,100,8.14925046535971,10,10,10,10,100,100,100,100
E01026310,East Midlands,E07000141,South Kesteven,475,9.31894141027904,7.48631578947368,9,9.28,10,100,100,100,100,7.44039898994303,10,10,10,10,100,100,100,100
E01026311,East Midlands,E07000141,South Kesteven,697,9.8688350145934,8,9,9,10,100,100,100,100,7.69154564279025,10,10,10,10,100,100,100,100
E01026312,East Midlands,E07000141,South Kesteven,472,7.90710755934529,8,9,9,10,100,100,100,100,6.83690882674303,10,10,10,10,100,100,100,100
E01026313,East Midlands,E07000141,South Kesteven,683,28.2431258934661,1.32357247437775,4.70278184480234,7.14202049780381,9.53733528550512,33.0893118594436,68.5212298682284,79.3557833089312,100,13.2331327314181,6.51830161054173,10,10,10,79.3557833089312,100,100,100
E01026314,East Midlands,E07000141,South Kesteven,588,42.3242419958115,0,0,4,10,--,--,100,100,16.5852968223393,0,10,10,10,--,100,100,100
E01026315,East Midlands,E07000141,South Kesteven,964,24.4000554849039,0,5.41078838174274,8.59958506224066,9.72510373443983,--,79.9792531120332,100,100,12.583464220765,6.1856846473029,10,10,10,79.9792531120332,100,100,100
E01026316,East Midlands,E07000141,South Kesteven,1086,48.2643333380215,0,0.361878453038674,0.361878453038674,3.77532228360958,--,12.0626151012891,12.0626151012891,100,19.0694209390555,0.361878453038674,10,10,10,12.0626151012891,100,100,100
E01026317,East Midlands,E07000141,South Kesteven,1023,7.64536679742222,8.39784946236559,9,9,10,100,100,100,100,6.83440612022117,10,10,10,10,100,100,100,100
E01026318,East Midlands,E07000141,South Kesteven,896,8.64665466662411,7.35044642857143,9,9,10,100,100,100,100,7.29993694604704,10,10,10,10,100,100,100,100
E01026319,East Midlands,E07000141,South Kesteven,975,10.6710204522673,6.70871794871795,9,9,10,100,100,100,100,8.29188626513527,10,10,10,10,100,100,100,100
E01026320,East Midlands,E07000141,South Kesteven,685,8.11293444269032,4.95766423357664,9,9,10,100,100,100,100,6.77917997639594,10,10,10,10,100,100,100,100
E01026321,East Midlands,E07000141,South Kesteven,563,6.87882308250317,5.14920071047957,9,9.76909413854352,10,100,100,100,100,5.99536823623544,10,10,10,10,100,100,100,100
E01026322,East Midlands,E07000141,South Kesteven,559,7.6607332261453,7.23076923076923,9,9,10,100,100,100,100,6.76100625822957,10,10,10,10,100,100,100,100
E01026323,East Midlands,E07000141,South Kesteven,991,6.46446130491201,7.68213925327952,9,9,10,100,100,100,100,5.84845715088824,10,10,10,10,100,100,100,100
E01026324,East Midlands,E07000141,South Kesteven,926,12.5437434539593,3.78725701943844,9,9,10,100,100,100,100,10.0559920577145,9.7451403887689,10,10,10,100,100,100,100
E01026325,East Midlands,E07000141,South Kesteven,642,8.45062585230227,3.60747663551402,9,9,10,100,100,100,100,7.12244567621409,9,10,10,10,100,100,100,100
E01026326,East Midlands,E07000141,South Kesteven,638,4.99087314879585,7,9,9,10,100,100,100,100,4.4808867618527,10,10,10,10,100,100,100,100
E01026327,East Midlands,E07000141,South Kesteven,639,8.88772756985962,6.17683881064163,9,9,10,100,100,100,100,7.72598816613989,9.40532081377152,10,10,10,100,100,100,100
E01026328,East Midlands,E07000141,South Kesteven,629,6.46544938534629,5.13513513513514,9,9,10,100,100,100,100,5.85671903704038,9,10,10,10,100,100,100,100
E01026329,East Midlands,E07000141,South Kesteven,822,45.6886016047752,0,0,0.298053527980535,4.32238442822384,--,--,29.8053527980535,100,18.5914884808797,0,10,10,10,--,100,100,100
E01026330,East Midlands,E07000141,South Kesteven,909,35.6755978830669,0,0.445544554455446,4.57975797579758,9.1023102310231,--,14.8514851485149,80.4180418041804,100,15.2604436966573,1.33003300330033,9.92959295929593,10,10,47.6347634763476,100,100,100
E01026331,East Midlands,E07000141,South Kesteven,1090,48.3999131152781,0,0,0.680733944954128,8.64678899082569,--,--,9.72477064220184,100,18.936847686017,0.0972477064220184,10,10,10,9.72477064220184,100,100,100
E01026332,East Midlands,E07000141,South Kesteven,989,43.3926035993009,0,0.79474216380182,4.11627906976744,7.61071789686552,--,18.8068756319515,63.3973710819009,89.989888776542,18.7406760285902,0.996966632962588,10,10,10,18.8068756319515,100,100,100
E01026333,East Midlands,E07000141,South Kesteven,1065,32.9648976876681,0,1.05727699530516,6.49953051643192,10,--,52.8638497652582,70.9859154929578,100,14.9565932915541,1.05727699530516,10,10,10,52.8638497652582,100,100,100
E01026334,East Midlands,E07000141,South Kesteven,647,12.2878289896476,1.62596599690881,3.8129829984544,7.77588871715611,10,81.2982998454405,100,100,100,9.19612722513227,4,10,10,10,100,100,100,100
E01026335,East Midlands,E07000141,South Kesteven,754,6.66238734629464,2.42838196286472,4,8,10,100,100,100,100,6.39230660432124,4.35543766578249,10,10,10,100,100,100,100
E01026336,East Midlands,E07000141,South Kesteven,725,7.62131677950221,2,3.68827586206897,7.65931034482759,10,100,100,100,100,7.13091262513997,4,10,10,10,100,100,100,100
E01026337,East Midlands,E07000141,South Kesteven,684,7.82479935753281,2.82017543859649,4,7.82017543859649,10,100,100,100,100,7.05624071847218,4,10,10,10,100,100,100,100
E01026338,East Midlands,E07000141,South Kesteven,550,58.1402752561403,0,0,0,2.19090909090909,--,--,--,73.8181818181818,22.4458930978278,0,10,10,10,--,100,100,100
E01026339,East Midlands,E07000141,South Kesteven,564,66.6048644150898,0,0,0,0,--,--,--,--,25.4133597741461,0,10,10,10,--,100,100,100
E01026340,East Midlands,E07000141,South Kesteven,1011,16.3963041700555,0.282888229475767,9,9,10,14.1444114737883,100,100,100,10.8548565967874,9.14144411473788,10,10,10,100,100,100,100
E01026341,East Midlands,E07000141,South Kesteven,648,21.8693183714937,0,3,3,3,--,100,100,100,10.7767716153258,3,9,10,10,100,100,100,100
E01026342,East Midlands,E07000141,South Kesteven,596,25.9230383898187,0,2.45637583892617,3,3,--,100,100,100,12.5096872257424,2,7.70973154362416,10,10,100,100,100,100
E01026343,East Midlands,E07000141,South Kesteven,951,7.3243676729486,7.4384858044164,9,9,10,100,100,100,100,6.48316683559185,10,10,10,10,100,100,100,100
E01026344,East Midlands,E07000141,South Kesteven,714,8.54545112222092,7.59383753501401,9,9,10,100,100,100,100,7.41227449834574,10,10,10,10,100,100,100,100
E01026345,East Midlands,E07000141,South Kesteven,656,8.02607246694153,7,9,9,10,100,100,100,100,6.96996245323083,10,10,10,10,100,100,100,100
E01026346,East Midlands,E07000141,South Kesteven,536,8.65750212257691,4,4,4,7,100,100,100,100,7.19440384425735,4,9.7294776119403,10,10,100,100,100,100
E01026347,East Midlands,E07000141,South Kesteven,883,5.92472186646121,4,4,4.14382785956965,7.32842582106455,100,100,100,100,5.76510279948362,4,8.20951302378256,9.7202718006795,10,100,100,100,100
E01026348,East Midlands,E07000141,South Kesteven,487,10.0160966070512,4,4,4,7,100,100,100,100,8.14201898982576,4,8.52361396303901,10,10,100,100,100,100
E01026349,East Midlands,E07000141,South Kesteven,828,8.4782068899627,4,4,4.18599033816425,6.81038647342995,100,100,100,100,7.3116990863537,4,6,6,10,100,100,100,100
E01026350,East Midlands,E07000141,South Kesteven,887,5.2458233559546,4,4,4.85118376550169,8.34160090191657,100,100,100,100,5.05197720357563,4,8.22435174746336,9.59526493799324,10,100,100,100,100
E01026351,East Midlands,E07000141,South Kesteven,890,4.91543309409474,4,4,4.85056179775281,8.04943820224719,100,100,100,100,4.55160105712771,4,7.00561797752809,7.30449438202247,10,100,100,100,100
E01026352,East Midlands,E07000141,South Kesteven,587,11.4560095428564,6.08858603066439,9,9,10,100,100,100,100,9.67318444468931,9.33901192504259,10,10,10,100,100,100,100
E01026353,East Midlands,E07000141,South Kesteven,898,6.3982330757791,8.14253897550111,9,9,10,100,100,100,100,6.18347058589735,10,10,10,10,100,100,100,100
E01026354,East Midlands,E07000141,South Kesteven,512,14.3002829727546,2.953125,9,9,10,75.1953125,100,100,100,11.5654717011067,8.751953125,10,10,10,100,100,100,100
E01026355,East Midlands,E07000141,South Kesteven,1046,33.163913887088,0,0,7.58508604206501,10,--,--,100,100,16.0584033769147,0.196940726577438,10,10,10,19.6940726577438,100,100,100
E01026356,East Midlands,E07000141,South Kesteven,606,17.2546714508267,0,4,4,5,--,100,100,100,10.4764651923236,4,10,10,10,100,100,100,100
E01026357,East Midlands,E07000141,South Kesteven,616,14.6466691569786,1.63474025974026,4,4,5,80.5194805194805,100,100,100,9.41731949314217,4,6,10,10,100,100,100,100
E01026358,East Midlands,E07000141,South Kesteven,654,11.8369615511932,3.3960244648318,4,4,5.80428134556575,100,100,100,100,8.60105147596889,4,6.20183486238532,10,10,100,100,100,100
E01026359,East Midlands,E07000141,South Kesteven,698,11.6652951198154,3.37106017191977,4,4,5.80372492836676,100,100,100,100,8.5314793834989,4,6,10,10,100,100,100,100
E01026360,East Midlands,E07000141,South Kesteven,925,17.6777861524183,0.297297297297297,3,5.13297297297297,7.73837837837838,29.7297297297297,100,100,100,10.3640186072505,2.99027027027027,9.27243243243243,10,10,100,100,100,100
E01026361,East Midlands,E07000141,South Kesteven,1184,49.695537405194,0,0,0.165540540540541,2.95101351351351,--,--,16.5540540540541,87.0777027027027,18.5236172463231,0,10,10,10,--,100,100,100
E01026362,East Midlands,E07000141,South Kesteven,702,19.359463520246,0,3,7,10,--,100,100,100,11.0567009574202,3.4045584045584,10,10,10,100,100,100,100
E01026363,East Midlands,E07000141,South Kesteven,555,25.1681176723526,0,2.55135135135135,6.63603603603604,10,--,88.6486486486487,100,100,12.0869285221734,3.65945945945946,10,10,10,100,100,100,100
E01026364,East Midlands,E07000141,South Kesteven,741,24.3066682665489,0,2.58839406207827,6.58839406207827,10,--,100,100,100,12.210558761932,4.00134952766532,10,10,10,100,100,100,100
E01026365,East Midlands,E07000141,South Kesteven,1039,36.7648585949805,0,0.412897016361886,8.29066410009625,10,--,13.7632338787295,100,100,16.910683327413,1.10105871029836,10,10,10,13.7632338787295,100,100,100
E01026366,East Midlands,E07000142,West Lindsey,954,8.74759343267274,0.813417190775681,1.07756813417191,2.04088050314465,5.48637316561845,81.3417190775681,100,100,100,6.35333478138198,1.07756813417191,10,10,10,100,100,100,100
E01026367,East Midlands,E07000142,West Lindsey,773,13.2627925223723,0.684346701164295,1.01811125485123,2.44760672703752,5.58732212160414,68.4346701164295,85.1228978007762,100,100,7.30767926947685,1.01811125485123,10,10,10,85.1228978007762,100,100,100
E01026368,East Midlands,E07000142,West Lindsey,715,8.29856749589975,1,1,1,3,100,100,100,100,7.13697233789975,1,8.77342657342657,10,10,100,100,100,100
E01026369,East Midlands,E07000142,West Lindsey,506,5.92675860437854,1,6.27075098814229,10,10,100,100,100,100,5.29393101001608,5.75691699604743,10,10,10,100,100,100,100
E01026370,East Midlands,E07000142,West Lindsey,979,9.76965248225566,1,8.78958120531154,10,10,100,100,100,100,7.46221113228984,7.43309499489275,10,10,10,100,100,100,100
E01026371,East Midlands,E07000142,West Lindsey,547,10.7172011411372,1,5.48811700182815,10,10,100,100,100,100,8.39008826892091,5.26325411334552,10,10,10,100,100,100,100
E01026372,East Midlands,E07000142,West Lindsey,1073,15.3146401155066,0.842497670083877,1.75862068965517,8.89748369058714,9.50698974836906,84.2497670083877,91.6123019571295,100,100,9.60700994741846,2.48089468779124,10,10,10,91.6123019571295,100,100,100
E01026373,East Midlands,E07000142,West Lindsey,862,20.8381347346295,0.0870069605568446,1.03944315545244,8.3723897911833,9.59396751740139,8.70069605568446,81.0904872389791,100,100,10.7113255752494,2.62180974477958,9.94199535962877,10,10,93.6194895591647,100,100,100
E01026374,East Midlands,E07000142,West Lindsey,668,7.08737942881873,4.18413173652695,5,5.40718562874252,6,100,100,100,100,6.38040172982717,5,10,10,10,100,100,100,100
E01026375,East Midlands,E07000142,West Lindsey,692,9.1335168051503,2.85982658959538,5,5.51878612716763,6,100,100,100,100,7.27715122521338,5,10,10,10,100,100,100,100
E01026376,East Midlands,E07000142,West Lindsey,810,8.77622478720311,4.21358024691358,5,5.78641975308642,6,100,100,100,100,7.60161236872834,5,10,10,10,100,100,100,100
E01026377,East Midlands,E07000142,West Lindsey,936,6.96312866099855,4.29273504273504,5,5.13247863247863,6,100,100,100,100,5.93586906683687,5,10,10,10,100,100,100,100
E01026378,East Midlands,E07000142,West Lindsey,751,8.50070472296824,4,5,5.45006657789614,6.20639147802929,100,100,100,100,7.13745486423868,5,9,10,10,100,100,100,100
E01026379,East Midlands,E07000142,West Lindsey,765,7.57444692994762,4,5,5.66797385620915,6,100,100,100,100,6.71863686032269,5,9,10,10,100,100,100,100
E01026380,East Midlands,E07000142,West Lindsey,768,9.67595412621886,4,5,5.25911458333333,6,100,100,100,100,7.23743215780374,5,9.62890625,10,10,100,100,100,100
E01026381,East Midlands,E07000142,West Lindsey,832,6.86825641178385,3.49038461538462,5,5,6.69110576923077,100,100,100,100,5.86116238784904,5,8.66225961538462,10,10,100,100,100,100
E01026382,East Midlands,E07000142,West Lindsey,771,12.6935068985417,2.83268482490272,5,5.70817120622568,6,70.8171206225681,100,100,100,8.90092672677007,5,9.83009079118029,10,10,100,100,100,100
E01026383,East Midlands,E07000142,West Lindsey,641,9.20595554050261,4.81435257410296,5,6,6,100,100,100,100,7.1555871132787,5,9.40873634945398,10,10,100,100,100,100
E01026384,East Midlands,E07000142,West Lindsey,929,5.792,4,5,6,6,100,100,100,100,5.68577319917974,5,9,10,10,100,100,100,100
E01026385,East Midlands,E07000142,West Lindsey,533,31.7582607999055,0,0.939962476547842,3.59662288930582,6.46529080675422,--,51.5947467166979,100,100,14.3727476493172,2.47842401500938,9.29831144465291,10,10,64.9155722326454,100,100,100
E01026386,East Midlands,E07000142,West Lindsey,544,35.7704515643142,0,0.46875,0.764705882352941,5.00551470588235,--,46.875,65.8088235294118,100,14.7415639132669,0.46875,9.55882352941176,10,10,46.875,100,100,100
E01026387,East Midlands,E07000142,West Lindsey,1135,33.3743629311724,0,0.366519823788546,2.19030837004405,4.97004405286344,--,36.6519823788546,100,100,14.3439102510881,0.79295154185022,7.10484581497797,10,10,45.8149779735683,100,100,100
E01026388,East Midlands,E07000142,West Lindsey,973,23.3337340966481,0,3.36485097636177,5,6,--,100,100,100,11.4850354372919,3.50770811921891,9.14285714285714,10,10,100,100,100,100
E01026389,East Midlands,E07000142,West Lindsey,817,5.01439265332616,1,1,1,2.80171358629131,100,100,100,100,4.65303934957342,1,5,10,10,100,100,100,100
E01026390,East Midlands,E07000142,West Lindsey,877,7.80586682564612,0.9327251995439,1,1.0672748004561,3,93.27251995439,100,100,100,6.95911735030612,1,6.08095781071836,10,10,100,100,100,100
E01026391,East Midlands,E07000142,West Lindsey,853,20.1716111120923,0.268464243845252,1,1.19109026963658,2.07737397420868,26.8464243845252,100,100,100,10.7276474716303,0.963657678780774,6.23329425556858,10,10,88.6283704572099,100,100,100
E01026392,East Midlands,E07000142,West Lindsey,1335,18.3953314206764,0.693632958801498,0.800749063670412,1,2.56629213483146,69.3632958801498,80.0749063670412,100,100,10.005548008969,0.800749063670412,5.80149812734082,10,10,80.0749063670412,100,100,100
E01026393,East Midlands,E07000142,West Lindsey,662,7.96150986532327,1,9.01359516616314,10,10,100,100,100,100,6.66854121952836,8.60725075528701,10,10,10,100,100,100,100
E01026394,East Midlands,E07000142,West Lindsey,803,11.7977041355871,0.769613947696139,9.31257783312578,10,10,61.2702366127024,100,100,100,8.48783278477068,9.03985056039851,10,10,10,100,100,100,100
E01026395,East Midlands,E07000142,West Lindsey,686,5.4533516638507,1,9.58309037900875,10,10,100,100,100,100,4.99748108672833,9.79154518950437,10,10,10,100,100,100,100
E01026396,East Midlands,E07000142,West Lindsey,568,7.31505582545553,1,1.55457746478873,9.15140845070423,10,100,100,100,100,6.47478467716555,2,10,10,10,100,100,100,100
E01026397,East Midlands,E07000142,West Lindsey,1035,15.2843512473407,0.535265700483092,4.63671497584541,8.59323671497584,10,53.5265700483092,100,100,100,9.49740861534067,3.85410628019324,10,10,10,100,100,100,100
E01026398,East Midlands,E07000142,West Lindsey,736,8.49511185706995,0.927989130434783,1.5,9,10,92.7989130434783,100,100,100,7.13021723866082,1.72961956521739,10,10,10,100,100,100,100
E01026399,East Midlands,E07000142,West Lindsey,632,49.3688237404337,0,0,0,6.97784810126582,--,--,--,100,18.4292154697339,0,10,10,10,--,100,100,100
E01026400,East Midlands,E07000142,West Lindsey,648,30.1663447548052,0,0.632716049382716,8.52314814814815,10,--,63.2716049382716,91.9753086419753,100,14.8109937564633,1.42283950617284,9.91975308641975,10,10,42.1296296296296,100,100,100
E01026401,East Midlands,E07000142,West Lindsey,647,11.7249102214073,0.868624420401855,1.86862442040185,8.57187017001546,10,86.8624420401855,100,100,100,8.86459389903571,2.50850077279753,10,10,10,100,100,100,100
E01026402,East Midlands,E07000142,West Lindsey,862,9.57618416762101,1,2,10,10,100,100,100,100,7.76437366686369,5,10,10,10,100,100,100,100
E01026403,East Midlands,E07000142,West Lindsey,580,24.5863119919978,0.225862068965517,1.39310344827586,4.49310344827586,8.32068965517241,22.5862068965517,85.1724137931035,100,100,12.6313961559495,1.61034482758621,9.56551724137931,10,10,85.1724137931035,100,100,100
E01026404,East Midlands,E07000142,West Lindsey,1003,29.3219353053085,0,0.619142572283151,1.8135593220339,7.87437686939182,--,61.9142572283151,100,100,12.7911290538342,0.887337986041874,10,10,10,88.7337986041874,100,100,100
E01026405,East Midlands,E07000142,West Lindsey,545,19.1068674002363,0,2.77064220183486,10,10,--,100,100,100,11.4374627938598,3.43119266055046,10,10,10,100,100,100,100
E01026406,East Midlands,E07000142,West Lindsey,547,19.7341246845053,0,3.98354661791591,10,10,--,100,100,100,11.7102557818095,5.02559414990859,10,10,10,100,100,100,100
E01026407,East Midlands,E07000142,West Lindsey,581,27.584846767229,0,0.975903614457831,6,8.67469879518072,--,66.2650602409639,100,100,12.7957207214663,4.50602409638554,10,10,10,100,100,100,100
E01026408,East Midlands,E07000142,West Lindsey,604,9.28169358639424,2.11258278145695,5,5,6.75827814569536,100,100,100,100,7.44431081658934,4.6771523178808,9.56456953642384,10,10,100,100,100,100
E01026409,East Midlands,E07000142,West Lindsey,533,37.7876887309833,0,0,1,3.64165103189493,--,--,100,100,14.5773230499131,0.641651031894934,10,10,10,64.1651031894934,100,100,100
E01026410,East Midlands,E07000142,West Lindsey,776,36.8381843543733,0,0,3.00386597938144,6.19458762886598,--,--,100,100,16.2200969679832,0,10,10,10,--,100,100,100
E01026411,East Midlands,E07000142,West Lindsey,1089,39.4543799989147,0,0.249770431588613,0.789715335169881,2.97796143250689,--,24.9770431588613,78.9715335169881,100,17.3018070538451,0.249770431588613,8.9485766758494,10,10,24.9770431588613,100,100,100
E01026412,East Midlands,E07000142,West Lindsey,753,8.09069705469536,1,1.8273572377158,7.70119521912351,10,100,100,100,100,7.00899994862296,2.15006640106242,10,10,10,100,100,100,100
E01026413,East Midlands,E07000142,West Lindsey,907,7.96420115752278,1,1.85226019845645,8.97133406835722,10,100,100,100,100,6.90684023434181,2.65711135611907,10,10,10,100,100,100,100
E01026414,East Midlands,E07000142,West Lindsey,724,26.6130782939613,0.226519337016575,0.480662983425414,3.23342541436464,5.81767955801105,22.6519337016575,48.0662983425414,100,100,12.8471697857565,1.18232044198895,9.76243093922652,10,10,71.8232044198895,100,100,100
E01026415,East Midlands,E07000142,West Lindsey,424,46.1087854643026,0,0,0.207547169811321,5.7311320754717,--,--,20.7547169811321,100,17.9904471769046,0,10,10,10,--,100,100,100
E01026416,East Midlands,E07000142,West Lindsey,576,19.0985994928506,0.526041666666667,0.826388888888889,1.47395833333333,3.17881944444444,52.6041666666667,82.6388888888889,100,100,9.96734749617898,1,9.10416666666667,10,10,100,100,100,100
E01032683,East Midlands,E07000142,West Lindsey,1039,30.3616671720346,0,0.279114533205005,6.48989412897016,10,--,22.1366698748797,100,100,12.8044934411419,1.91241578440808,10,10,10,100,100,100,100
E01032986,East Midlands,E07000137,East Lindsey,604,4.43552951388889,4,4,4,4,100,100,100,100,4.43552951388889,4,5,5,8,100,100,100,100
E01032987,East Midlands,E07000137,East Lindsey,652,7.84133389231489,4,4,4,4,100,100,100,100,6.99170304853932,4,4.49846625766871,4.49846625766871,5.49846625766871,100,100,100,100
E01032988,East Midlands,E07000139,North Kesteven,625,9.15338671608975,3.6048,10,10,10,100,100,100,100,7.82153316479799,7.6512,10,10,10,100,100,100,100
E01032989,East Midlands,E07000139,North Kesteven,576,10.8811954190306,2.98090277777778,10,10,10,100,100,100,100,8.71073654109966,5.33506944444444,10,10,10,100,100,100,100
E01032990,East Midlands,E07000139,North Kesteven,961,5.44223784487571,1,1.11966701352758,7.15088449531738,10,100,100,100,100,5.16090473743046,1.28199791883455,10,10,10,100,100,100,100
E01032991,East Midlands,E07000139,North Kesteven,658,9.03994177554451,4.35562310030395,10,10,10,100,100,100,100,7.84328381153716,9.26747720364742,10,10,10,100,100,100,100
E01032992,East Midlands,E07000139,North Kesteven,627,7.4938641593242,4,10,10,10,100,100,100,100,6.76060151546287,8.91547049441786,10,10,10,100,100,100,100
E01032993,East Midlands,E07000139,North Kesteven,651,8.69804629245563,3.75729646697389,10,10,10,100,100,100,100,7.53923495444349,8.08448540706605,10,10,10,100,100,100,100
E01032994,East Midlands,E07000139,North Kesteven,580,17.2626049296434,0.970689655172414,7.58620689655172,10,10,65.5172413793103,100,100,100,10.38259702453,6.57758620689655,10,10,10,100,100,100,100
E01032995,East Midlands,E07000140,South Holland,724,6.19019985374334,5,6,6,8,100,100,100,100,5.74017991756615,6,9.83563535911602,10,10,100,100,100,100
E01032996,East Midlands,E07000140,South Holland,567,5.69401977054827,5.31569664902998,6,6,8.31569664902998,100,100,100,100,5.10810998662402,6,10,10,10,100,100,100,100
E01032997,East Midlands,E07000141,South Kesteven,493,7.67074477621245,2.75050709939148,3,3.7525354969574,6,100,100,100,100,6.75132702042948,3,8.24340770791075,10,10,100,100,100,100
E01032998,East Midlands,E07000141,South Kesteven,505,10.7743821022462,1.75049504950495,3,3.24356435643564,6,100,100,100,100,8.24721082970669,3,8.51287128712871,10,10,100,100,100,100
E01032999,East Midlands,E07000141,South Kesteven,544,7.62598488621439,3,3,3,6,100,100,100,100,6.65555556648909,3,9,10,10,100,100,100,100
