LSOA_code,Region,LA_Code,LA_Name,GP_pop,GPPTt,GPPT15n,GPPT30n,GPPT45n,GPPT60n,GPPT15pct,GPPT30pct,GPPT45pct,GPPT60pct,GPCyct,GPCyc15n,GPCyc30n,GPCyc45n,GPCyc60n,GPCyc15pct,GPCyc30pct,GPCyc45pct,GPCyc60pct,GPCart,GPCar15n,GPCar30n,GPCar45n,GPCar60n,GPCar15pct,GPCar30pct,GPCar45pct,GPCar60pct
E01026006,East Midlands,E07000136,Boston,1107.3854,6.52696571326974,3.532951,7.133715,10,10,100,100,100,100,7.190775898612,5,6,7.117478,9.148997,100,100,100,100,6.93361275324906,5.528175,10,10,10,100,100,100,100
E01026007,East Midlands,E07000136,Boston,457.973141,21.6692848205567,0,2.295612,6,7,0,100,100,100,28.8845795680884,0,1,6,7,0,100,100,100,13.4602326613206,1,8,10,10,100,100,100,100
E01026008,East Midlands,E07000136,Boston,557.394562,54.5147685244463,0,4.098671,5.180265,5.180265,0,74.0037,74.0037,74.0037,29.3542025268314,0,3.187855,6,7.269449,0,74.0037,100,100,15.1496970260882,1.878557,8.86907,10,10,74.0037,100,100,100
E01026009,East Midlands,E07000136,Boston,498.164779,18.6025311386931,0.248407,2.783439,5.369426,7.038216,24.8407,100,100,100,19.869253031149,0,1,4.766454,7.488322,0,100,100,100,9.94573433745452,1,8.549893,10,10,100,100,100,100
E01026010,East Midlands,E07000136,Boston,667.39273,16.7108927594156,0,5,7,10,0,100,100,100,11.6173213093865,5,5,6,9,100,100,100,100,9.83346942462483,5,10,10,10,100,100,100,100
E01026011,East Midlands,E07000136,Boston,1062.963064,16.0307708652852,1.338308,4.664676,8.665671,10,54.1293,100,100,100,10.1568656832498,4.546268,5,6,9.098507,100,100,100,100,9.02571253384836,5,10,10,10,100,100,100,100
E01026012,East Midlands,E07000136,Boston,580.663405,19.6928449073406,0,5.530054,6.253187,8.506375,0,100,100,100,14.6687834273063,1.043715,5,6.746812,10,53.734,100,100,100,10.5682776217391,5,10,10,10,100,100,100,100
E01026013,East Midlands,E07000136,Boston,631.431789,18.9320582490949,0.221105,4.341708,7.21608,9.050251,22.1105,100,100,100,14.199937497256,1.603015,5,6.391959,9.83417,60.804,100,100,100,10.7512266465714,4.502512,9.83417,10,10,100,100,100,100
E01026014,East Midlands,E07000136,Boston,787.967644,21.0922244935994,0,3.226845,6.265771,8.398657,0,100,100,100,18.204861835649,0.398657,5,6.197315,8.398657,26.5771,100,100,100,11.1465430675536,3.797315,10,10,10,100,100,100,100
E01026015,East Midlands,E07000136,Boston,597.5862,20.3346754730323,0,4.18407,6.39469,9.607079,0,100,100,100,13.3447459135025,2.38938,5,6,9.39469,100,100,100,100,9.85712537765503,5,10,10,10,100,100,100,100
E01026016,East Midlands,E07000136,Boston,1043.924921,13.5879417474095,0.714285,2.104356,5.888551,7.914893,71.4285,100,100,100,12.7481763055415,0.594731,2.004052,5.560283,9.309017,59.4731,100,100,100,8.04649590462433,3.513677,10,10,10,100,100,100,100
E01026017,East Midlands,E07000136,Boston,633.547139,27.0497227341455,0,0.63606,3.140233,6.479131,0,47.0784,100,100,16.120515395961,0.470784,1.801335,5.545909,10,47.0784,100,100,100,9.2699291726043,2.776293,10,10,10,100,100,100,100
E01026018,East Midlands,E07000136,Boston,663.162031,16.5917868903774,0.507177,3.491228,7.960127,9.752791,34.9282,100,100,100,16.7200231215663,0.45295,5.468899,8,9.247208,45.295,100,100,100,8.9744129071972,6.259968,10,10,10,100,100,100,100
E01026019,East Midlands,E07000136,Boston,937.099775,10.6486676994745,1.12641,3.808126,8.574492,9.146726,90.5191,90.5191,100,100,8.50153440131439,0.905191,4.638826,8.12641,9,90.5191,100,100,100,7.25161234602533,3.698645,10,10,10,100,100,100,100
E01026020,East Midlands,E07000136,Boston,894.792787,11.7428705013715,1.271867,4.526004,8.900709,10,81.6784,81.6784,100,100,8.98322672037943,0.816784,4.991725,8.117021,9,81.6784,100,100,100,7.02610121518977,5.208037,10,10,10,100,100,100,100
E01026021,East Midlands,E07000136,Boston,782.67927,12.2394013585444,0.924324,5.96081,9.882432,10,70.9459,100,100,100,9.82985955647892,4.764864,5,6,10,100,100,100,100,8.75318878834468,5,10,10,10,100,100,100,100
E01026022,East Midlands,E07000136,Boston,801.717415,18.3629546303015,0,4.352242,8.403693,10,0,100,100,100,12.5900742228215,2.100263,5,6,10,100,100,100,100,10.4214029562223,4.514511,10,10,10,100,100,100,100
E01026023,East Midlands,E07000136,Boston,557.394562,16.620267698007,0.417457,1,4.703984,7.666034,41.7457,100,100,100,17.2899788587004,0.174573,1,1,2.349146,17.4573,100,100,100,9.50319242174983,1,8.666034,10,10,100,100,100,100
E01026024,East Midlands,E07000136,Boston,814.409512,22.6038350734692,0.625974,0.774025,4.001298,4.903896,62.5974,62.5974,87.1428,100,11.8835079060492,0.625974,1,1.374025,6.263636,62.5974,100,100,100,8.512891424058,1,8.368831,10,10,100,100,100,100
E01026025,East Midlands,E07000136,Boston,972.00304,7.94293282940043,3.008705,6.486398,9.784548,10,100,100,100,100,7.6670590867093,5,5.892274,6.122959,9.708378,100,100,100,100,7.48024033048245,5,10,10,10,100,100,100,100
E01026026,East Midlands,E07000136,Boston,839.793705,13.0629373243741,0.971032,5.439546,9,10,81.1083,100,100,100,11.0042495400484,4.284634,5,6,9.61335,100,100,100,100,8.99800687803189,5,10,10,10,100,100,100,100
E01026027,East Midlands,E07000136,Boston,768.929501,12.2164068728806,1.580467,5,8.359009,10,81.568,100,100,100,10.7582084110633,3.811554,5,6,9,100,100,100,100,8.07539476013859,5,10,10,10,100,100,100,100
E01026028,East Midlands,E07000136,Boston,829.216957,13.4370046391657,1.242346,5.849489,9.232142,10,84.6938,100,100,100,10.0630256700205,4.693877,5,6,10,100,100,100,100,9.01264422776049,5,10,10,10,100,100,100,100
E01026029,East Midlands,E07000136,Boston,914.888607,21.7390590598968,0.228901,4.083236,7.954913,10,11.445,100,100,100,12.9809411646368,2.357225,6,7.54104,8.299421,100,100,100,100,9.621955978377,5.885549,10,10,10,100,100,100,100
E01026030,East Midlands,E07000136,Boston,1033.348173,9.25203898670843,3.336745,5.45957,9.616171,10,100,100,100,100,8.22828637574789,5,6,6.351074,9,100,100,100,100,8.40339551961219,5,10,10,10,100,100,100,100
E01026031,East Midlands,E07000136,Boston,606.047598,15.1830883122584,0.994764,5,8.783595,10,61.082,100,100,100,10.1545179280894,4.61082,5,6,9,100,100,100,100,9.06383001474778,5,10,10,10,100,100,100,100
E01026032,East Midlands,E07000136,Boston,795.371367,9.53096936957724,2.638297,5.511968,9.847074,10,100,100,100,100,8.24618208322955,5,5.30851,6.198138,9,100,100,100,100,7.80155921735896,5,10,10,10,100,100,100,100
E01026033,East Midlands,E07000136,Boston,754.122054,30.2102448173107,0.138849,0.650771,5.607293,5.932678,13.8849,50.3506,86.115,86.115,28.2070724702745,0.356241,0.503506,3.00561,9.046283,35.6241,50.3506,68.1626,100,13.7031206707757,1.154277,10,10,10,50.3506,100,100,100
E01026034,East Midlands,E07000136,Boston,800.659741,12.6988039352506,0.558784,1,4.768824,7.911492,55.8784,100,100,100,9.10769980533282,1,1.15852,5.262879,10,100,100,100,100,7.27221315467143,2.402906,10,10,10,100,100,100,100
E01026035,East Midlands,E07000136,Boston,866.235571,16.5304809882469,0,6.140415,8.714285,10,0,100,100,100,11.5942397467869,4,6,7.532356,8.181929,100,100,100,100,9.4652448851628,5.532356,10,10,10,100,100,100,100
E01026036,East Midlands,E07000136,Boston,663.162031,5.3591443592482,2.488038,6.422647,10,10,100,100,100,100,7.72602623641647,5,5.157894,6,10,100,100,100,100,7.79920204912271,5,10,10,10,100,100,100,100
E01026037,East Midlands,E07000136,Boston,592.297826,9.5974418644932,3.551785,5.644642,9.4375,10,100,100,100,100,8.96547454232168,5,5,6,10,100,100,100,100,8.95229420850743,5,10,10,10,100,100,100,100
E01026038,East Midlands,E07000136,Boston,520.375947,13.6954073173671,1.154471,5,6.932926,10,75.2032,100,100,100,12.2571664874126,4.693089,5,6,10,100,100,100,100,10.0948017214216,5,10,10,10,100,100,100,100
E01026039,East Midlands,E07000136,Boston,521.433622,16.4804334219297,0.247464,7,9.488843,10,24.7464,100,100,100,15.2270502066612,0.247464,6,8,8.488843,24.7464,100,100,100,9.87872507095337,7,10,10,10,100,100,100,100
E01026040,East Midlands,E07000136,Boston,503.453153,20.3277745497466,0,5.15126,7.983193,9.722689,0,100,100,100,15.4433306033681,0.936974,6,8,8.254201,46.8487,100,100,100,9.54269702191331,7,10,10,10,100,100,100,100
E01026041,East Midlands,E07000136,Boston,599.70155,13.9903582080066,1.067019,6.820105,9.208112,10,65.0793,100,100,100,16.7885088802081,0,6,8,9,0,100,100,100,9.17581145892367,7.208112,10,10,10,100,100,100,100
E01026042,East Midlands,E07000137,East Lindsey,675.95794,6.47473310013658,1,1,3,5.799086,100,100,100,100,7.1812413008473,1,1,1,3,100,100,100,100,6.51410671847326,1,10,10,10,100,100,100,100
E01026043,East Midlands,E07000137,East Lindsey,632.746017,6.75999443885097,1,1,3,4.453658,100,100,100,100,7.21054207524763,1,1,1,3,100,100,100,100,6.56728964882473,1,9.839024,10,10,100,100,100,100
E01026044,East Midlands,E07000137,East Lindsey,542.206749,21.7966644958395,0.239089,1.227703,2.239089,4.204933,23.9089,80.0759,100,100,22.8650111113288,0.239089,0.647058,1,2.239089,23.9089,64.7058,100,100,11.9991183103138,0.647058,5.026565,10,10,64.7058,100,100,100
E01026045,East Midlands,E07000137,East Lindsey,797.362867,16.7063706360837,0.503225,2.037419,5.220645,7.477419,50.3225,91.8709,91.8709,91.8709,16.06267224515,0.503225,1.494193,2.745806,4.752258,50.3225,91.8709,100,100,9.20861825327719,2.037419,10,10,10,91.8709,100,100,100
E01026046,East Midlands,E07000137,East Lindsey,507.225668,17.9043396567377,0.255578,1,4,4.96146,25.5578,100,100,100,27.0497344764918,0,1.255578,2,3,0,100,100,100,12.6279307720934,1.705882,5.661257,10,10,100,100,100,100
E01026047,East Midlands,E07000137,East Lindsey,578.216685,20.497687721725,0,1.19217,4,4.962633,0,100,100,100,30.2425183879748,0,0.430604,2,3.19217,0,43.0604,100,100,13.7218829713313,1.430604,6.781138,10,10,100,100,100,100
E01026048,East Midlands,E07000137,East Lindsey,754.150945,32.2242538067683,0,0.181446,2.652114,4,0,18.1446,100,100,45.4776319134298,0,0,0.135061,2.683492,0,0,13.5061,100,22.0513544444638,0,4,10,10,0,100,100,100
E01026049,East Midlands,E07000137,East Lindsey,739.74697,32.9430985441569,0,0,2.294853,3.244784,0,0,100,100,46.621173848855,0,0,0.186369,2.556328,0,0,18.6369,100,21.0047658904383,0,4.112656,9.817802,10,0,100,100,100
E01026050,East Midlands,E07000137,East Lindsey,736.660404,35.2529633242573,0,0,3.210893,4,0,0,100,100,46.1691520254809,0,0,0.138268,3,0,0,13.8268,100,22.2760445874248,0,3.822625,9.822625,10,0,100,100,100
E01026051,East Midlands,E07000137,East Lindsey,526.773919,9.45486170350327,0.916015,1.916015,3.316406,5.937499,91.6015,100,100,100,9.91782609276149,0.916015,1,3.832031,5.916015,91.6015,100,100,100,7.1374940505612,2.173828,10,10,10,100,100,100,100
E01026052,East Midlands,E07000137,East Lindsey,514.427656,9.4938787284847,1,1.579999,4.198,8.427999,100,100,100,100,11.0407892179564,0.801999,1,3.405999,5,80.1999,100,100,100,7.71118138824778,1,9.555999,10,10,100,100,100,100
E01026053,East Midlands,E07000137,East Lindsey,761.352932,15.5820995909227,0.47027,2.355405,3.872972,7.195945,47.027,100,100,100,11.5370114057417,1,1.82027,4,4.408108,100,100,100,100,8.23213029212095,3.081081,9.343243,10,10,100,100,100,100
E01026054,East Midlands,E07000137,East Lindsey,801.478288,10.1804040354369,0.872913,2.60077,4.254172,9.110397,87.2913,100,100,100,8.71824858965484,1,1.346598,4,4.526315,100,100,100,100,6.96592350053507,2.039794,9.618741,10,10,100,100,100,100
E01026055,East Midlands,E07000137,East Lindsey,519.571933,40.1502831006115,0,0.50099,0.697029,0.823762,0,50.099,69.7029,82.3762,28.8784135768059,0,0.677227,1.253465,2.823762,0,67.7227,100,100,13.1753873390399,0.873267,6,10,10,87.3267,100,100,100
E01026056,East Midlands,E07000137,East Lindsey,483.561997,29.3408505608959,0.240425,0.480851,2.519148,6.465957,24.0425,24.0425,100,100,30.0974828256928,0.240425,0.691489,1.721276,2.759574,24.0425,45.1063,100,100,13.0188888328477,1.17234,5,10,10,72.1276,100,100,100
E01026057,East Midlands,E07000137,East Lindsey,798.391722,34.8974390542737,0,0.847938,3.849226,6.689432,0,40.7216,85.1804,85.1804,29.5960582108349,0.059278,1.244845,3.974226,7.039948,5.9278,65.2061,100,100,14.1826642675828,0.81701,10,10,10,65.2061,100,100,100
E01026058,East Midlands,E07000137,East Lindsey,934.200624,33.3350366067145,0,0,3.805066,3.805066,0,0,100,100,33.5741811405053,0,0,3,4.085903,0,0,100,100,14.522012598015,0.959251,7.524229,10,10,74.1189,100,100,100
E01026059,East Midlands,E07000137,East Lindsey,370.387913,29.7364805307566,0,0.274999,2.699999,5.725,0,27.4999,100,100,16.5211494464352,0.274999,1,1.725,2.3,27.4999,100,100,100,9.65807242861477,1,7.699999,10,10,100,100,100,100
E01026060,East Midlands,E07000137,East Lindsey,581.303252,35.5845847490633,0,1.093805,1.093805,3.830088,0,54.6902,54.6902,80.3539,25.3328039540028,0,1,2,3.161061,0,100,100,100,12.4237092301824,1.546902,9.486725,10,10,100,100,100,100
E01026061,East Midlands,E07000137,East Lindsey,487.677419,20.6259608667129,0,2.485232,7.417721,10,0,100,100,100,18.9150732066691,0,3,10,10,0,100,100,100,11.3145133255885,3,10,10,10,100,100,100,100
E01026062,East Midlands,E07000137,East Lindsey,477.388865,20.5129498549926,0,3,8.165948,10,0,100,100,100,18.821322760821,0,3,10,10,0,100,100,100,11.2608873740316,3,10,10,10,100,100,100,100
E01026063,East Midlands,E07000137,East Lindsey,571.014698,23.473995127895,0,2.745945,7.045045,10,0,100,100,100,15.463964006403,0.257657,4.545945,10,10,25.7657,100,100,100,10.091538451343,4.037837,10,10,10,100,100,100,100
E01026064,East Midlands,E07000137,East Lindsey,624.515175,16.0839476622787,0.210873,1,3.851729,6.696869,21.0873,100,100,100,10.0008235074336,1,1,3.789126,5,100,100,100,100,8.36296080732657,1,10,10,10,100,100,100,100
E01026065,East Midlands,E07000137,East Lindsey,799.420578,12.0017422617009,0.662805,1.196911,4.441441,7.140283,66.2805,100,100,100,8.77866149594826,1,1,2.72072,5,100,100,100,100,7.12926993756431,1,10,10,10,100,100,100,100
E01026066,East Midlands,E07000137,East Lindsey,778.843471,19.5297553474704,0,1.821664,4.570673,8.72391,0,100,100,100,11.8707343305151,0.850726,1,2.585204,4.715984,85.0726,100,100,100,9.47268237074216,1.410832,9.286657,10,10,100,100,100,100
E01026067,East Midlands,E07000137,East Lindsey,908.479241,10.8218077276762,0.804077,2.02718,5.15855,8.716874,80.4077,100,100,100,8.42446634975764,1,1,3.142695,5,100,100,100,100,7.53504803192157,1,10,10,10,100,100,100,100
E01026068,East Midlands,E07000137,East Lindsey,1004.162785,44.0008562314233,0.08709,0.668032,2.243852,3.952868,8.709,47.9508,68.2377,68.2377,23.5691862840431,0.199795,0.73668,1.733606,4.105532,19.9795,73.668,100,100,11.8447906218019,0.898565,9.663934,10,10,89.8565,100,100,100
E01026069,East Midlands,E07000137,East Lindsey,901.277254,23.0746167300125,0,1.113013,2,4.113013,0,100,100,100,29.1198444510951,0,0.543378,2,2,0,43.0365,100,100,15.729444415481,0.113013,4,10,10,11.3013,100,100,100
E01026070,East Midlands,E07000137,East Lindsey,829.257381,39.8590702648685,0,1.62655,2.19727,3.622828,0,50.124,59.3052,73.325,23.5343981990509,0.249379,2.631513,3.122828,4.263027,8.3126,87.7171,100,100,11.6546411179487,2.877171,9.650124,10,10,100,100,100,100
E01026071,East Midlands,E07000137,East Lindsey,1072.067235,78.1042761623412,0,0.818618,1.724568,2.871401,0,45.6813,45.6813,45.6813,41.1220583933637,0,0.193857,0.850287,3.648752,0,19.3857,56.142,100,17.4539614660399,0.095009,9.333013,10,10,9.5009,100,100,100
E01026072,East Midlands,E07000137,East Lindsey,840.574791,8.23795412449365,0.851897,1.121175,2.121175,5,85.1897,100,100,100,7.68458471797207,1,1,1,2,100,100,100,100,7.07830123647397,1,3,10,10,100,100,100,100
E01026073,East Midlands,E07000137,East Lindsey,853.94991,10.7042649062904,1,1,2,5,100,100,100,100,8.42137839098234,1,1,1,2,100,100,100,100,7.75186485238977,1,3,10,10,100,100,100,100
E01026074,East Midlands,E07000137,East Lindsey,939.344901,15.9390176014498,0.255202,1,2,3.584884,25.5202,100,100,100,10.967358162361,1,1,1,2,100,100,100,100,8.87785878815876,1,3,10,10,100,100,100,100
E01026075,East Midlands,E07000137,East Lindsey,942.431466,32.514206079671,0.158296,0.5131,1.80786,5.050218,15.8296,35.4803,90.8296,100,30.7408211683705,0,0.249999,1.91048,5.530567,0,24.9999,100,100,12.8937545784198,1.114628,9.72489,10,10,100,100,100,100
E01026076,East Midlands,E07000137,East Lindsey,929.056348,26.5190410424228,0,0.727574,2.096345,5.369878,0,72.7574,100,100,30.889742169322,0,0.684385,2.392026,5.620155,0,45.6256,100,100,14.7742199861103,0.543743,8.782945,10,10,54.3743,100,100,100
E01026077,East Midlands,E07000137,East Lindsey,517.514222,13.9753707572657,1.244532,3.502982,4,9.013916,75.5467,100,100,100,10.0737292023337,3,3,3,4,100,100,100,100,8.35043199822746,3,10,10,10,100,100,100,100
E01026078,East Midlands,E07000137,East Lindsey,459.898325,13.6970795836777,1.232662,3.494407,4,8.948545,72.7069,100,100,100,9.95823019737769,3,3,3,4,100,100,100,100,8.30434169328618,3,10,10,10,100,100,100,100
E01026079,East Midlands,E07000137,East Lindsey,778.843472,11.0194016283891,0.611624,1,1.170409,2.602377,61.1624,100,100,100,9.78850395535546,0.877146,1,1,1.36856,87.7146,100,100,100,7.57327556472438,1,5.435931,10,10,100,100,100,100
E01026080,East Midlands,E07000137,East Lindsey,860.123041,16.9560544712711,0.625598,0.86244,5.270334,8.320574,62.5598,74.4019,100,100,12.5219067799122,0.625598,1,2.82177,9.625598,62.5598,100,100,100,8.58261508717342,1.356459,10,10,10,100,100,100,100
E01026081,East Midlands,E07000137,East Lindsey,1144.087108,5.63910659236053,2.902877,3,6,7.852517,100,100,100,100,6.87414572826871,3,3,3,4.579136,100,100,100,100,6.80132975327767,3,9.910971,10,10,100,100,100,100
E01026082,East Midlands,E07000137,East Lindsey,955.806585,40.9930723365155,0.170075,1.143164,2.386437,3.539289,17.0075,71.0441,77.2874,77.2874,28.9149811163064,0,1.078579,2.949407,3.893433,0,57.0505,100,100,13.4794266482386,1.287405,7.761033,10,10,67.4919,100,100,100
E01026083,East Midlands,E07000137,East Lindsey,792.218589,9.15717610976883,1,2,3.201298,5.097402,100,100,100,100,8.35134956145351,2,2,2,2,100,100,100,100,7.58495935030423,2,5,10,10,100,100,100,100
E01026084,East Midlands,E07000137,East Lindsey,684.188783,10.2238912506663,0.834586,2,3.183458,5.733834,83.4586,100,100,100,8.64035438777618,2,2,2,2,100,100,100,100,7.43029321499838,2,4.851127,10,10,100,100,100,100
E01026085,East Midlands,E07000137,East Lindsey,1062.807538,11.9256829241529,0.703775,1.703775,2.191674,4,70.3775,100,100,100,9.42378285960433,1.338818,2,2,2,94.1916,100,100,100,8.23416814098425,2,4.498547,10,10,100,100,100,100
E01026087,East Midlands,E07000137,East Lindsey,474.302299,16.1840531170074,0,3,4,7.542299,0,100,100,100,10.251037979833,3,3,3,4,100,100,100,100,8.71939044041924,3,9.570498,10,10,100,100,100,100
E01026088,East Midlands,E07000137,East Lindsey,522.658499,16.3041827626374,0.452755,3,4,7.606299,45.2755,100,100,100,10.2204529724472,3,3,3,4,100,100,100,100,8.43726816923164,3,9.401574,10,10,100,100,100,100
E01026089,East Midlands,E07000137,East Lindsey,951.691165,7.62275360896233,2.24,3,4.875675,7.621621,100,100,100,100,7.5074808754403,3,3,3,4.892972,100,100,100,100,7.19153495657997,3,10,10,10,100,100,100,100
E01026090,East Midlands,E07000137,East Lindsey,565.870422,9.79233218857527,1.581818,3,3.992727,7,100,100,100,100,8.64178343301215,3,3,3,4.18,100,100,100,100,7.76623103919872,3,9.70909,10,10,100,100,100,100
E01026091,East Midlands,E07000137,East Lindsey,448.580916,11.8060715385846,1,3,3.772935,7,100,100,100,100,9.29891078514712,3,3,3,4.770642,100,100,100,100,7.57116067750113,3,10,10,10,100,100,100,100
E01026092,East Midlands,E07000137,East Lindsey,636.861439,13.7059025023457,1.05008,2,2,9.840064,62.197,100,100,100,9.59664099972423,2,2,2,2,100,100,100,100,7.47514984624311,2,5,10,10,100,100,100,100
E01026093,East Midlands,E07000137,East Lindsey,787.074314,17.0978008512215,0.431372,2,2.560784,8.941176,43.1372,100,100,100,11.9348784292953,1.878431,2,2,2,100,100,100,100,9.00046231199738,2,4.690196,10,10,100,100,100,100
E01026094,East Midlands,E07000137,East Lindsey,710.939022,13.2957550559268,1.534008,2,2,7.251808,85.6729,100,100,100,9.52193518893031,2,2,2,2,100,100,100,100,7.75359056326634,2,5,10,10,100,100,100,100
E01026095,East Midlands,E07000137,East Lindsey,496.937115,26.9065156297828,0,1.490683,2,4.894409,0,74.5341,100,100,15.1344151462746,0.467908,2,2,2,46.7908,100,100,100,10.7561972693213,2,3.221532,10,10,100,100,100,100
E01026096,East Midlands,E07000137,East Lindsey,614.226622,32.3666392683532,0,0.763819,2,2.597989,0,38.1909,100,100,16.5641297470276,0,2,2,2,0,100,100,100,11.5532660102483,2,2.809045,9.413735,10,100,100,100,100
E01026097,East Midlands,E07000137,East Lindsey,731.516127,20.3748430569135,0,2,2,8.265822,0,100,100,100,12.9431282400461,1.632911,2,2,2,100,100,100,100,9.88445024746251,2,3.632911,10,10,100,100,100,100
E01026098,East Midlands,E07000137,East Lindsey,839.545936,18.7569861639556,0.262254,3.344362,6.344362,7.262254,26.2254,100,100,100,27.9108808781179,0,0.852941,6.323529,7.709558,0,85.2941,100,100,11.7643574138463,1.683823,9.830882,10,10,100,100,100,100
E01026099,East Midlands,E07000137,East Lindsey,973.297125,23.6237688031771,0.248414,1,1.248414,3.062367,24.8414,100,100,100,30.6687618293106,0,0.509513,1.27167,3.013742,0,50.9513,100,100,13.7655184720014,0.583509,5.725158,10,10,58.3509,100,100,100
E01026100,East Midlands,E07000137,East Lindsey,854.978765,7.29540066465999,1,1.880866,4.880866,7.083032,100,100,100,100,7.20412588513357,1,1,1,3.440433,100,100,100,100,6.53642042810785,1,8,10,10,100,100,100,100
E01026101,East Midlands,E07000137,East Lindsey,521.629643,10.3146394155558,1,2,5,9,100,100,100,100,8.1795631336273,1,1,1,4,100,100,100,100,7.12731616374689,1,8.195266,10,10,100,100,100,100
E01026102,East Midlands,E07000137,East Lindsey,919.796649,13.4048435681973,0.393736,2.070469,5.183445,6.16331,39.3736,100,100,100,16.318486970658,0.393736,0.855704,1.717002,3.840044,39.3736,85.5704,100,100,9.65398561924268,0.965324,7.822147,10,10,73.4899,100,100,100
E01026103,East Midlands,E07000137,East Lindsey,1007.249351,21.9398105663567,0,1.399387,2,2.101123,0,100,100,100,23.1936207222323,0,1,1.265577,2,0,100,100,100,13.8277489505571,0.866189,2.464759,10,10,86.6189,100,100,100
E01026104,East Midlands,E07000137,East Lindsey,1055.605551,27.4530015420524,0,0.730019,1.851851,2.155945,0,73.0019,100,100,27.8831242752768,0,0.851851,1,2,0,85.1851,100,100,15.8157038792602,0.260233,2,10,10,26.0233,100,100,100
E01026105,East Midlands,E07000137,East Lindsey,828.228527,35.4736431571985,0.122981,0.43354,0.686956,1.536645,12.2981,31.0559,44.0993,85.2173,21.3813678932459,0.122981,0.791304,2.080745,3.736645,12.2981,79.1304,100,100,11.2804983753972,1.362732,9.042236,10,10,100,100,100,100
E01026106,East Midlands,E07000137,East Lindsey,494.879405,24.1550799585452,0,3.401247,10,10,0,100,100,100,27.3945304664077,0,1.226611,9.401247,10,0,100,100,100,12.9781528441769,2.453222,10,10,10,100,100,100,100
E01026107,East Midlands,E07000137,East Lindsey,516.485367,30.2162675833919,0,1.689243,7.01992,10,0,67.9282,100,100,34.8575553516038,0,0.541832,4.621513,9.037848,0,27.0916,100,100,16.5461190166206,0.752988,9.679282,10,10,48.2071,100,100,100
E01026108,East Midlands,E07000137,East Lindsey,968.152849,13.1122377329724,1.222104,3,3.580233,7,100,100,100,100,10.4538914071636,3,3,3,4,100,100,100,100,8.59243940424399,3,9.795961,10,10,100,100,100,100
E01026109,East Midlands,E07000137,East Lindsey,1135.856265,19.3878441080906,0.139492,1,2,2.390398,13.9492,100,100,100,14.1476281167421,0.696557,1,1,2,69.6557,100,100,100,10.2566603448482,1,2.813405,9.830615,10,100,100,100,100
E01026110,East Midlands,E07000137,East Lindsey,706.823601,32.809793264889,0,0.411935,3.391557,7.248908,0,41.1935,85.5895,85.5895,37.6380652665321,0,0,1.71179,2.732168,0,0,85.5895,100,14.6024208081193,0.855895,4,10,10,85.5895,100,100,100
E01026111,East Midlands,E07000137,East Lindsey,571.014699,30.1456731215001,0,0.74054,1.98018,4.845045,0,56.2162,100,100,39.4688197327163,0,0,1,2.801801,0,0,100,100,16.8313193132506,0,4.98018,10,10,0,100,100,100
E01026112,East Midlands,E07000137,East Lindsey,482.533142,25.9535852618334,0,1.264392,4.793176,8.577825,0,100,100,100,35.8670323953396,0,0,1.788912,2.211087,0,0,100,100,13.9536748180545,0.788912,4,10,10,78.8912,100,100,100
E01026113,East Midlands,E07000137,East Lindsey,752.093234,27.4796706452782,0,0.960328,2.410396,3.913816,0,63.7482,100,100,32.9502471082005,0,0.22435,1.336525,3.279069,0,22.435,100,100,15.0772992853275,0.320109,5.928864,10,10,32.0109,100,100,100
E01026114,East Midlands,E07000137,East Lindsey,657.438545,15.2248841285074,0.323943,2,2.496087,7.350547,32.3943,100,100,100,10.2644209151707,2,2,2,2,100,100,100,100,7.86454003919126,2,4.496087,10,10,100,100,100,100
E01026115,East Midlands,E07000137,East Lindsey,763.410642,18.5120098261631,0,1.805929,2,3.611859,0,100,100,100,16.9973554000557,0,2,2,2,0,100,100,100,11.1941703417253,2,3.327493,10,10,100,100,100,100
E01026116,East Midlands,E07000137,East Lindsey,685.217638,15.9082424539508,0,2,2,5.472972,0,100,100,100,12.6799453272964,1.163663,2,2,2,100,100,100,100,9.39951516035831,2,3.806306,10,10,100,100,100,100
E01026117,East Midlands,E07000137,East Lindsey,842.632502,30.5877391962479,0,1.006105,2.855921,3.306471,0,64.3467,89.9877,89.9877,33.2375100060555,0,0.417582,1.755799,3.96459,0,41.7582,92.796,100,15.0202350864613,0.621489,6.184371,10,10,37.851,100,100,100
E01026118,East Midlands,E07000137,East Lindsey,718.141009,14.2188387334483,0.590257,2.277936,4.136103,5.580229,44.8424,100,100,100,10.1381235083126,2,2,3.141833,5.722063,100,100,100,100,8.0309267385737,2.136103,7.886819,10,10,100,100,100,100
E01026119,East Midlands,E07000137,East Lindsey,485.619708,12.7702794832293,1.237288,2.237288,3.724576,4.980932,74.3644,100,100,100,11.6282376182017,1.487288,2.256355,3.506355,5,74.3644,100,100,100,8.51073309056214,2.75,7.182203,10,10,100,100,100,100
E01026120,East Midlands,E07000137,East Lindsey,616.284333,6.80557031417726,1.834724,3,5,5.889816,100,100,100,100,7.34817401979342,2,2,3.275459,5.388981,100,100,100,100,6.65731709641536,2.72454,7.889816,10,10,100,100,100,100
E01026121,East Midlands,E07000137,East Lindsey,1120.423435,13.1580390519267,0.856749,1.167125,8.494031,9.476584,85.6749,94.7658,94.7658,94.7658,11.8751397631443,0.714416,1,1.052341,2.714416,71.4416,100,100,100,7.53317885821645,1,10,10,10,100,100,100,100
E01026122,East Midlands,E07000138,Lincoln,705.506163,5.09264949118803,2.655737,9.855439,10,10,100,100,100,100,6.81693528473996,7.612518,10,10,10,100,100,100,100,6.98109244372193,9.704918,10,10,10,100,100,100,100
E01026123,East Midlands,E07000138,Lincoln,969.413834,13.0772500452242,0.785249,9.034707,10,10,78.5249,100,100,100,11.2881973281241,2.536876,10,10,10,100,100,100,100,8.58850002100593,8.516268,10,10,10,100,100,100,100
E01026124,East Midlands,E07000138,Lincoln,635.06069,7.80911584918092,1.327814,8.786423,10,10,100,100,100,100,7.99556098580361,6.314569,10,10,10,100,100,100,100,6.58924998997188,10,10,10,10,100,100,100,100
E01026125,East Midlands,E07000138,Lincoln,598.260815,12.6910188997317,0.652021,9.347978,10,10,65.2021,100,100,100,9.7655723432325,6.869947,10,10,10,100,100,100,100,8.23073585865633,9.652021,10,10,10,100,100,100,100
E01026126,East Midlands,E07000138,Lincoln,825.368612,4.89803981627353,1.59363,9.422929,10,10,100,100,100,100,6.66692269661501,6,10,10,10,100,100,100,100,6.12379160750693,10,10,10,10,100,100,100,100
E01026127,East Midlands,E07000138,Lincoln,643.47209,8.34768005920241,2,4.477124,9.526143,10,100,100,100,100,7.93237597470847,2,10,10,10,100,100,100,100,7.05413693343735,3.763071,10,10,10,100,100,100,100
E01026128,East Midlands,E07000138,Lincoln,1071.402057,11.036463417028,1.715407,4.931305,9.514229,10,85.7703,100,100,100,9.45814917028892,2,8.194308,10,10,100,100,100,100,7.7473337986957,3.953876,10,10,10,100,100,100,100
E01026129,East Midlands,E07000138,Lincoln,741.254614,8.90596495856319,2,3.625531,9.458156,10,100,100,100,100,8.83663925672309,2,7.73617,10,10,100,100,100,100,7.57958335168006,3,10,10,10,100,100,100,100
E01026130,East Midlands,E07000138,Lincoln,581.438015,17.1318534600689,0.448462,4.972875,10,10,22.4231,100,100,100,11.3722856934006,2,10,10,10,100,100,100,100,9.05379144399783,4.363471,10,10,10,100,100,100,100
E01026131,East Midlands,E07000138,Lincoln,605.62079,9.65091697310842,1.65625,5.894097,10,10,82.8125,100,100,100,8.2754365973672,2,10,10,10,100,100,100,100,7.28364636096899,4.237847,10,10,10,100,100,100,100
E01026132,East Midlands,E07000138,Lincoln,555.15239,6.29044206701195,3.187499,10,10,10,100,100,100,100,7.70149081429574,7.8125,10,10,10,100,100,100,100,6.84665192028276,9.374999,10,10,10,100,100,100,100
E01026133,East Midlands,E07000138,Lincoln,957.84816,11.7094708966334,1.705817,10,10,10,84.4127,100,100,100,9.63379662505544,7,10,10,10,100,100,100,100,8.06177530003191,9.32821,10,10,10,100,100,100,100
E01026134,East Midlands,E07000138,Lincoln,768.591663,9.53160790645641,1.709986,10,10,10,100,100,100,100,8.31684176926426,7.653898,10,10,10,100,100,100,100,7.66754647297098,10,10,10,10,100,100,100,100
E01026135,East Midlands,E07000138,Lincoln,692.889063,7.49763891017159,1.481031,9.465857,10,10,100,100,100,100,7.4669993916316,4.345978,10,10,10,100,100,100,100,6.71237297946653,8.952959,10,10,10,100,100,100,100
E01026136,East Midlands,E07000138,Lincoln,610.877915,12.2285536387341,0.593803,7.645438,10,10,59.3803,100,100,100,9.1845232766369,2.557659,10,10,10,100,100,100,100,8.32288630035345,7.292598,10,10,10,100,100,100,100
E01026137,East Midlands,E07000138,Lincoln,488.912617,8.47093046934708,2,9.064516,10,10,100,100,100,100,8.24028698475464,3.064516,10,10,10,100,100,100,100,7.15438258502794,5.812903,10,10,10,100,100,100,100
E01026138,East Midlands,E07000138,Lincoln,547.792416,6.05212742340375,1.619961,6.976967,10,10,100,100,100,100,7.32947177583333,2.226487,10,10,10,100,100,100,100,6.75704051366591,5.370441,10,10,10,100,100,100,100
E01026139,East Midlands,E07000138,Lincoln,480.501217,16.4396323543529,0.280087,7.126914,10,10,28.0087,100,100,100,10.957211634831,3.280087,10,10,10,100,100,100,100,8.53886768772344,6,10,10,10,100,100,100,100
E01026140,East Midlands,E07000138,Lincoln,657.140614,4.95313038354806,1.423999,7.271999,10,10,100,100,100,100,7.22610271900539,2.0112,10,10,10,100,100,100,100,6.7474624352964,5.423999,10,10,10,100,100,100,100
E01026141,East Midlands,E07000138,Lincoln,561.460941,8.05109202251498,1.185393,7.820224,10,10,100,100,100,100,8.37861437374414,4.185393,10,10,10,100,100,100,100,8.77813645222895,6.674157,10,10,10,100,100,100,100
E01026142,East Midlands,E07000138,Lincoln,471.038392,12.0458641092249,2.294642,9,10,10,100,100,100,100,9.59581376202154,4,10,10,10,100,100,100,100,8.46650999264429,5.705357,10,10,10,100,100,100,100
E01026143,East Midlands,E07000138,Lincoln,747.563164,4.35510139100187,5.042194,10,10,10,100,100,100,100,6.75882882864267,6.457102,10,10,10,100,100,100,100,6.42771399441782,9.414908,10,10,10,100,100,100,100
E01026144,East Midlands,E07000138,Lincoln,545.689565,11.2500240962777,3,10,10,10,100,100,100,100,9.60938631242439,6,10,10,10,100,100,100,100,8.33449668017924,8,10,10,10,100,100,100,100
E01026145,East Midlands,E07000138,Lincoln,650.832065,9.22495527487254,3.78029,9.011308,10,10,100,100,100,100,8.15387960707485,6.439418,10,10,10,100,100,100,100,7.89624199839774,8.43134,10,10,10,100,100,100,100
E01026146,East Midlands,E07000138,Lincoln,729.688938,4.93227509044641,3.50144,10,10,10,100,100,100,100,7.69324334585064,6,10,10,10,100,100,100,100,7.18427161774067,10,10,10,10,100,100,100,100
E01026147,East Midlands,E07000138,Lincoln,803.288686,11.6144604697447,0.740837,8.532722,10,10,74.0837,100,100,100,10.141988782337,5.268324,10,10,10,100,100,100,100,8.76068764948347,7.574607,10,10,10,100,100,100,100
E01026148,East Midlands,E07000138,Lincoln,935.768234,4.52398176514212,2.368539,10,10,10,100,100,100,100,6.67527098969875,8,10,10,10,100,100,100,100,6.67338850167705,8.741573,10,10,10,100,100,100,100
E01026149,East Midlands,E07000138,Lincoln,809.597237,11.39492565539,1.30909,8.742857,10,10,100,100,100,100,11.0861286438243,2.742857,10,10,10,100,100,100,100,8.46241810593028,7.387012,10,10,10,100,100,100,100
E01026150,East Midlands,E07000138,Lincoln,763.334538,12.0448058272723,2.269972,7.811294,10,10,100,100,100,100,11.4524873831196,3,10,10,10,100,100,100,100,8.94763647429918,9,10,10,10,100,100,100,100
E01026151,East Midlands,E07000138,Lincoln,845.345687,10.5087545340683,1.398009,8.885572,10,10,83.8308,100,100,100,8.58212916826401,5.767412,10,10,10,100,100,100,100,7.59011373519898,8.281094,10,10,10,100,100,100,100
E01026152,East Midlands,E07000138,Lincoln,520.455367,10.1468310672825,2.456565,10,10,10,100,100,100,100,8.36596456243599,3.543434,10,10,10,100,100,100,100,7.45020876467643,9,10,10,10,100,100,100,100
E01026153,East Midlands,E07000138,Lincoln,936.819659,7.31674719367045,1,8.044893,10,10,100,100,100,100,7.95046307952487,3,10,10,10,100,100,100,100,7.71754089992798,6.333333,10,10,10,100,100,100,100
E01026154,East Midlands,E07000138,Lincoln,469.986967,11.4906873033387,2,9.557046,10,10,100,100,100,100,8.8605099675925,5.093959,10,10,10,100,100,100,100,8.02470071546607,8.825503,10,10,10,100,100,100,100
E01026155,East Midlands,E07000138,Lincoln,718.123264,10.8418997332406,1,4.969253,10,10,100,100,100,100,8.99814860325455,3,10,10,10,100,100,100,100,7.29617326341738,6,10,10,10,100,100,100,100
E01026156,East Midlands,E07000138,Lincoln,477.346942,8.82804505466836,2,10,10,10,100,100,100,100,8.55908722869799,5,10,10,10,100,100,100,100,7.80482229450793,9,10,10,10,100,100,100,100
E01026157,East Midlands,E07000138,Lincoln,639.26639,10.6183122813869,2.269736,9.472039,10,10,100,100,100,100,8.95995099320799,3.223684,10,10,10,100,100,100,100,7.85657563121045,8.223684,10,10,10,100,100,100,100
E01026158,East Midlands,E07000138,Lincoln,681.32339,15.0340471117944,0.367283,5.768518,10,10,18.3641,100,100,100,10.9574947013419,2,10,10,10,100,100,100,100,8.86746612503901,4.183641,10,10,10,100,100,100,100
E01026159,East Midlands,E07000138,Lincoln,635.06069,11.3170064917873,1.599337,6.380794,10,10,79.9668,100,100,100,9.09686191428509,2,10,10,10,100,100,100,100,7.63022413102079,4.163907,10,10,10,100,100,100,100
E01026160,East Midlands,E07000138,Lincoln,603.51794,11.0982155238665,2,6,10,10,100,100,100,100,9.1242615716274,2,8.801393,10,10,100,100,100,100,7.78256154977358,3.94425,10,10,10,100,100,100,100
E01026161,East Midlands,E07000138,Lincoln,709.711865,14.5201235153647,0.595555,8.976296,10,10,59.5555,100,100,100,10.9785828919605,1.402962,10,10,10,100,100,100,100,10.3098329063072,7.782222,10,10,10,100,100,100,100
E01026162,East Midlands,E07000138,Lincoln,602.466515,15.0204909952523,0.96335,7.438045,10,10,60.0349,100,100,100,11.9240837443561,1.354275,10,10,10,100,100,100,100,10.222401847702,5.354275,10,10,10,100,100,100,100
E01026163,East Midlands,E07000138,Lincoln,602.466515,15.589382405842,0.795811,6.172774,10,10,39.7905,100,100,100,11.0200146920541,2,9.008726,10,10,100,100,100,100,8.38776472035576,5.179755,10,10,10,100,100,100,100
E01026164,East Midlands,E07000138,Lincoln,555.152391,10.4871842230216,2.187499,9.507575,10,10,100,100,100,100,8.96093850364631,5.816287,10,10,10,100,100,100,100,7.7923499597322,9.416666,10,10,10,100,100,100,100
E01026165,East Midlands,E07000138,Lincoln,714.968988,6.37547579898753,2,9.02647,10,10,100,100,100,100,7.33280539188788,3.635294,10,10,10,100,100,100,100,6.73058948562142,8.822058,10,10,10,100,100,100,100
E01026166,East Midlands,E07000138,Lincoln,539.381017,10.3306753364387,2,7.676413,10,10,100,100,100,100,8.45343491999675,3,10,10,10,100,100,100,100,7.20598027065912,9,10,10,10,100,100,100,100
E01026167,East Midlands,E07000138,Lincoln,799.082987,10.2161341127877,3.631578,10,10,10,100,100,100,100,8.82260695844413,8.503947,10,10,10,100,100,100,100,8.2833418803474,9.83421,10,10,10,100,100,100,100
E01026168,East Midlands,E07000138,Lincoln,609.82649,12.880716121558,2,6.606896,10,10,100,100,100,100,9.55272734198032,3,10,10,10,100,100,100,100,8.00668046362801,8.775862,10,10,10,100,100,100,100
E01026169,East Midlands,E07000138,Lincoln,703.403313,13.0346152754464,1.38266,7.877429,10,10,100,100,100,100,9.28722289954512,2.173393,10,10,10,100,100,100,100,7.4582138583744,7.449925,10,10,10,100,100,100,100
E01026170,East Midlands,E07000138,Lincoln,594.055115,8.9167735319671,2.175221,8.730973,10,10,100,100,100,100,8.15604358984699,4,10,10,10,100,100,100,100,7.23216235605139,8.824778,10,10,10,100,100,100,100
E01026171,East Midlands,E07000138,Lincoln,701.300465,16.038947815268,0.41829,6.656671,10,10,41.829,100,100,100,11.5993700567006,2.650674,10,10,10,100,100,100,100,9.29796326678098,7.637181,10,10,10,100,100,100,100
E01026172,East Midlands,E07000138,Lincoln,599.31224,9.37962736476082,1,9.808771,10,10,100,100,100,100,7.99806906214252,2.778947,10,10,10,100,100,100,100,6.96710706863623,10,10,10,10,100,100,100,100
E01026173,East Midlands,E07000138,Lincoln,658.192039,10.8987332453374,1.488817,9.528753,10,10,100,100,100,100,8.64604184565626,2.798722,10,10,10,100,100,100,100,7.24056997798982,10,10,10,10,100,100,100,100
E01026174,East Midlands,E07000138,Lincoln,635.06069,5.37246957798345,2,10,10,10,100,100,100,100,6.89925973696952,7.12086,10,10,10,100,100,100,100,6.7651009182991,10,10,10,10,100,100,100,100
E01026175,East Midlands,E07000138,Lincoln,816.957212,8.58811004834557,2.357786,10,10,10,100,100,100,100,8.16923236966828,4.586872,10,10,10,100,100,100,100,8.02700899422264,8.459459,10,10,10,100,100,100,100
E01026176,East Midlands,E07000138,Lincoln,913.688311,4.33563447207135,2.884925,10,10,10,100,100,100,100,6.43371800990391,7.252013,10,10,10,100,100,100,100,6.6389869287649,9.069044,10,10,10,100,100,100,100
E01026177,East Midlands,E07000138,Lincoln,757.025988,5.13006521695589,1.416666,10,10,10,100,100,100,100,6.68965863589063,7.679166,10,10,10,100,100,100,100,7.01629016126495,9.294444,10,10,10,100,100,100,100
E01026178,East Midlands,E07000138,Lincoln,749.666013,9.53909801571283,2.207573,10,10,10,100,100,100,100,8.21528608006875,7.154277,10,10,10,100,100,100,100,8.05383388155496,9.807854,10,10,10,100,100,100,100
E01026179,East Midlands,E07000139,North Kesteven,447.92378,17.5279305132938,0.344418,1.92399,4.344418,10,34.4418,100,100,100,25.4389219775906,0,1,3,6.453681,0,100,100,100,12.7211320197431,1.344418,10,10,10,100,100,100,100
E01026180,East Midlands,E07000139,North Kesteven,585.173584,32.6402086871746,0,0.821818,3.285454,5.496363,0,62.5454,88.3636,88.3636,21.6441178510651,0,1,3.42909,5.296363,0,100,100,100,10.774852519588,1.82,10,10,10,100,100,100,100
E01026182,East Midlands,E07000139,North Kesteven,578.789872,9.15792707673141,0.818014,3.483455,5.931985,10,81.8014,100,100,100,8.28209179457353,1,1,4.334558,10,100,100,100,100,6.89605867246888,1,10,10,10,100,100,100,100
E01026183,East Midlands,E07000139,North Kesteven,1082.039154,15.9137203085023,0.58407,0.839724,1.423795,2,58.407,83.9724,83.9724,100,10.041813907331,0.839724,1.219272,2.32055,5.005899,83.9724,100,100,100,7.23075197754973,1.316617,10,10,10,100,100,100,100
E01026184,East Midlands,E07000139,North Kesteven,566.022448,17.4734337472186,0.413533,6.424812,10,10,41.3533,100,100,100,18.1013173261886,0,5.840225,10,10,0,100,100,100,10.6551256977283,3.199248,10,10,10,100,100,100,100
E01026185,East Midlands,E07000139,North Kesteven,814.987209,13.9161938222474,0.655352,8.432114,10,10,65.5352,100,100,100,17.5340635967881,0.168407,6.685378,10,10,16.8407,100,100,100,9.81737005620337,5.685378,10,10,10,100,100,100,100
E01026186,East Midlands,E07000139,North Kesteven,699.016444,7.2797594116862,1.249619,8.65449,10,10,100,100,100,100,7.74076173525359,1.453576,10,10,10,100,100,100,100,7.06609390732349,4.604261,10,10,10,100,100,100,100
E01026187,East Midlands,E07000139,North Kesteven,670.289742,13.4686145177116,0.842857,5.730158,10,10,84.2857,100,100,100,9.5394457749816,1,10,10,10,100,100,100,100,7.98375312915677,3.628571,10,10,10,100,100,100,100
E01026188,East Midlands,E07000139,North Kesteven,1040.545028,11.2010702549396,1,8.226993,10,10,100,100,100,100,9.18293147922447,1,10,10,10,100,100,100,100,7.63109652649216,2.704498,10,10,10,100,100,100,100
E01026189,East Midlands,E07000139,North Kesteven,811.795353,10.6120701003398,1,5.55439,10,10,100,100,100,100,10.2003054361268,1,7.343381,10,10,100,100,100,100,9.06906114377048,5.110091,10,10,10,100,100,100,100
E01026190,East Midlands,E07000139,North Kesteven,623.475855,7.3427836593034,1,4.337883,10,10,100,100,100,100,7.52077832527085,1,2.424914,10,10,100,100,100,100,7.21653032161315,3.105802,10,10,10,100,100,100,100
E01026191,East Midlands,E07000139,North Kesteven,741.574525,15.3434649262095,0.3802,3.238163,9.704447,10,38.02,100,100,100,17.5964031152572,0.3802,1.527977,6.753228,10,38.02,100,100,100,10.2585395450308,2.890961,10,10,10,100,100,100,100
E01026192,East Midlands,E07000139,North Kesteven,483.034195,27.0234626428626,0,0.596916,3.193832,5.73348,0,59.6916,100,100,34.837019625712,0,0,2.991189,8,0,0,100,100,15.4370271274552,0.806167,10,10,10,40.3083,100,100,100
E01026193,East Midlands,E07000139,North Kesteven,695.824589,33.7041604591908,0,0.70948,3.301223,8.555045,0,35.474,83.9449,100,19.6840284229436,0.35474,1,3.324159,10,35.474,100,100,100,11.9147136620929,0.848623,10,10,10,84.8623,100,100,100
E01026194,East Midlands,E07000139,North Kesteven,830.946488,9.44610134966001,1,2.309859,9.792573,10,100,100,100,100,8.52886245280288,1,1,3.455825,10,100,100,100,100,7.07350571177738,1,10,10,10,100,100,100,100
E01026195,East Midlands,E07000139,North Kesteven,879.888279,13.707389513967,0.436517,2.443772,10,10,43.6517,100,100,100,17.8016475973295,0.436517,1.718258,6.729141,10,43.6517,100,100,100,9.54411901025559,2.007255,10,10,10,100,100,100,100
E01026196,East Midlands,E07000139,North Kesteven,575.598016,13.2966859556577,0.541589,1.541589,6.792975,10,54.1589,100,100,100,19.5326589757078,0.358595,1,1.358595,6.151571,35.8595,100,100,100,9.21177910043402,1,10,10,10,100,100,100,100
E01026197,East Midlands,E07000139,North Kesteven,556.44688,30.1143861030162,0,0.543021,1,1,0,54.3021,100,100,26.6241871770854,0,1,2.810707,5,0,100,100,100,15.5819447275761,0.237093,10,10,10,23.7093,100,100,100
E01026198,East Midlands,E07000139,North Kesteven,422.388932,32.2413850454441,0,0.24937,0.61209,1,0,24.937,61.209,100,33.8461331170915,0,0,2.61209,4,0,0,100,100,14.9093685223178,0.24937,9.224181,10,10,24.937,100,100,100
E01026199,East Midlands,E07000139,North Kesteven,997.986949,38.5605527615138,0,0.747334,2.362473,3.664179,0,55.8635,55.8635,81.3432,28.1876518366076,0,1.962686,6.744136,10,0,44.3496,100,100,14.6810256178382,1.972281,10,10,10,70.7889,100,100,100
E01026200,East Midlands,E07000139,North Kesteven,669.225789,20.2058912367393,0.842607,1.685214,5.195548,8.068362,84.2607,84.2607,84.2607,100,11.9526153287826,0.842607,1,1.842607,5.427662,84.2607,100,100,100,8.94341657566719,1.100158,10,10,10,84.2607,100,100,100
E01026201,East Midlands,E07000139,North Kesteven,775.620987,17.7075716657493,0.248285,1.899862,3.470507,5.683127,24.8285,100,100,100,18.6156779086317,0.486968,1,2,4.185185,48.6968,100,100,100,11.0085305205283,1,9.864197,10,10,100,100,100,100
E01026202,East Midlands,E07000139,North Kesteven,850.097624,10.3606425737107,0.843554,2,3.415519,8.341677,84.3554,100,100,100,8.39748808100574,1,1,2,6,100,100,100,100,7.19890600686623,1,10,10,10,100,100,100,100
E01026203,East Midlands,E07000139,North Kesteven,792.644218,9.34489341386464,0.801342,5.056375,10,10,80.1342,100,100,100,8.45922262574664,1.79463,8.814765,10,10,100,100,100,100,7.29138972533269,4.432214,10,10,10,100,100,100,100
E01026204,East Midlands,E07000139,North Kesteven,725.615245,12.580192279415,1,3.290322,10,10,100,100,100,100,9.82897960109299,1,3.580645,10,10,100,100,100,100,7.93749701833668,2,10,10,10,100,100,100,100
E01026205,East Midlands,E07000139,North Kesteven,674.545549,12.680716800379,0.843848,3.626182,10,10,84.3848,100,100,100,11.7655896528536,1,3.253943,10,10,100,100,100,100,8.34668403184375,2.205047,10,10,10,100,100,100,100
E01026206,East Midlands,E07000139,North Kesteven,775.620986,14.1934107862011,0.64609,3.615912,9.828532,10,64.609,100,100,100,11.2751062018884,1.300411,2.674897,10,10,100,100,100,100,8.3022294084565,2,10,10,10,100,100,100,100
E01026207,East Midlands,E07000139,North Kesteven,556.44688,34.9507880264027,0,0.695984,1.063097,1.391969,0,69.5984,69.5984,69.5984,24.2769828313475,0,0.695984,2.328871,4.734225,0,69.5984,100,100,11.0717994790928,1.657743,10,10,10,100,100,100,100
E01026208,East Midlands,E07000139,North Kesteven,674.54555,27.8743810268871,0.547318,0.70347,1.798107,5.004731,54.7318,70.347,70.347,70.347,16.3598420751025,0.547318,1.4526810000000001,3,4.156151,54.7318,100,100,100,10.2268480102918,1.70347,10,10,10,100,100,100,100
E01026209,East Midlands,E07000139,North Kesteven,972.452101,22.7581732353214,0,1.254923,1.254923,2.884026,0,100,100,100,21.5577615876927,0,1.932166,2.067833,5.497811,0,100,100,100,12.6335967071125,2.315098,10,10,10,100,100,100,100
E01026210,East Midlands,E07000139,North Kesteven,1018.202035,28.4420545346082,0.206896,1.317659,2.670846,4.462904,20.6896,68.443,79.7283,94.0438,25.2775511635674,0.103448,0.60606,3.368861,5.787878,10.3448,51.6196,100,100,11.2792243229768,2.424242,9.850574,10,10,94.0438,100,100,100
E01026211,East Midlands,E07000139,North Kesteven,673.481598,16.9982514761876,0.240126,2.156398,8.480252,10,24.0126,100,100,100,17.7210033319239,0.630331,1.369668,3.156398,10,63.0331,100,100,100,10.2502005452239,2,10,10,10,100,100,100,100
E01026212,East Midlands,E07000139,North Kesteven,705.400156,11.9564612741262,0.793363,2,6.900452,10,79.3363,100,100,100,8.85298216177028,1,1,2.386123,8.772247,100,100,100,100,7.05577863297611,1.386123,10,10,10,100,100,100,100
E01026213,East Midlands,E07000139,North Kesteven,804.347689,7.68054591272145,1,2.350529,8.96164,10,100,100,100,100,7.48809837594173,1,1,2.17328,7.95238,100,100,100,100,6.38367124371137,1.387566,10,10,10,100,100,100,100
E01026214,East Midlands,E07000139,North Kesteven,503.249282,12.2443743653388,1.460887,6.805496,10,10,100,100,100,100,9.38145812087827,3,10,10,10,100,100,100,100,7.86327632647393,6,10,10,10,100,100,100,100
E01026215,East Midlands,E07000139,North Kesteven,472.394675,16.149757787502,0.252252,7.281531,10,10,25.2252,100,100,100,10.9944599655975,3,10,10,10,100,100,100,100,8.14554002808903,6,10,10,10,100,100,100,100
E01026218,East Midlands,E07000139,North Kesteven,525.592274,5.88251036598796,1.704453,6.520242,9.696356,10,100,100,100,100,7.00007481160802,2,8.504048,10,10,100,100,100,100,6.89453868616252,4.208502,10,10,10,100,100,100,100
E01026219,East Midlands,E07000139,North Kesteven,538.359696,8.70300595342457,1.503952,6.507905,10,10,100,100,100,100,7.94087213464554,2.252964,10,10,10,100,100,100,100,7.24621503843684,5.747035,10,10,10,100,100,100,100
E01026220,East Midlands,E07000139,North Kesteven,1040.545027,10.0836060880281,1.305725,5.683026,10,10,77.5051,100,100,100,8.30606265217399,2.215746,9.711656,10,10,100,100,100,100,7.23907829509752,5.711656,10,10,10,100,100,100,100
E01026221,East Midlands,E07000139,North Kesteven,986.283477,35.4845426325975,0.106796,1.034519,2.132686,3.137001,10.6796,64.4012,85.9762,85.9762,26.9907481013977,0.106796,0.444444,2.217907,4.376483,10.6796,44.4444,100,100,13.4358519400557,0.64617,10,10,10,64.617,100,100,100
E01026222,East Midlands,E07000139,North Kesteven,752.214042,19.2448312073611,0,2.592644,4.202263,9.198019,0,100,100,100,11.4014156716593,1,1.625176,2.872701,5.485148,100,100,100,100,9.16469655947739,1.859971,10,10,10,100,100,100,100
E01026223,East Midlands,E07000139,North Kesteven,859.673192,11.016175149113,0.507425,2,3.287128,5.519801,50.7425,100,100,100,8.46890363545544,1,1.195544,2.174504,6,100,100,100,100,7.61368240607992,1,10,10,10,100,100,100,100
E01026224,East Midlands,E07000139,North Kesteven,811.795354,18.9810720775994,0.162516,1.557011,3,8.626474,16.2516,100,100,100,10.8760302495451,1,1.394495,2.837483,5.326343,100,100,100,100,9.06633731574735,1.230668,10,10,10,100,100,100,100
E01026225,East Midlands,E07000139,North Kesteven,775.620986,25.0435471861249,0,2.600823,8.407407,10,0,65.0205,100,100,21.209586780061,0,4.061728,10,10,0,100,100,100,13.6252498132516,2.518518,10,10,10,86.4197,100,100,100
E01026226,East Midlands,E07000139,North Kesteven,817.115113,20.0032452092338,0,4.484375,10,10,0,100,100,100,18.5129055655549,0,4.90625,10,10,0,100,100,100,13.3712290547929,2.384114,10,10,10,83.7239,100,100,100
E01026227,East Midlands,E07000139,North Kesteven,759.661707,10.4217898716542,1,2.547619,7.095238,10,100,100,100,100,8.85175039116269,1,1,4,4,100,100,100,100,8.80851387694144,1.170868,10,10,10,100,100,100,100
E01026228,East Midlands,E07000139,North Kesteven,623.475855,17.1077156972619,0.187713,1.761092,4.580204,10,18.7713,100,100,100,11.7746988358074,1,1,4,4,100,100,100,100,10.4167659082892,1.37372,10,10,10,100,100,100,100
E01026229,East Midlands,E07000139,North Kesteven,526.656225,17.2061485645303,0.2,1,2.2,6,20,100,100,100,13.0143245239007,1,2,3,4,100,100,100,100,10.9566686715236,1.533333,10,10,10,100,100,100,100
E01026230,East Midlands,E07000139,North Kesteven,568.150352,14.5583847451315,0.492509,1,3,6.520599,49.2509,100,100,100,12.2668868347062,1,1,3,4,100,100,100,100,10.5263288490223,1,10,10,10,100,100,100,100
E01026231,East Midlands,E07000139,North Kesteven,955.428869,13.2008898253984,0.889755,1.273942,7.135857,10,88.9755,100,100,100,9.66958877060778,1,1,4,4,100,100,100,100,9.24663948826822,1.136971,10,10,10,100,100,100,100
E01026232,East Midlands,E07000139,North Kesteven,922.446359,9.90358721559202,0.885813,1.68166,5.322952,9.576701,88.5813,100,100,100,8.94255513696496,1,1.160322,3.603229,4,100,100,100,100,8.55230734698269,2.160322,10,10,10,100,100,100,100
E01026233,East Midlands,E07000139,North Kesteven,708.592012,17.6527305691604,0,1.506006,4.316816,9.851351,0,100,100,100,12.937120606508,1,1,4,4,100,100,100,100,11.0453930789841,1.357357,10,10,10,100,100,100,100
E01026234,East Midlands,E07000139,North Kesteven,1050.120595,18.4183008432107,0.211752,1.856129,3.286727,8.35157,21.1752,100,100,100,18.0756594188362,0.49848,1.100303,3.598784,4,49.848,100,100,100,11.9309068901379,1.713272,10,10,10,100,100,100,100
E01026235,East Midlands,E07000139,North Kesteven,706.464109,11.903473530294,0.850903,1.402108,4.561746,9.850903,85.0903,100,100,100,9.49694664844525,1,1,3.728915,4,100,100,100,100,8.9261566719665,1.253012,10,10,10,100,100,100,100
E01026236,East Midlands,E07000139,North Kesteven,411.749413,16.7666496330378,0.444444,1,2.700258,7.400516,44.4444,100,100,100,11.6710968078399,1,1.744186,3.255813,4,100,100,100,100,10.1805356266547,1.444444,10,10,10,100,100,100,100
E01026237,East Midlands,E07000139,North Kesteven,523.464368,9.56761229529362,1,6.502032,10,10,100,100,100,100,8.62808989139085,1,10,10,10,100,100,100,100,7.07369843036048,6.256097,10,10,10,100,100,100,100
E01026238,East Midlands,E07000139,North Kesteven,474.522578,13.1336833251293,1,7.273542,10,10,100,100,100,100,11.2194463893655,1,9.008968,10,10,100,100,100,100,8.30452092240431,6.495515,10,10,10,100,100,100,100
E01026239,East Midlands,E07000140,South Holland,784.80504,12.6618070751429,0.720805,1,7.958389,10,72.0805,100,100,100,9.14421875116726,1,1,2.942281,10,100,100,100,100,7.4329739705349,1.366442,10,10,10,100,100,100,100
E01026240,East Midlands,E07000140,South Holland,981.796373,13.958542605829,0.533261,1,8.589055,10,53.3261,100,100,100,9.31560277092386,1,1,3.055793,10,100,100,100,100,7.76195633684742,1.287553,10,10,10,100,100,100,100
E01026241,East Midlands,E07000140,South Holland,711.064969,44.408879037235,0,0,3.568888,5.671111,0,0,79.8518,79.8518,34.9705334335536,0,0,4.238518,5.494814,0,0,100,100,16.4991526542985,0.293333,9.194074,10,10,14.6666,100,100,100
E01026242,East Midlands,E07000140,South Holland,637.324898,20.2070519261071,0,2,4.254545,10,0,100,100,100,26.2184052166744,0,1.672727,3,5,0,100,100,100,12.0093634048999,2.838016,10,10,10,100,100,100,100
E01026243,East Midlands,E07000140,South Holland,597.294574,20.1982988561176,0,2,3.992945,10,0,100,100,100,27.3340857699249,0,2,3.30335,5,0,100,100,100,11.9519073326817,3,10,10,10,100,100,100,100
E01026244,East Midlands,E07000140,South Holland,570.958835,26.1056601507596,0.726937,1.153136,4.878228,7.359778,72.6937,72.6937,81.7343,81.7343,16.3636743780126,0.817343,1.090405,2.725092,6.983394,81.7343,100,100,100,9.26271192257053,1.817343,10,10,10,100,100,100,100
E01026245,East Midlands,E07000140,South Holland,930.178322,19.1706988312578,0.554926,3.20838,5.593431,7.727066,55.4926,83.0124,100,100,18.2441171519712,0.505096,2.237825,3.830124,4.674971,25.2548,83.0124,100,100,9.92544711875309,2.830124,10,10,10,100,100,100,100
E01026246,East Midlands,E07000140,South Holland,949.140056,56.4982551188952,0.109877,1.17536,2.637069,3.951165,10.9877,37.6248,52.3862,52.3862,24.9415267098213,0.109877,1.371809,2.36293,3.681465,10.9877,68.1465,100,100,13.0097294028382,2.044395,7.925638,10,10,68.1465,100,100,100
E01026247,East Midlands,E07000140,South Holland,880.667133,9.76163250821895,1.167464,3.614832,7.844497,10,88.1578,100,100,100,8.24438462431193,1,1.575358,4.631578,8,100,100,100,100,6.58902801487475,2,10,10,10,100,100,100,100
E01026248,East Midlands,E07000140,South Holland,976.529224,52.1551284114039,0,0.513484,1.268608,2.627831,0,25.6742,50.5933,61.2729,20.9672588091252,0.513484,1.868392,3.44768,5.983818,25.6742,83.4951,100,100,12.2035038077601,2.242718,9.834951,10,10,83.4951,100,100,100
E01026249,East Midlands,E07000140,South Holland,812.194209,41.8995311297875,0.256809,0.385214,1.313878,2.6083,12.8404,12.8404,67.1854,85.4734,30.6796077846327,0.256809,0.639429,2.079118,5.217898,12.8404,25.5512,100,100,11.7023841850137,1.512321,10,10,10,100,100,100,100
E01026250,East Midlands,E07000140,South Holland,809.03392,5.81463215679345,2,3.871093,6.170572,8,100,100,100,100,6.9213519068083,2,2.871093,4,6.854166,100,100,100,100,6.48637174376495,2.8125,10,10,10,100,100,100,100
E01026251,East Midlands,E07000140,South Holland,744.774716,15.4311223699025,0.619519,3.759547,6,8,44.9787,100,100,100,11.1796717166648,2,3,4.140028,7.366336,100,100,100,100,8.3699417499211,3,10,10,10,100,100,100,100
E01026252,East Midlands,E07000140,South Holland,820.621645,8.9001861702906,1.68421,3.505776,6.169448,8,100,100,100,100,8.11744656249268,2,3,4,7.519897,100,100,100,100,7.03276160338154,3.519897,10,10,10,100,100,100,100
E01026253,East Midlands,E07000140,South Holland,834.316231,14.443546374454,0.789141,2.671717,4.809343,7.325757,46.3383,100,100,100,9.5913954274599,2,2.325757,4,6,100,100,100,100,7.94230230547661,3.172979,10,10,10,100,100,100,100
E01026254,East Midlands,E07000140,South Holland,879.613703,26.8461836771808,0.323353,0.456287,3.25988,4.247904,32.3353,45.6287,100,100,19.1964043421627,0.456287,1,2.455089,6.534131,45.6287,100,100,100,10.6043833458983,1,10,10,10,100,100,100,100
E01026255,East Midlands,E07000140,South Holland,837.47652,12.0698607704254,0.50566,1.803773,5,8.109433,50.566,100,100,100,8.84750248386701,1,1,3,5.683018,100,100,100,100,7.51277064694075,1.249056,10,10,10,100,100,100,100
E01026256,East Midlands,E07000140,South Holland,776.377603,21.2728401361368,0.51696,1.056987,3.902306,5.701492,51.696,75.0339,100,100,12.0724167119234,0.61601,1,2.731343,4.188602,61.601,100,100,100,8.54192312420943,1,10,10,10,100,100,100,100
E01026257,East Midlands,E07000140,South Holland,810.087351,13.150581402372,0.871261,1.693107,4.529258,5.875162,87.1261,87.1261,100,100,9.19052319887073,1,1,3,4.871261,100,100,100,100,7.34057172047075,1.951885,10,10,10,100,100,100,100
E01026258,East Midlands,E07000140,South Holland,756.362441,20.2516502299186,0,3.728412,7.331476,10,0,100,100,100,16.2061482007041,0.17688,3,5,6.35376,17.688,100,100,100,11.2051707654643,3.380222,10,10,10,100,100,100,100
E01026259,East Midlands,E07000140,South Holland,627.844032,27.4699772003734,0,1.315436,4.122483,6.634228,0,66.7785,100,100,26.6395697632011,0,1.503355,3.711409,5.753355,0,62.0805,100,100,12.8415040775501,1.607382,10,10,10,100,100,100,100
E01026260,East Midlands,E07000140,South Holland,881.720563,19.7322129407401,0,4.487455,7.660692,10,0,100,100,100,17.7302064001421,0,3.169653,5,6,0,100,100,100,11.5883544717548,3.691756,10,10,10,100,100,100,100
E01026262,East Midlands,E07000140,South Holland,645.752336,10.7377173042971,0.814029,2.577487,5.538336,8.918433,81.4029,100,100,100,9.33198580463868,1.352365,3,3.814029,5.724306,81.4029,100,100,100,7.23595052814315,3,10,10,10,100,100,100,100
E01026263,East Midlands,E07000140,South Holland,698.423815,14.3559893363411,0.701357,2.701357,5.298642,9.253393,70.1357,100,100,100,10.0462390217806,1.4479630000000001,3,4,5.298642,100,100,100,100,7.97500001883131,3,10,10,10,100,100,100,100
E01026264,East Midlands,E07000140,South Holland,669.981216,4.47690760482943,1,3,7.595911,10,100,100,100,100,6.53836991685319,3,3,4,7,100,100,100,100,6.0281444931995,3,10,10,10,100,100,100,100
E01026265,East Midlands,E07000140,South Holland,517.233926,22.8678361807132,0,2.022403,5.183299,9.735234,0,100,100,100,16.3182198245687,0.403258,3,3.753564,6.044806,20.1629,100,100,100,10.7271780860752,3,10,10,10,100,100,100,100
E01026266,East Midlands,E07000140,South Holland,849.064245,13.1845521962868,1,3,9.544665,10,87.7171,100,100,100,9.3788490623798,3,3,4,7,100,100,100,100,8.72235378881671,3,10,10,10,100,100,100,100
E01026267,East Midlands,E07000140,South Holland,1159.825973,18.2127877805777,0.231607,2.501362,5.877384,10,23.1607,100,100,100,11.1693731051933,2.411444,3,4,6.590372,100,100,100,100,9.66773320355983,3,10,10,10,100,100,100,100
E01026268,East Midlands,E07000140,South Holland,857.491681,16.2339718916035,0.480343,2.125307,4.2371,9.533169,48.0343,88.3292,100,100,10.7007961589998,1.600737,3,4,7.281326,88.3292,100,100,100,8.54729358731798,3,10,10,10,100,100,100,100
E01026269,East Midlands,E07000140,South Holland,922.804317,14.2902228080335,0.289954,2.447488,5.005707,9.853881,28.9954,100,100,100,9.67150951816047,2.17694,3.146118,4,7,100,100,100,100,8.16373894472649,3.281963,10,10,10,100,100,100,100
E01026270,East Midlands,E07000140,South Holland,726.866413,16.5079115683104,0.704347,2.256521,6.376811,8.226086,70.4347,70.4347,100,100,11.0878461940027,1.704347,4,4.333333,8,100,100,100,100,8.32543122373817,4,10,10,10,100,100,100,100
E01026271,East Midlands,E07000140,South Holland,717.385547,14.9481654274617,0.635829,3,8.301027,10,43.0249,100,100,100,10.1810085203003,2,4,4.224669,7.650513,100,100,100,100,8.88562777983784,3.430249,10,10,10,100,100,100,100
E01026272,East Midlands,E07000140,South Holland,486.684468,10.4835177894444,1,3.021645,8.450216,10,100,100,100,100,8.32664814252933,2.489177,3.510822,4,7.510822,100,100,100,100,7.8015927484161,3.785714,10,10,10,100,100,100,100
E01026273,East Midlands,E07000140,South Holland,645.752334,14.1903136245206,0.805872,3.44535,8.288743,10,80.5872,100,100,100,9.73962963109682,3,3,5,7.190864,100,100,100,100,8.22497434412312,3,10,10,10,100,100,100,100
E01026274,East Midlands,E07000140,South Holland,737.40071,19.5178592056496,0,3,6.305714,9.768571,0,100,100,100,11.6730598565019,2.205714,3,4.768571,7,100,100,100,100,8.71681060223283,3,10,10,10,100,100,100,100
E01026275,East Midlands,E07000140,South Holland,857.491682,12.4751071513025,1.029484,3.394348,8.61425,10,87.8378,100,100,100,9.05964686530836,2.878378,3,4.444717,7,100,100,100,100,7.58247163878012,3,10,10,10,100,100,100,100
E01026276,East Midlands,E07000140,South Holland,913.323448,19.1479732887214,0.333333,2.076124,5.305651,6.538638,33.3333,100,100,100,21.9387618487891,0,1.170703,4.738177,7.892733,0,100,100,100,10.665102805403,2.56286,10,10,10,100,100,100,100
E01026277,East Midlands,E07000140,South Holland,663.660639,21.1263162424336,0,2,5.130158,10,0,100,100,100,25.2565929768449,0,1,2,5.471428,0,100,100,100,12.3736326969276,1.498412,10,10,10,100,100,100,100
E01026278,East Midlands,E07000140,South Holland,613.096018,40.8877397604156,0,1.481099,3.596219,7.405498,0,74.0549,74.0549,74.0549,28.3143089508592,0,0.829896,1.910652,5.505154,0,82.9896,100,100,14.3905755374306,1.082474,10,10,10,74.0549,100,100,100
E01026279,East Midlands,E07000140,South Holland,646.805764,19.7348260625983,0,2.275244,4.778501,10,0,100,100,100,22.8778941174633,0,1,2,5,0,100,100,100,11.5533946751736,1,10,10,10,100,100,100,100
E01026280,East Midlands,E07000140,South Holland,1049.215866,49.1207268228703,0,0,0.5502,2.141566,0,0,34.8393,90.0602,32.4890655673403,0,0.146586,1.996987,4.956827,0,14.6586,100,100,14.6457107053998,0.547188,10,10,10,54.7188,100,100,100
E01026281,East Midlands,E07000140,South Holland,538.302517,23.6041433384389,0,2.495107,3.945205,6.138943,0,69.4716,100,100,19.0792131173758,0,3.500978,5.389432,7,0,100,100,100,10.5888655847973,3,10,10,10,100,100,100,100
E01026282,East Midlands,E07000140,South Holland,751.095293,26.4598091354105,0.43338,2.238429,3.403927,4.660589,43.338,61.0098,61.0098,100,16.2625650351767,0.43338,2.422159,5.663394,7,43.338,100,100,100,8.90949623648252,2.018232,10,10,10,100,100,100,100
E01026283,East Midlands,E07000140,South Holland,671.034646,33.4080183001408,0.420722,1.572998,2.414442,3.524332,42.0722,42.0722,42.0722,84.4583,15.0670717016179,0.420722,2.844583,5.265306,8.469387,42.0722,100,100,100,8.59320829082844,2.466248,10,10,10,100,100,100,100
E01026284,East Midlands,E07000140,South Holland,676.301792,36.9014321503598,0,0,2.523364,5.97975,0,0,100,100,29.5973880763892,0,1.158878,4.596573,6.320872,0,66.0436,100,100,14.2570583526773,1.526479,10,10,10,66.0436,100,100,100
E01026285,East Midlands,E07000140,South Holland,641.538616,24.5498824109654,0.183908,2.510673,4.200328,5.602627,18.3908,78.6535,78.6535,100,19.1774498776934,0.563218,2.349753,4.7422,7,56.3218,100,100,100,9.61200276283613,3,10,10,10,100,100,100,100
E01026286,East Midlands,E07000140,South Holland,370.807214,22.3336821760012,0.5625,2.25,4.53125,7.5625,28.125,56.25,100,100,16.5114711189577,0,3,4.125,8.437499,0,100,100,100,9.62938903957318,3,10,10,10,100,100,100,100
E01026287,East Midlands,E07000141,South Kesteven,636.112042,15.7088301972094,0.229342,2.564924,3.79258,9.40978,22.9342,100,100,100,12.2430502737465,2,2,3,5,100,100,100,100,10.4816991817984,2,10,10,10,100,100,100,100
E01026288,East Midlands,E07000141,South Kesteven,754.109217,12.9920204758949,0.98293,2.647226,6.318634,10,78.8051,100,100,100,10.1715856988717,2,2,3,6,100,100,100,100,9.63647698563383,2,10,10,10,100,100,100,100
E01026289,East Midlands,E07000141,South Kesteven,807.744297,19.0259715256629,0,3,4.102257,10,0,100,100,100,12.2776767819098,1.597609,2,3,5,100,100,100,100,10.2618070589099,2.533864,10,10,10,100,100,100,100
E01026290,East Midlands,E07000141,South Kesteven,992.248971,17.8095966670974,0.343783,2.403243,3.125405,5.528648,34.3783,100,100,100,27.9378752179096,0.129729,0.396756,2.489729,3.892972,12.9729,39.6756,100,100,11.9519391779344,1.597837,9.727567,10,10,100,100,100,100
E01026291,East Midlands,E07000141,South Kesteven,832.416432,16.9208057292684,0,6,6,9.190721,0,100,100,100,17.1498111256041,0,4,7.554123,9.809278,0,100,100,100,10.4776337964993,4,10,10,10,100,100,100,100
E01026292,East Midlands,E07000141,South Kesteven,662.929583,9.99236174547151,1,3,4,8,100,100,100,100,8.65500361955346,1,4,5,7,100,100,100,100,7.10753766906749,4.402912,10,10,10,100,100,100,100
E01026293,East Midlands,E07000141,South Kesteven,785.217562,11.4732146119418,0.711748,2.576502,3.864754,7.234972,71.1748,100,100,100,11.7301279407658,1.017759,3.829234,4.711748,8.099726,86.4754,100,100,100,8.728808234598,3.900273,10,10,10,100,100,100,100
E01026294,East Midlands,E07000141,South Kesteven,675.802,10.9261827333292,1,3,3.842857,7.685714,100,100,100,100,13.2374289712254,1.528571,4,5,9.528571,100,100,100,100,9.93284929786678,3.842857,10,10,10,100,100,100,100
E01026296,East Midlands,E07000141,South Kesteven,698.328735,14.5944873174449,0.691244,1.691244,3.878648,7.430107,69.1244,100,100,100,10.575558528167,1.382488,2,2,4.477726,69.1244,100,100,100,7.63862026755976,2,10,10,10,100,100,100,100
E01026297,East Midlands,E07000141,South Kesteven,584.622365,8.47371301624129,1.636697,2.181651,6.605504,9.818348,100,100,100,100,7.81161547341642,2,2,2,4.363302,100,100,100,100,6.79795870350985,2,10,10,10,100,100,100,100
E01026298,East Midlands,E07000141,South Kesteven,919.305263,12.0150184728933,1.684947,2.339556,8.04434,10,84.2473,100,100,100,9.14400000683097,2,2,2,4,100,100,100,100,8.16355812804644,2,10,10,10,100,100,100,100
E01026299,East Midlands,E07000141,South Kesteven,773.417846,7.69107878543017,2,2,7.511789,9.780859,100,100,100,100,7.57243819059281,2,2,2,4,100,100,100,100,6.87708428582449,2,10,10,10,100,100,100,100
E01026300,East Midlands,E07000141,South Kesteven,648.984463,12.5306665935516,1.370247,2,5.838016,9,80.4958,100,100,100,9.04233329455058,2,2,2,4.239669,100,100,100,100,7.53270673346519,2,10,10,10,100,100,100,100
E01026301,East Midlands,E07000141,South Kesteven,716.564662,8.7266248910776,1.076347,2.851796,7.372754,9.44461,85.1796,100,100,100,8.20120043892386,2,2,2,4.407185,100,100,100,100,6.88766368773067,2,10,10,10,100,100,100,100
E01026302,East Midlands,E07000141,South Kesteven,502.024343,5.47191379838811,1.465811,2.502136,5.720085,9.254273,100,100,100,100,6.91217031649181,2,2,2,4.534188,100,100,100,100,6.34695054159497,2,10,10,10,100,100,100,100
E01026303,East Midlands,E07000141,South Kesteven,499.87894,13.7215349156727,1,1,8.575107,10,100,100,100,100,12.6025735943816,1,1,2,10,100,100,100,100,9.76713180652885,1,10,10,10,100,100,100,100
E01026304,East Midlands,E07000141,South Kesteven,544.932407,24.9740689928778,0,1,3.169291,9.415354,0,100,100,100,17.9425102345697,0,1,2.194881,10,0,100,100,100,11.4329655893918,1,10,10,10,100,100,100,100
E01026305,East Midlands,E07000141,South Kesteven,639.330148,17.1769961686826,0.223154,1,6.031879,10,22.3154,100,100,100,11.5844385877418,1,1,2,10,100,100,100,100,9.61822304530658,1,10,10,10,100,100,100,100
E01026306,East Midlands,E07000141,South Kesteven,723.000871,20.9542214122473,0,1,5.643916,10,0,100,100,100,15.5803758625371,0.324925,1,2.178041,10,32.4925,100,100,100,10.5735075473785,1,10,10,10,100,100,100,100
E01026307,East Midlands,E07000141,South Kesteven,589.985876,17.4887736495542,0,1,6.690909,10,0,100,100,100,13.5754836199398,0.701818,1,2.201818,10,70.1818,100,100,100,10.1401598618762,1,10,10,10,100,100,100,100
E01026308,East Midlands,E07000141,South Kesteven,639.330148,8.42151353761517,1,3.978187,8.315436,10,100,100,100,100,8.58583757199957,2.325503,4,6,10,100,100,100,100,7.50795287160068,4,10,10,10,100,100,100,100
E01026309,East Midlands,E07000141,South Kesteven,705.837645,12.9826650510667,1,5.127659,8,10,100,100,100,100,11.276650244038,3,4,4.203647,10,100,100,100,100,8.90423204500244,4,10,10,10,100,100,100,100
E01026310,East Midlands,E07000141,South Kesteven,451.607369,13.8401307950523,0.957244,6,7.748218,10,72.209,100,100,100,11.2302453188456,2.764845,4,5.470308,10,100,100,100,100,8.40901062416426,4,10,10,10,100,100,100,100
E01026311,East Midlands,E07000141,South Kesteven,688.67442,15.1181461510996,0.568535,4.71651,8.71651,10,56.8535,100,100,100,10.461990939125,3,4,5.154205,10,100,100,100,100,8.20064069695549,4,10,10,10,100,100,100,100
E01026312,East Midlands,E07000141,South Kesteven,484.861119,11.6951925502027,1,4.74115,8.5,10,100,100,100,100,9.3929711590115,3,4,5.5,10,100,100,100,100,7.54597660739287,4,10,10,10,100,100,100,100
E01026313,East Midlands,E07000141,South Kesteven,665.074985,20.3859246787053,0,2.364516,4.885483,8.508064,0,100,100,100,19.8358311173743,0.566129,2.569354,4.129032,7.175806,56.6129,88.5483,100,100,10.6463002528965,2.798387,10,10,10,100,100,100,100
E01026314,East Midlands,E07000141,South Kesteven,510.605957,6.27068392735607,1,1.792016,4.823529,7,100,100,100,100,7.00608491527397,1,1,2.491596,5.491596,100,100,100,100,6.01142294559651,1,10,10,10,100,100,100,100
E01026315,East Midlands,E07000141,South Kesteven,976.158447,16.1961978957338,0.202197,3.540659,5.997802,7.426373,20.2197,100,100,100,17.3179621696472,0.202197,3.167032,6.202197,8.720879,20.2197,100,100,100,9.76772649985439,3.190109,10,10,10,100,100,100,100
E01026316,East Midlands,E07000141,South Kesteven,918.23256,19.422293610043,0.663551,2.346962,4.276869,6.397196,66.3551,77.9205,89.4859,100,16.0307643076301,0.386682,1.261682,2.543224,5.08528,38.6682,100,100,100,9.13823488371122,1.794392,9.789719,10,10,100,100,100,100
E01026317,East Midlands,E07000141,South Kesteven,888.196915,11.2199241048913,1.641304,5,10,10,88.0434,100,100,100,8.55909478428489,3.301932,4,5.219806,10,100,100,100,100,8.37181059235021,4.301932,10,10,10,100,100,100,100
E01026318,East Midlands,E07000141,South Kesteven,765.908935,12.3419024798251,1.210084,4.366946,9.683473,10,100,100,100,100,8.88647974720281,3,4,4.928571,10,100,100,100,100,8.42326576263355,4.210084,10,10,10,100,100,100,100
E01026319,East Midlands,E07000141,South Kesteven,1075.919692,15.1094368183707,0.605184,4.616151,7.061814,10,60.5184,100,100,100,10.1904212481394,2.864406,4,5.864406,10,100,100,100,100,8.93744881500409,4.242273,10,10,10,100,100,100,100
E01026320,East Midlands,E07000141,South Kesteven,612.512607,26.2642969356859,0,2.089316,5.306479,9.306479,0,100,100,100,13.4265156291122,1.653239,4,4,10,100,100,100,100,10.7098226204257,4,10,10,10,100,100,100,100
E01026321,East Midlands,E07000141,South Kesteven,498.806238,20.8670721447925,0,3.479569,6,10,0,100,100,100,13.1591740470369,2,4,5.851612,10,100,100,100,100,9.38744833915986,4,10,10,10,100,100,100,100
E01026322,East Midlands,E07000141,South Kesteven,544.932408,13.6521842743789,0.805118,3.700787,9,10,80.5118,100,100,100,9.54883770395925,2,4,4,10,100,100,100,100,9.61127149909967,4.505905,10,10,10,100,100,100,100
E01026323,East Midlands,E07000141,South Kesteven,861.379376,9.16584158602274,1.268991,4.3599,8.825653,10,67.995,100,100,100,8.32497694870395,2.356164,4,4,10,100,100,100,100,7.43394882630204,4.67995,10,10,10,100,100,100,100
E01026324,East Midlands,E07000141,South Kesteven,908.578248,14.0634542614797,0.876033,3.478158,6.063754,10,87.6033,100,100,100,12.8707359802208,1,4,4,10,100,100,100,100,10.1989743424427,3.16765,10,10,10,100,100,100,100
E01026325,East Midlands,E07000141,South Kesteven,611.439906,7.45813188070728,1,3,4.438596,8,100,100,100,100,7.60138722963897,1.826315,4,4.173684,10,100,100,100,100,7.1129531822134,4,10,10,10,100,100,100,100
E01026326,East Midlands,E07000141,South Kesteven,653.275269,10.7620151646364,1.195402,3,6.195402,10,100,100,100,100,8.85224205066938,3,4,4,10,100,100,100,100,7.41070153657475,4,10,10,10,100,100,100,100
E01026327,East Midlands,E07000141,South Kesteven,623.239623,11.0308580504367,1,3,5,9.070567,100,100,100,100,9.73909018836783,2.406196,4,4,10,100,100,100,100,8.67374265264477,4,10,10,10,100,100,100,100
E01026328,East Midlands,E07000141,South Kesteven,611.439906,5.30989036213967,1,3,4.173684,8.173684,100,100,100,100,6.99285805002336,2.436842,4,4.826315,10,100,100,100,100,6.45112258734242,4,10,10,10,100,100,100,100
E01026329,East Midlands,E07000141,South Kesteven,848.506956,27.3295225021346,0,0.627054,2.33249,9.342604,0,62.7054,100,100,35.9006560716899,0,0,1.342604,3.902654,0,0,100,100,15.9270041391707,0.342604,10,10,10,34.2604,100,100,100
E01026330,East Midlands,E07000141,South Kesteven,837.77994,23.0610292448717,0.460947,1.837387,4.366197,5.742637,46.0947,58.7708,100,100,29.4435466160824,0,0.62612,3.399487,6.932138,0,46.0947,100,100,13.1305147651776,0.879641,10,10,10,71.4468,100,100,100
E01026331,East Midlands,E07000141,South Kesteven,1096.301025,14.0737495838928,0.69863,1.464774,4.30724,6.859099,69.863,90.3131,90.3131,100,11.5496906912553,0.69863,1,2.686888,8.233855,69.863,100,100,100,7.98402011214788,1.429549,10,10,10,100,100,100,100
E01026332,East Midlands,E07000141,South Kesteven,998.685179,27.224159795932,0.106337,1.314715,2.617615,4.577873,10.6337,69.0655,89.3662,100,35.5783745756,0,0.522019,2.545649,5.580021,0,31.5789,93.3404,100,16.3147416524279,0.628356,9.933404,10,10,31.5789,100,100,100
E01026333,East Midlands,E07000141,South Kesteven,996.539779,34.3087389318343,0.068891,2.620021,4.164693,6.600645,6.8891,68.2454,82.5618,82.5618,27.6074468733314,0,0.696447,3.531754,7.045209,0,69.6447,100,100,13.6749320700042,1.180839,10,10,10,69.6447,100,100,100
E01026334,East Midlands,E07000141,South Kesteven,664.002284,21.5356870607565,0,1,5.642972,9.063004,0,100,100,100,13.8212911069545,0.8126,1,2.187399,10,81.26,100,100,100,9.70381048465806,1,10,10,10,100,100,100,100
E01026335,East Midlands,E07000141,South Kesteven,632.893938,16.3129640215037,0.601694,2.018644,9.664406,10,60.1694,100,100,100,10.6716504630919,1,1,2,10,100,100,100,100,8.7281229389524,1,10,10,10,100,100,100,100
E01026336,East Midlands,E07000141,South Kesteven,712.273857,8.79415731513395,1,1.17018,5.67771,10,100,100,100,100,8.21601118740815,1,1,2,10,100,100,100,100,7.55269038833483,1,10,10,10,100,100,100,100
E01026337,East Midlands,E07000141,South Kesteven,650.057163,11.5134068468016,1,1,7.933993,10,100,100,100,100,9.13812979850322,1,1,2,10,100,100,100,100,8.01509235795955,1,10,10,10,100,100,100,100
E01026338,East Midlands,E07000141,South Kesteven,509.533255,13.9552220305288,0.639999,1.568421,3.488421,4.928421,63.9999,100,100,100,13.2919289221005,0.639999,1.208421,2.943157,6.488421,63.9999,100,100,100,8.30687652623297,1.416842,10,10,10,100,100,100,100
E01026339,East Midlands,E07000141,South Kesteven,578.186156,27.81983667454,0,1.020408,2.283858,5.794063,0,51.0204,100,100,24.89122479717,0,1.510204,3,4.283858,0,100,100,100,13.7425194552834,1.794063,10,10,10,100,100,100,100
E01026340,East Midlands,E07000141,South Kesteven,947.195504,18.2256308792962,0,4,6.431483,10,0,100,100,100,16.783631301456,0.155152,4,4.705549,9.580973,15.5152,100,100,100,11.3269021411472,3.568516,10,10,10,100,100,100,100
E01026341,East Midlands,E07000141,South Kesteven,616.803414,16.9634318671987,0,2.31826,3.775652,6,0,100,100,100,18.6923906381528,0,2,2.224347,4,0,100,100,100,9.38440541228026,2,9.146086,10,10,100,100,100,100
E01026342,East Midlands,E07000141,South Kesteven,593.20398,22.0348312330608,0,1.350813,2.649186,5.226039,0,100,100,100,22.7119784010106,0,2,2,4,0,100,100,100,10.9345829639658,2,7,10,10,100,100,100,100
E01026343,East Midlands,E07000141,South Kesteven,895.705827,9.95811442893093,1.476646,4.159281,9.762874,10,100,100,100,100,8.31039383431443,2.881437,4,4,10,100,100,100,100,7.4952258327428,5,10,10,10,100,100,100,100
E01026344,East Midlands,E07000141,South Kesteven,719.782766,9.59978859040332,1,3.603576,9.207153,10,100,100,100,100,8.60163656435328,2.418777,4,4,10,100,100,100,100,7.48988173582128,5,10,10,10,100,100,100,100
E01026345,East Midlands,E07000141,South Kesteven,658.638775,14.5451415561652,1.20684,3.610749,7.285016,10,77.5244,100,100,100,9.92734838014114,3,4,4,10,100,100,100,100,8.25062393508571,4.449511,10,10,10,100,100,100,100
E01026346,East Midlands,E07000141,South Kesteven,540.641601,9.70200338030694,1.289682,2.289682,6.093253,10,100,100,100,100,8.74746470082728,2,2,2.803571,6,100,100,100,100,7.63701580864929,2,10,10,10,100,100,100,100
E01026347,East Midlands,E07000141,South Kesteven,683.310911,8.06979644747152,1.844583,2.525902,7.740973,10,100,100,100,100,8.09194940795581,2,2,3.189952,6.525902,100,100,100,100,7.75299811936837,2,10,10,10,100,100,100,100
E01026348,East Midlands,E07000141,South Kesteven,499.878941,11.8313031590704,1,2,6.077253,10,100,100,100,100,10.271831828449,2,2,3,6,100,100,100,100,8.68138503637761,2,10,10,10,100,100,100,100
E01026349,East Midlands,E07000141,South Kesteven,821.689418,11.8102188461734,1.035248,3,8.075718,10,84.3342,100,100,100,9.11656882616042,2,2,3,6.322454,100,100,100,100,8.61445593188807,2.375979,10,10,10,100,100,100,100
E01026350,East Midlands,E07000141,South Kesteven,814.180506,6.09638285200937,1.619235,2.974967,9.166007,10,100,100,100,100,7.26131429822104,2,2,3.833992,6.428194,100,100,100,100,7.68201706954411,2,10,10,10,100,100,100,100
E01026351,East Midlands,E07000141,South Kesteven,886.051514,6.2931003697096,1.846246,3,9.33414,10,100,100,100,100,7.35555990537008,2,2,3.846246,6.692493,100,100,100,100,6.96329455283082,2.335351,10,10,10,100,100,100,100
E01026352,East Midlands,E07000141,South Kesteven,569.604544,15.9748203638355,0.580037,3.357815,6.766478,10,58.0037,100,100,100,11.3181165891558,1.937853,4,4,10,100,100,100,100,9.73475662879913,4,10,10,10,100,100,100,100
E01026353,East Midlands,E07000141,South Kesteven,886.051513,6.13827741124241,1.535108,4.428571,8.53753,10,100,100,100,100,6.98332315650595,2.880145,4,4,10,100,100,100,100,7.08722661949908,5,10,10,10,100,100,100,100
E01026354,East Midlands,E07000141,South Kesteven,503.097045,19.1787954926807,0,2.742004,5.925373,9.20469,0,100,100,100,14.1074668928202,0.742004,4,4.251599,10,74.2004,100,100,100,11.8290168721661,3.484008,10,10,10,100,100,100,100
E01026355,East Midlands,E07000141,South Kesteven,1017.993808,10.727662464761,0.462592,2.598524,8.415173,9.846153,46.2592,100,100,100,10.3106622085679,0.846153,1,5.645943,9.692307,84.6153,100,100,100,7.56226890184343,3.133825,10,10,10,100,100,100,100
E01026356,East Midlands,E07000141,South Kesteven,582.476963,21.9495378082306,0,2.567219,4.359116,8.36464,0,100,100,100,17.4127807573094,0,2,3,5,0,100,100,100,11.9668957166659,3,10,10,10,100,100,100,100
E01026357,East Midlands,E07000141,South Kesteven,606.076399,18.1364458408791,0,3,6.78761,10,0,100,100,100,14.8254346283752,0.79646,2,3,5,79.646,100,100,100,11.0591310945332,3,10,10,10,100,100,100,100
E01026358,East Midlands,E07000141,South Kesteven,644.693655,17.7140674651466,0,3,4.956738,10,0,100,100,100,12.0446587531689,1.410981,2,3,5,100,100,100,100,10.0946094934408,3,10,10,10,100,100,100,100
E01026359,East Midlands,E07000141,South Kesteven,689.747121,15.3799456191768,0.346811,3,6.346811,10,34.6811,100,100,100,11.8557391543668,1.346811,2,3,5,100,100,100,100,9.79359079457653,3,10,10,10,100,100,100,100
E01026360,East Midlands,E07000141,South Kesteven,904.287439,22.0899547340634,0,2.269276,3.279952,6.61803,0,100,100,100,22.1251938128257,0,2,3,4.595492,0,100,100,100,13.1774728334702,1.409252,10,10,10,85.0533,100,100,100
E01026361,East Midlands,E07000141,South Kesteven,1182.117152,14.0319890665047,0.510889,1.378402,4.470054,6.832123,51.0889,86.7513,100,100,13.3861793409774,0.68058,1,1,3.225952,68.058,100,100,100,9.07231146385381,0.867513,10,10,10,86.7513,100,100,100
E01026362,East Midlands,E07000141,South Kesteven,657.566074,22.1814342498779,0.1615,1.323001,3.969004,10,16.15,100,100,100,19.3217551545569,0,1,2.538336,6.946166,0,100,100,100,11.1850087388264,1,10,10,10,100,100,100,100
E01026363,East Midlands,E07000141,South Kesteven,595.349382,23.6407726879777,0.196396,1.783783,2.605405,3.396396,19.6396,89.1891,100,100,25.9910153234294,0,1.149549,2.821621,7.129729,0,57.4774,100,100,12.4702554169286,1.891891,10,10,10,100,100,100,100
E01026364,East Midlands,E07000141,South Kesteven,703.692243,21.9604315474924,0,2.422256,3.631097,10,0,100,100,100,24.2522736210977,0,1,3,6,0,100,100,100,12.2888293804661,1,10,10,10,100,100,100,100
E01026365,East Midlands,E07000141,South Kesteven,966.504133,23.4841098952852,0,1.536071,3.734739,5.498335,0,69.1453,100,100,28.7012039139917,0,1.067702,6.063263,9.738068,0,61.1542,100,100,13.3789339627709,1.413984,10,10,10,72.142,100,100,100
E01026366,East Midlands,E07000142,West Lindsey,998.9102,34.5780131226879,0,0.225053,4.050955,7.996815,0,22.5053,89.4904,89.4904,44.0839068663322,0,0,0.761146,3.474522,0,0,61.5711,100,17.5942712319099,0.105095,9.789808,10,10,10.5095,100,100,100
E01026367,East Midlands,E07000142,West Lindsey,748.652442,15.4389105305943,0.570821,2.332861,9.21813,10,57.0821,100,100,100,16.7131560350405,0.668555,0.668555,1.974504,6.501416,66.8555,66.8555,100,100,9.01475882731756,1.01983,10,10,10,84.4192,100,100,100
E01026368,East Midlands,E07000142,West Lindsey,699.873387,15.7226122561496,0.380303,1.187878,5.901515,10,38.0303,100,100,100,9.94603074765673,1,1,1,4,100,100,100,100,7.33576574480969,1,10,10,10,100,100,100,100
E01026369,East Midlands,E07000142,West Lindsey,515.361312,23.020705122966,0,7.242798,10,10,0,100,100,100,20.2333563194421,0,4.757201,10,10,0,100,100,100,11.2573717270774,4.271604,10,10,10,100,100,100,100
E01026370,East Midlands,E07000142,West Lindsey,823.941851,20.1449118895439,0,3.638352,10,10,0,100,100,100,21.6304511514025,0,6.756756,10,10,0,100,100,100,11.845960685185,3.701415,10,10,10,100,100,100,100
E01026371,East Midlands,E07000142,West Lindsey,507.938413,25.8774288681489,0,5.185803,10,10,0,100,100,100,18.77227854276,0,4,10,10,0,100,100,100,11.3790347379974,2.989561,10,10,10,100,100,100,100
E01026372,East Midlands,E07000142,West Lindsey,969.2186,18.1336275033224,0.518599,4.921225,8.60175,9.417943,51.8599,80.8533,100,100,16.5792419443234,0.808533,1.410284,7.838074,9.100656,80.8533,89.1684,100,100,10.8130326953312,3.317286,10,10,10,89.1684,100,100,100
E01026373,East Midlands,E07000142,West Lindsey,753.954513,19.2163677694999,0,2.645569,9.209563,9.527426,0,100,100,100,26.4961115356265,0.101265,0.925457,7.662447,9.088607,10.1265,92.5457,100,100,13.1436323804653,1.770745,10,10,10,86.0759,100,100,100
E01026374,East Midlands,E07000142,West Lindsey,659.577647,18.9668004733363,0,2,4.030546,8.028938,0,100,100,100,13.6604539132779,1.18971,2,3.18971,5,100,100,100,100,10.5307307965487,2,9.681672,10,10,100,100,100,100
E01026375,East Midlands,E07000142,West Lindsey,659.577647,19.5946194922201,0,1.721864,4.070739,8.128617,0,100,100,100,31.5394348372904,0.37299,1.681672,2.895498,4.20418,37.299,84.0836,84.0836,84.0836,10.301824299184,2,10,10,10,100,100,100,100
E01026376,East Midlands,E07000142,West Lindsey,796.371081,19.546076485605,0,2.390146,4.507323,9.719041,0,100,100,100,13.1916586862226,1.221038,2,3.778961,5,100,100,100,100,10.379388598544,2,10,10,10,100,100,100,100
E01026377,East Midlands,E07000142,West Lindsey,889.687533,18.7868534537421,0,2.117997,3.76758,6.794994,0,100,100,100,12.2198132307265,1.625744,2,3.023837,5,100,100,100,100,9.80264891815186,2,9.251489,10,10,100,100,100,100
E01026378,East Midlands,E07000142,West Lindsey,735.927471,10.1985954106053,2,2,5,10,100,100,100,100,8.31615379502542,2,2,2.628242,5.214697,100,100,100,100,7.1484615148908,2,10,10,10,100,100,100,100
E01026379,East Midlands,E07000142,West Lindsey,676.544274,10.4275349477392,1.826018,2.310344,5.175548,10,100,100,100,100,8.30437030358515,2,2,2.981191,5,100,100,100,100,7.65567269263663,2,10,10,10,100,100,100,100
E01026380,East Midlands,E07000142,West Lindsey,704.115045,16.189662901631,0.775602,2.701807,4.501506,8.900602,48.7951,100,100,100,10.4090998789159,2,2,2.989457,5,100,100,100,100,8.16416858336878,2,10,10,10,100,100,100,100
E01026381,East Midlands,E07000142,West Lindsey,821.821024,8.25880324177082,1.649032,2.189677,5.407741,10,100,100,100,100,7.67430880268058,2,2,2,5.68129,100,100,100,100,6.92819268513696,2,10,10,10,100,100,100,100
E01026382,East Midlands,E07000142,West Lindsey,632.006877,17.9748223203088,0,3.020134,6.557046,10,0,100,100,100,12.3762718018878,1,2,3.833892,5,100,100,100,100,9.71409478351616,2,10,10,10,100,100,100,100
E01026383,East Midlands,E07000142,West Lindsey,594.89238,12.8097436408857,1.417112,4,7.796791,10,79.6791,100,100,100,9.00242485021933,1.796791,2,4,5,100,100,100,100,7.68466669159494,2,10,10,10,100,100,100,100
E01026384,East Midlands,E07000142,West Lindsey,945.889488,6.00064939028866,1.586322,3.023542,6.241031,10,100,100,100,100,6.95891783592798,2,2,4,5,100,100,100,100,6.51518939975676,2,10,10,10,100,100,100,100
E01026385,East Midlands,E07000142,West Lindsey,449.615631,22.4496000298394,0,2.122641,2.57783,6.422169,0,100,100,100,31.9852888200548,0,0.344339,2.57783,4.88915,0,34.4339,100,100,13.70048878479,1.65566,10,10,10,100,100,100,100
E01026386,East Midlands,E07000142,West Lindsey,608.677764,20.1531579847503,0.175958,1.501742,4.583623,10,17.5958,100,100,100,31.1721965107165,0.09756,0.426829,1.195121,4.081881,9.756,42.6829,100,100,13.4327718962285,0.771777,10,10,10,77.1777,100,100,100
E01026387,East Midlands,E07000142,West Lindsey,1072.078779,38.2787404631311,0,0.264094,0.901088,0.901088,0,26.4094,90.1088,90.1088,31.965686518733,0,0.624134,2.565776,4.821958,0,49.357,100,100,14.0416769843449,1.139465,9.382789,10,10,49.357,100,100,100
E01026388,East Midlands,E07000142,West Lindsey,871.660492,14.8453856485695,0.45742,2.378345,6.703163,9.734793,45.742,100,100,100,17.6945483431094,0.175182,1.969586,3,5.619221,17.5182,100,100,100,10.2755738841063,1.981751,10,10,10,100,100,100,100
E01026389,East Midlands,E07000142,West Lindsey,723.202501,11.5620771087562,0.854838,2.175953,8.3739,10,85.4838,100,100,100,8.60014876544311,1,1,1,4,100,100,100,100,7.70218731457209,1,9.854838,10,10,100,100,100,100
E01026390,East Midlands,E07000142,West Lindsey,851.512621,8.94316010956043,0.929016,1.393524,7.363636,9.858032,92.9016,100,100,100,8.18756363356762,0.929016,1,1.070983,3.929016,92.9016,100,100,100,7.13836744482732,1,9.178082,10,10,100,100,100,100
E01026391,East Midlands,E07000142,West Lindsey,829.243923,21.7438268429348,0,1.262148,3.983375,7.282608,0,88.1074,100,100,22.0558081745753,0.281329,0.881074,1.856777,3.162404,28.1329,88.1074,100,100,12.7550146052761,0.451406,7.994884,10,10,45.1406,100,100,100
E01026392,East Midlands,E07000142,West Lindsey,1194.026417,32.4296773593627,0,1.227353,2.724689,7.127886,0,81.3499,81.3499,90.142,19.7703132441051,0.603907,0.813499,1,2.955595,60.3907,81.3499,100,100,11.146231975974,0.813499,8.625222,10,10,81.3499,100,100,100
E01026393,East Midlands,E07000142,West Lindsey,640.490192,10.0525123983347,0.836092,5.665562,10,10,83.6092,100,100,100,8.57342797445862,1,7.288079,10,10,100,100,100,100,6.9859758559231,5.163907,10,10,10,100,100,100,100
E01026394,East Midlands,E07000142,West Lindsey,703.05463,18.8127618286183,0.259426,5.279034,9.251885,9.906485,12.9713,90.6485,100,100,11.9708361267316,1.315233,9.013574,10,10,90.6485,100,100,100,8.61255519498733,5.334841,10,10,10,100,100,100,100
E01026395,East Midlands,E07000142,West Lindsey,669.121375,13.7611411923572,0.641838,8.034865,10,10,64.1838,100,100,100,10.2643353806325,1,8.767036,10,10,100,100,100,100,7.58615861888055,6,10,10,10,100,100,100,100
E01026396,East Midlands,E07000142,West Lindsey,554.596638,11.9200800435665,1.636711,6.395793,10,10,81.8355,100,100,100,8.69092947512101,2,2,9.181644,10,100,100,100,100,8.06374192753664,2,10,10,10,100,100,100,100
E01026397,East Midlands,E07000142,West Lindsey,1061.474638,18.9953352640646,0.695304,3.892107,8.442557,10,34.7652,82.7172,100,100,15.8143058145846,1.060939,3.878121,9.092907,10,53.0469,100,100,100,10.2176677011384,2.51948,10,10,10,90.1098,100,100,100
E01026398,East Midlands,E07000142,West Lindsey,711.537944,10.3269248458495,1.847988,4.867362,8.827123,9.923994,92.3994,92.3994,100,100,8.3641100028152,1.847988,2,7.743666,10,92.3994,100,100,100,7.10476643781138,2,10,10,10,100,100,100,100
E01026399,East Midlands,E07000142,West Lindsey,622.463149,12.2993693961682,0.664395,1,4.252129,10,66.4395,100,100,100,13.6810758662518,0.664395,1,2,7.650766,66.4395,100,100,100,7.95007539130466,1,10,10,10,100,100,100,100
E01026400,East Midlands,E07000142,West Lindsey,624.583977,24.2610196856074,0.470288,0.63837,6.305602,9.63837,47.0288,63.837,100,100,21.8653267335781,0.162988,1,8.774193,10,16.2988,100,100,100,13.0217189508857,0.94567,10,10,10,63.837,100,100,100
E01026401,East Midlands,E07000142,West Lindsey,639.429778,20.2836914423255,0.444444,2.74461,8.384742,8.776119,44.4444,86.4013,86.4013,100,12.4656316015035,0.864013,1,5.691542,9.592039,86.4013,100,100,100,9.62163516266307,1.082918,9.728026,10,10,86.4013,100,100,100
E01026402,East Midlands,E07000142,West Lindsey,700.933802,12.4732485668911,1,5.505295,10,10,100,100,100,100,9.67450809826272,1,1,8.205748,10,100,100,100,100,7.63588231283821,2.319213,10,10,10,100,100,100,100
E01026403,East Midlands,E07000142,West Lindsey,568.382024,20.8086412001488,0.235074,2.21082,6.444029,8.343283,23.5074,84.5149,100,100,25.0053927780584,0.235074,1.132462,2.638059,7.270522,23.5074,84.5149,100,100,13.3732559195785,0.947761,8.766791,10,10,84.5149,100,100,100
E01026404,East Midlands,E07000142,West Lindsey,971.339429,12.3734086833923,0.608078,3.251091,9.638646,10,60.8078,100,100,100,18.0523579866139,0.220524,1.783842,4.220524,7.786026,22.0524,100,100,100,9.51166159736962,2.220524,10,10,10,100,100,100,100
E01026405,East Midlands,E07000142,West Lindsey,554.596639,18.9572711941938,0.208413,3.319311,9.659655,10,20.8413,100,100,100,18.0970222877333,0,2.340344,9.770554,10,0,100,100,100,11.0286703446565,2.659655,10,10,10,100,100,100,100
E01026406,East Midlands,E07000142,West Lindsey,486.730129,23.4319040603398,0,3.647058,10,10,0,100,100,100,17.0092634399857,0,2.568627,10,10,0,100,100,100,10.2711598406017,3.459694,10,10,10,100,100,100,100
E01026407,East Midlands,E07000142,West Lindsey,558.838296,17.5520424477642,0.290322,2.834914,7.415559,10,29.0322,100,100,100,27.5500001677799,0,0.808349,3.544592,5.356736,0,64.3263,100,100,11.079124740403,2.478178,10,10,10,100,100,100,100
E01026408,East Midlands,E07000142,West Lindsey,571.563267,12.4488858287437,0.884972,2,4.653061,10,65.3061,100,100,100,9.25574295552666,1.653061,2,2,5.816326,100,100,100,100,7.82959891410675,2,9.653061,10,10,100,100,100,100
E01026409,East Midlands,E07000142,West Lindsey,541.871669,36.2647405504134,0,0,2.291585,6.015655,0,0,100,100,38.7346932851878,0,0,2,6.318982,0,0,100,100,15.9404388832647,0,10,10,10,0,100,100,100
E01026410,East Midlands,E07000142,West Lindsey,665.940132,33.2450898355274,0,0.364649,4.038216,8.469745,0,36.4649,100,100,30.1642700188468,0,0.679936,3.729299,5.281847,0,52.2292,100,100,16.2306101419139,0.364649,10,10,10,36.4649,100,100,100
E01026411,East Midlands,E07000142,West Lindsey,1039.20594,44.8278628924075,0,0.10102,0.860204,4.167346,0,10.102,86.0204,86.0204,39.5042780569338,0,0,1.411224,3.981632,0,0,77.551,100,16.226671910635,0.266326,10,10,10,26.6326,100,100,100
E01026412,East Midlands,E07000142,West Lindsey,651.094333,11.0080407570534,1,2.208469,10,10,100,100,100,100,8.87023453181091,1,1,7.275244,10,100,100,100,100,7.91236950638007,1.527687,10,10,10,100,100,100,100
E01026413,East Midlands,E07000142,West Lindsey,891.808362,10.2392730056293,1,2.255648,10,10,100,100,100,100,8.69303803026074,1,1,7.673008,10,100,100,100,100,7.75054887435043,1.82164,10,10,10,100,100,100,100
E01026414,East Midlands,E07000142,West Lindsey,665.940133,43.486349732773,0.249999,1.345541,4.724522,6.87898,24.9999,68.7898,68.7898,68.7898,27.5259954399966,0.249999,0.671974,2.999999,6.472929,24.9999,53.0254,100,100,13.0818712801083,0.968152,9.687898,10,10,68.7898,100,100,100
E01026415,East Midlands,E07000142,West Lindsey,396.59492,16.1947349890449,0.633689,1,4.31016,7.200534,63.3689,100,100,100,15.5404244002634,0.633689,1,1.224598,4.65508,63.3689,100,100,100,10.2833654882823,1,9.775401,10,10,100,100,100,100
E01026416,East Midlands,E07000142,West Lindsey,598.073622,25.9682501810275,0.235815,1.439716,3.916666,6.207446,23.5815,68.9716,82.4468,100,18.5350118193094,0.514184,0.824468,1.485815,3.379432,51.4184,82.4468,100,100,9.50961197847803,0.824468,9.473404,10,10,82.4468,100,100,100
E01032683,East Midlands,E07000142,West Lindsey,958.614458,27.9214325400774,0,0.93584,8.422566,9.422566,0,93.584,93.584,100,29.585339862654,0,0.460176,3.449115,10,0,46.0176,100,100,13.02913867206,1.634955,10,10,10,100,100,100,100
E01032986,East Midlands,E07000137,East Lindsey,546.322171,5.11975279325923,3,3,5.450094,8.500941,100,100,100,100,6.74121057438424,3,3,3,4.736346,100,100,100,100,6.80251492177536,3,10,10,10,100,100,100,100
E01032987,East Midlands,E07000137,East Lindsey,616.284333,6.81370954499198,2.532554,3,5.230383,8.796327,100,100,100,100,7.273175310066,3,3,3,4,100,100,100,100,6.69434164088861,3,10,10,10,100,100,100,100
E01032988,East Midlands,E07000139,North Kesteven,568.150353,12.761705244951,1.44382,5.185393,10,10,81.4606,100,100,100,9.050807950254,2,8.185393,10,10,100,100,100,100,8.32732949652177,4,10,10,10,100,100,100,100
E01032989,East Midlands,E07000139,North Kesteven,526.656225,14.6567067750461,0.6,2.2,10,10,60,100,100,100,10.5388847590741,1.8,8,10,10,100,100,100,100,9.16835603164752,3,10,10,10,100,100,100,100
E01032990,East Midlands,E07000139,North Kesteven,842.64996,21.1151503675993,0,2.125,7.25,10,0,100,100,100,25.7373528804151,0,1.125,5.75,10,0,100,100,100,13.2022667908729,0.875,10,10,10,87.5,100,100,100
E01032991,East Midlands,E07000139,North Kesteven,670.289741,14.1153644870309,0.455555,4.77619,10,10,45.5555,100,100,100,10.596100116898,2.974603,10,10,10,100,100,100,100,9.28175885060254,6.761904,10,10,10,100,100,100,100
E01032992,East Midlands,E07000139,North Kesteven,571.342208,8.69743893348991,1.446927,6.156424,9.553072,10,100,100,100,100,7.76325215525812,2,8.815642,10,10,100,100,100,100,7.46619483088882,4.893854,10,10,10,100,100,100,100
E01032993,East Midlands,E07000139,North Kesteven,662.842078,11.0638533489718,2,5.757624,10,10,100,100,100,100,8.68333976316818,2,8.18459,10,10,100,100,100,100,8.22621880360162,4,10,10,10,100,100,100,100
E01032994,East Midlands,E07000139,North Kesteven,495.801618,15.0572710549889,0.375536,2.824034,8.763948,10,37.5536,100,100,100,14.8199653165411,0.963519,5.727467,9.587982,10,58.7982,100,100,100,10.244982865003,3.126609,10,10,10,100,100,100,100
E01032995,East Midlands,E07000140,South Holland,570.958835,7.78342221755833,1.309963,5.309963,10,10,100,100,100,100,7.85093037928555,3,3,5,7.324723,100,100,100,100,7.44705924618609,3,10,10,10,100,100,100,100
E01032996,East Midlands,E07000140,South Holland,570.958834,7.00775693924139,1,5.193726,9.315498,10,100,100,100,100,7.40382782672835,3,3.212177,5,8,100,100,100,100,6.81395803256076,3.459409,10,10,10,100,100,100,100
E01032997,East Midlands,E07000141,South Kesteven,424.789828,16.6070853213808,0.75,2.75,3.5,9.75,50,100,100,100,12.8976928245492,1.75,2,2.75,4,100,100,100,100,10.5260954990322,2,10,10,10,100,100,100,100
E01032998,East Midlands,E07000141,South Kesteven,424.789828,23.4559737633167,0,2.25,3,7,0,100,100,100,15.2394264769306,0.5,2,2.25,4,50,100,100,100,10.855336016603,2,10,10,10,100,100,100,100
E01032999,East Midlands,E07000141,South Kesteven,539.568899,14.9096806026337,0.699801,2.216699,6.212723,10,48.3101,100,100,100,10.2892056470813,2,2,2,4,100,100,100,100,9.20566447947587,2,10,10,10,100,100,100,100
