LSOA_code,Region,LA_Code,LA_Name,Hosp_pop,HospPTt,HospPT15n,HospPT30n,HospPT45n,HospPT60n,HospPT15pct,HospPT30pct,HospPT45pct,HospPT60pct,HospCyct,HospCyc15n,HospCyc30n,HospCyc45n,HospCyc60n,HospCyc15pct,HospCyc30pct,HospCyc45pct,HospCyc60pct,HospCart,HospCar15n,HospCar30n,HospCar45n,HospCar60n,HospCar15pct,HospCar30pct,HospCar45pct,HospCar60pct
E01026006,East Midlands,E07000136,Boston,1112.56458,21.8596941445646,0,1,1,1.598853,0,100,100,100,18.088056843985,0,1,1,1,0,100,100,100,14.7883202417041,0.693409,1,1.787965,6.078319,69.3409,100,100,100
E01026007,East Midlands,E07000136,Boston,460.115056,23.9925258926221,0,1,1,1,0,100,100,100,27.5453776602198,0,1,1,1,0,100,100,100,13.9957126020163,1,1,2,3,100,100,100,100
E01026008,East Midlands,E07000136,Boston,560.001467,51.0350927250656,0,0.740037,0.740037,0.740037,0,74.0037,74.0037,74.0037,28.4223712213261,0,0.740037,1,1,0,74.0037,100,100,14.5734222864367,0.740037,1,2,2.740037,74.0037,100,100,100
E01026009,East Midlands,E07000136,Boston,500.494669,31.9730090273105,0,0.488322,1,1.549893,0,48.8322,100,100,35.3533501663828,0,0,1,1,0,0,100,100,15.4056907359177,0.488322,1,2,3,48.8322,100,100,100
E01026010,East Midlands,E07000136,Boston,670.514089,31.9230207638167,0,0,1,1,0,0,100,100,21.3716427456361,0,1,1,1,0,100,100,100,17.5623277081863,0,1,1,5,0,100,100,100
E01026011,East Midlands,E07000136,Boston,1067.934484,28.8537548565474,0,0.6398,1,1.392039,0,63.98,100,100,19.6799838673988,0,1,1,1,0,100,100,100,16.4447025607461,0,1,1,5,0,100,100,100
E01026012,East Midlands,E07000136,Boston,583.379136,24.1961067429991,0,1,1,1,0,100,100,100,17.6770694045153,0,1,1,1,0,100,100,100,11.6702187355422,1,1,2,3.765027,100,100,100,100
E01026013,East Midlands,E07000136,Boston,634.384962,22.0001661247861,0,1,1,1,0,100,100,100,14.8921246551725,0.386934,1,1,1,38.6934,100,100,100,11.8459998279294,1,1,2,4.055276,100,100,100,100
E01026014,East Midlands,E07000136,Boston,791.652925,32.6526492334495,0,0.226845,1,1,0,22.6845,100,100,22.6065084331799,0,1,1,1,0,100,100,100,14.1938436643514,0.867114,1,2,3.531543,86.7114,100,100,100
E01026015,East Midlands,E07000136,Boston,600.381077,31.21563637591,0,0.607079,1,1,0,60.7079,100,100,18.1818006332607,0,1,1,1,0,100,100,100,13.9626548254482,0.824778,1,2,4.175221,82.4778,100,100,100
E01026016,East Midlands,E07000136,Boston,1048.807298,65.264593446516,0,0,0,0.714285,0,0,0,71.4285,59.8830043332076,0,0,0,0.594731,0,0,0,59.4731,26.6919638654629,0,1,2,7.405268,0,100,100,100
E01026017,East Midlands,E07000136,Boston,636.510204,70.5399933518196,0,0,0,0.165275,0,0,0,16.5275,57.4765113884089,0,0,0,0.661101,0,0,0,66.1101,25.535790936071,0,1,2.165275,6.140233,0,100,100,100
E01026018,East Midlands,E07000136,Boston,666.263603,41.5245253338204,0,0,0.649122,1,0,0,64.9122,100,36.0109726010286,0,0.157894,1,1,0,15.7894,100,100,20.3325262807598,0,1,1.247208,7.799043,0,100,100,100
E01026019,East Midlands,E07000136,Boston,941.48254,49.8727970656767,0,0,0.793453,0.905191,0,0,79.3453,90.5191,39.4859639177139,0,0,0.905191,1,0,0,90.5191,100,21.2538719412807,0,1,1,6,0,100,100,100
E01026020,East Midlands,E07000136,Boston,898.977684,45.7538536229152,0,0,0.816784,0.816784,0,0,81.6784,81.6784,39.138792907623,0,0,1,1,0,0,100,100,20.7277864112739,0,1,1,6.611111,0,100,100,100
E01026021,East Midlands,E07000136,Boston,786.339819,16.9224305477164,0.397297,1,1,1,39.7297,100,100,100,12.1902228358597,0.882432,1,1,1,88.2432,100,100,100,10.0814771529956,1,1,2,4.648648,100,100,100,100
E01026022,East Midlands,E07000136,Boston,805.467003,17.6240226883028,0.261213,1,1,1,26.1213,100,100,100,11.5058308462696,0.815303,1,1,1,81.5303,100,100,100,10.347124698367,1,1,2,3.415567,100,100,100,100
E01026023,East Midlands,E07000136,Boston,560.001465,40.2953691671183,0,0,1.666034,1.833017,0,0,83.3017,100,57.7333779666887,0,0,0,0.833017,0,0,0,83.3017,21.6395311586149,0,2,2,3,0,100,100,100
E01026024,East Midlands,E07000136,Boston,818.21846,69.2513506970098,0,0,0.625974,1.251948,0,0,62.5974,62.5974,49.2953887812553,0,0,0,1,0,0,0,100,19.3511996509567,0,1.625974,2,3,0,100,100,100
E01026025,East Midlands,E07000136,Boston,976.549046,21.7720317379307,0,1,1,1.122959,0,100,100,100,16.1477105407069,0.348204,1,1,1,34.8204,100,100,100,12.6205199167451,1,1,2,5,100,100,100,100
E01026026,East Midlands,E07000136,Boston,843.721373,27.522196526213,0,0.802267,1,1,0,80.2267,100,100,16.4767228728423,0,1,1,1,0,100,100,100,12.8716508939116,1,1,2,5,100,100,100,100
E01026027,East Midlands,E07000136,Boston,772.525742,30.5459647820838,0,0.291609,1,1,0,29.1609,100,100,18.4443264482889,0,1,1,1,0,100,100,100,13.4036375957987,1,1,2,5,100,100,100,100
E01026028,East Midlands,E07000136,Boston,833.095158,20.2184390130349,0,1,1,1,0,100,100,100,13.9799574554695,1,1,1,1,100,100,100,100,11.6821933544765,1,1,2,4.846938,100,100,100,100
E01026029,East Midlands,E07000136,Boston,919.16749,41.5707876107306,0,0,0.64393,1,0,0,64.393,100,24.0847709643745,0,1,1,1,0,100,100,100,17.3892860249034,0,1,1,6.96763,0,100,100,100
E01026030,East Midlands,E07000136,Boston,1038.181086,25.935790659619,0,1,1,2,0,100,100,100,19.5749613281821,0,1,1,1,0,100,100,100,15.5863182548763,0.351074,1,1.351074,5,35.1074,100,100,100
E01026031,East Midlands,E07000136,Boston,608.882049,31.3986512592861,0,0.226876,1,1.172774,0,22.6876,100,100,21.3899533064248,0,1,1,1,0,100,100,100,16.1776370524723,0,1,1,5,0,100,100,100
E01026032,East Midlands,E07000136,Boston,799.091275,25.629321061195,0,1,1,2,0,100,100,100,19.4951330567131,0,1,1,1,0,100,100,100,16.1702327085243,0,1,1,5.198138,0,100,100,100
E01026033,East Midlands,E07000136,Boston,757.649041,52.4954969549276,0,0,0.357643,0.86115,0,0,35.7643,86.115,56.4484586348156,0,0,0.17812,0.820476,0,0,17.812,82.0476,26.9926974478406,0,1,1.503506,7.053295,0,100,100,100
E01026034,East Midlands,E07000136,Boston,804.404382,56.1629908102137,0,0,0,0.841479,0,0,0,84.1479,56.8234926994132,0,0,0,1,0,0,0,100,26.0591920486068,0,1,2,9,0,100,100,100
E01026035,East Midlands,E07000136,Boston,870.286908,30.4503729507508,0,0.532356,1,1,0,53.2356,100,100,23.7061091975162,0,1,1,1,0,100,100,100,17.9620650330482,0,1,1,6.261294,0,100,100,100
E01026036,East Midlands,E07000136,Boston,666.263603,19.942476073346,0,1,1,1.558213,0,100,100,100,14.954350126289,0.636363,1,1,1,63.6363,100,100,100,12.2916219795301,1,1,2,5,100,100,100,100
E01026037,East Midlands,E07000136,Boston,595.067971,25.4266294644291,0,1,1,1.823214,0,100,100,100,16.3432273864746,0,1,1,1,0,100,100,100,14.3099999326214,1,1,2,4.823214,100,100,100,100
E01026038,East Midlands,E07000136,Boston,522.809717,35.0429597673386,0,0.243902,1,1,0,24.3902,100,100,19.4426864983508,0,1,1,1,0,100,100,100,13.0676401612172,1,1,2,4.201219,100,100,100,100
E01026039,East Midlands,E07000136,Boston,523.872339,35.7492395133026,0,0,1,1,0,0,100,100,26.6929340299496,0,1,1,1,0,100,100,100,17.9297357023255,0,1,1,7.511156,0,100,100,100
E01026040,East Midlands,E07000136,Boston,505.807776,43.0100766688722,0,0,0.722689,1,0,0,72.2689,100,26.6510260846312,0,1,1,1,0,100,100,100,17.6017081799587,0,1,1,6.468487,0,100,100,100
E01026041,East Midlands,E07000136,Boston,602.50632,37.8368048333726,0,0,1,1,0,0,100,100,28.5230450116339,0,1,1,1,0,100,100,100,18.1241440129801,0,1,1,6.557319,0,100,100,100
E01026042,East Midlands,E07000137,East Lindsey,668.976844,40.9295959585785,0,0,1,2.400304,0,0,100,100,80.96149348647,0,0,0,0,0,0,0,0,26.9816840738588,0,1.608828,3,4,0,100,100,100
E01026043,East Midlands,E07000137,East Lindsey,626.211201,42.5589935387062,0,0,0.590243,2.409756,0,0,59.0243,100,80.5389817855329,0,0,0,0,0,0,0,0,26.7717393328105,0,2,3,4,0,100,100,100
E01026044,East Midlands,E07000137,East Lindsey,536.606996,52.4774098002192,0,0,0.447817,1.282732,0,0,44.7817,83.4914,78.85231524231,0,0,0,0,0,0,0,0,29.3350035808731,0,0.800759,2.447817,4,0,80.0759,100,100
E01026045,East Midlands,E07000137,East Lindsey,789.127935,36.1304763903205,0,0.415483,1.188387,1.837419,0,41.5483,91.8709,91.8709,44.8583134884119,0,0.287741,0.496774,0.496774,0,28.7741,49.6774,49.6774,18.5858325174839,0.415483,2,2.141935,6.343225,41.5483,100,100,100
E01026046,East Midlands,E07000137,East Lindsey,501.98719,27.6187986502127,0,0.705882,1,1,0,70.5882,100,100,30.4692942483085,0,0.255578,1,1,0,25.5578,100,100,14.4104873056171,0.705882,1,3,4,70.5882,100,100,100
E01026047,East Midlands,E07000137,East Lindsey,572.245032,30.22689747868,0,0.393238,1,1,0,39.3238,100,100,33.6414106708683,0,0,1,1,0,0,100,100,15.5442465852097,0,1,3,4,0,100,100,100
E01026048,East Midlands,E07000137,East Lindsey,746.362293,32.6510280855565,0,0.181446,1,1,0,18.1446,100,100,46.6527560692362,0,0,0.135061,1,0,0,13.5061,100,22.1263345807653,0,1,2,3,0,100,100,100
E01026049,East Midlands,E07000137,East Lindsey,732.107079,53.3532691611945,0,0,0.506258,0.738525,0,0,50.6258,73.8525,53.007376369546,0,0,0,0.738525,0,0,0,73.8525,24.2603264714034,0,1,2,3,0,100,100,100
E01026050,East Midlands,E07000137,East Lindsey,729.052389,36.2373240564572,0,0,1,1,0,0,100,100,47.346864066136,0,0,0,1,0,0,0,100,22.4358689358613,0,1,2,3,0,100,100,100
E01026051,East Midlands,E07000137,East Lindsey,521.333553,49.8896263427227,0,0,0,1,0,0,0,100,79.8261303068596,0,0,0,0,0,0,0,0,28.9069713300556,0,1,2.916015,6.605468,0,100,100,100
E01026052,East Midlands,E07000137,East Lindsey,509.114798,42.9794572568407,0,0,0.778,1,0,0,77.8,100,80.8113876898416,0,0,0,0,0,0,0,0,31.12244868559,0,0,1.802,5.58,0,0,100,100
E01026053,East Midlands,E07000137,East Lindsey,753.4899,51.3188877989914,0,0,0,1,0,0,0,100,88.7942046815986,0,0,0,0,0,0,0,0,32.4680000768329,0,0,2,6,0,0,100,100
E01026054,East Midlands,E07000137,East Lindsey,793.200855,44.3441674834804,0,0,0.745827,1,0,0,74.5827,100,85.9138875727068,0,0,0,0,0,0,0,0,31.9151177531794,0,0,2,5.872913,0,0,100,100
E01026055,East Midlands,E07000137,East Lindsey,514.205945,120,0,0,0,0,0,0,0,0,56.6361035611361,0,0,0.126732,0.572277,0,0,12.6732,57.2277,24.1224151133182,0,1,3,3.823762,0,100,100,100
E01026056,East Midlands,E07000137,East Lindsey,478.567909,26.9790598005311,0.240425,0.451063,1,1,24.0425,45.1063,100,100,33.2744621130136,0,0.240425,0.721276,1,0,24.0425,72.1276,100,14.1946069097926,0.451063,1,3,3,45.1063,100,100,100
E01026057,East Midlands,E07000137,East Lindsey,790.146165,43.3933561537702,0,0.347938,0.347938,0.851804,0,34.7938,34.7938,85.1804,42.1899071173683,0,0.313144,0.661082,0.847938,0,31.3144,66.1082,84.7938,17.3440644782973,0.313144,1,2.338917,4.22036,31.3144,100,100,100
E01026058,East Midlands,E07000137,East Lindsey,924.552472,33.7389113768908,0,0,1,1,0,0,100,100,36.1871140353693,0,0,1,1,0,0,100,100,16.2402405163337,0.10903,1,2.805066,4.914096,10.903,100,100,100
E01026059,East Midlands,E07000137,East Lindsey,366.562654,49.920398843819,0,0,0.425,1,0,0,42.5,100,77.3088261866764,0,0,0,0,0,0,0,0,27.824614354202,0,1.125,3,4.7,0,70,100,100
E01026060,East Midlands,E07000137,East Lindsey,575.299721,73.3133826352819,0,0,0,0.546902,0,0,0,54.6902,81.1554717787604,0,0,0,0,0,0,0,0,26.0083649728023,0,1.292035,3,4.803539,0,100,100,100
E01026061,East Midlands,E07000137,East Lindsey,482.640828,29.7000002105926,0,0.485232,1.723628,2,0,48.5232,100,100,28.4287134038703,0,1,1,1,0,100,100,100,16.0661071074812,0,2,2,5,0,100,100,100
E01026062,East Midlands,E07000137,East Lindsey,472.458532,28.1859306296557,0,0.721982,1.721982,2,0,72.1982,100,100,28.3513853013161,0,1,1,1,0,100,100,100,15.9379695772416,0,2,2,5,0,100,100,100
E01026063,East Midlands,E07000137,East Lindsey,565.117425,28.3005134257095,0,0.745945,1,2,0,74.5945,100,100,24.9881677823421,0,1,1,1,0,100,100,100,14.7950868975683,0.518918,2,2,5,51.8918,100,100,100
E01026064,East Midlands,E07000137,East Lindsey,618.065364,65.5405191484242,0,0,0,0,0,0,0,0,88.6064873782799,0,0,0,0,0,0,0,0,28.320699428828,0,1,4,5,0,100,100,100
E01026065,East Midlands,E07000137,East Lindsey,791.164395,62.4562949121709,0,0,0,0.407979,0,0,0,40.7979,85.8044140155499,0,0,0,0,0,0,0,0,26.4250485419194,0,1,4,5,0,100,100,100
E01026066,East Midlands,E07000137,East Lindsey,770.799803,58.6289106295387,0,0,0,0.850726,0,0,0,85.0726,89.1951972279581,0,0,0,0,0,0,0,0,28.4602010859061,0,1,4,5,0,100,100,100
E01026067,East Midlands,E07000137,East Lindsey,899.096732,57.8785102627941,0,0,0,0.804077,0,0,0,80.4077,86.3486398559256,0,0,0,0,0,0,0,0,27.1342111833317,0,1,4,5,0,100,100,100
E01026068,East Midlands,E07000137,East Lindsey,993.792086,68.9370472303784,0,0,0.197745,0.846311,0,0,19.7745,66.7008,72.4503529708804,0,0,0,0.086065,0,0,0,8.6065,23.8401141849183,0,1.756147,3.140368,4.822745,0,100,100,100
E01026069,East Midlands,E07000137,East Lindsey,891.969126,26.2548912952437,0,0.841324,1,1,0,84.1324,100,100,29.3802863030076,0,0.406392,1,1,0,40.6392,100,100,16.0323903020952,0.113013,1,2,3,11.3013,100,100,100
E01026070,East Midlands,E07000137,East Lindsey,820.693054,34.8012909436263,0,0.624069,0.624069,0.978908,0,62.4069,62.4069,85.6079,25.2215245762534,0.083126,0.877171,1,1,8.3126,87.7171,100,100,12.1120684358232,1,1,3.245657,5.263027,100,100,100,100
E01026071,East Midlands,E07000137,East Lindsey,1060.995237,89.1977196988869,0,0.072936,0.357965,0.525911,0,7.2936,26.2955,26.2955,54.980886764987,0,0,0,0.65451,0,0,0,65.451,20.1194709843389,0,1,3.104606,6.523992,0,100,100,100
E01026072,East Midlands,E07000137,East Lindsey,831.893579,53.5613941449171,0,0,0,1,0,0,0,100,95.6601361391837,0,0,0,0,0,0,0,0,32.6536022078456,0,0,2,4,0,0,100,100
E01026073,East Midlands,E07000137,East Lindsey,845.130564,56.0222623726819,0,0,0,1,0,0,0,100,97.8449529727849,0,0,0,0,0,0,0,0,34.0060428998221,0,0,2,4,0,0,100,100
E01026074,East Midlands,E07000137,East Lindsey,929.64362,63.9647012464122,0,0,0,0.255202,0,0,0,25.5202,96.0031688454284,0,0,0,0,0,0,0,0,33.6270489201227,0,0,1.860898,4,0,0,100,100
E01026075,East Midlands,E07000137,East Lindsey,932.698309,57.4162137787857,0,0,0.158296,0.908296,0,0,15.8296,90.8296,77.8880310617524,0,0,0,0.108078,0,0,0,10.8078,26.0961491991749,0,0.908296,2.733624,5.114628,0,90.8296,100,100
E01026076,East Midlands,E07000137,East Lindsey,919.461324,49.3422169640379,0,0.114064,0.386489,0.915836,0,11.4064,38.6489,91.5836,51.7840898351849,0,0.114064,0.386489,0.728682,0,11.4064,38.6489,72.8682,22.3545990215158,0,1.468438,2,3.302325,0,100,100,100
E01026077,East Midlands,E07000137,East Lindsey,512.169486,16.0676267937405,0.230616,1,1,2,23.0616,100,100,100,10.5064435307409,1,1,1,1,100,100,100,100,8.48094350452154,1,1.733598,3,5.733598,100,100,100,100
E01026078,East Midlands,E07000137,East Lindsey,455.148629,15.6022314259062,0.505592,1,1,2,50.5592,100,100,100,10.7075295794218,1,1,1,1,100,100,100,100,8.43732784689841,1,1.778523,3,6,100,100,100,100
E01026079,East Midlands,E07000137,East Lindsey,770.799803,67.633706910992,0,0,0,0,0,0,0,0,67.5749929070093,0,0,0,0.122853,0,0,0,12.2853,27.4637961685974,0,1,2,3,0,100,100,100
E01026080,East Midlands,E07000137,East Lindsey,851.239941,37.2529373129558,0,0,1.600478,1.744019,0,0,85.6459,100,46.2822260425826,0,0,0.370813,1.744019,0,0,37.0813,100,18.3263344535769,0,2,2,5.488038,0,100,100,100
E01026081,East Midlands,E07000137,East Lindsey,1132.271308,9.70935577722361,1,1,1,1.114208,100,100,100,100,8.24000008821686,1,1,1,1,100,100,100,100,7.92382381642152,1,1,3,5.579136,100,100,100,100
E01026082,East Midlands,E07000137,East Lindsey,945.935294,99.9918328014524,0,0,0,0.104413,0,0,0,10.4413,99.6267515157508,0,0,0,0,0,0,0,0,34.2018558785384,0,0.104413,2.513455,5.270182,0,10.4413,100,100
E01026083,East Midlands,E07000137,East Lindsey,784.036789,13.0519914943605,1,1,1,1,100,100,100,100,10.8942131592834,1,1,1,1,100,100,100,100,8.43356532611479,1,1,3,3,100,100,100,100
E01026084,East Midlands,E07000137,East Lindsey,677.12268,12.3899186301813,1,1,1,1,100,100,100,100,10.4601814456102,1,1,1,1,100,100,100,100,8.68661015446742,1,1,3,3,100,100,100,100
E01026085,East Midlands,E07000137,East Lindsey,1051.831172,17.7757332109159,0.224588,1,1,1,22.4588,100,100,100,15.0566978786937,0.607938,1,1,1,60.7938,100,100,100,10.6998343319777,1,1,2.941916,3.095837,100,100,100,100
E01026087,East Midlands,E07000137,East Lindsey,469.403843,20.693342013999,0,1,1,1,0,100,100,100,12.1750129848332,1,1,1,1,100,100,100,100,10.1289437413732,1,1,3,5,100,100,100,100
E01026088,East Midlands,E07000137,East Lindsey,517.260634,22.5650509996581,0,1,1,1,0,100,100,100,12.2278728722132,1,1,1,1,100,100,100,100,10.006096220853,1,1.257874,3,5,100,100,100,100
E01026089,East Midlands,E07000137,East Lindsey,941.862375,11.1904486836202,0.768648,1,1,1.257297,76.8648,100,100,100,8.81491142476099,1,1,1,1,100,100,100,100,7.83407797263219,1,1,3,5.51027,100,100,100,100
E01026090,East Midlands,E07000137,East Lindsey,560.026276,17.615381119966,0,1,1,1,0,100,100,100,11.5981789644695,1,1,1,1,100,100,100,100,9.02532929336469,1,1,3,5,100,100,100,100
E01026091,East Midlands,E07000137,East Lindsey,443.948103,18.3144447946141,0,1,1,1,0,100,100,100,12.5508548866989,1,1,1,1,100,100,100,100,9.42589761456873,1,1,3,5,100,100,100,100
E01026092,East Midlands,E07000137,East Lindsey,630.284118,4.91093023255814,1,1,1,1,100,100,100,100,7.07310545917412,1,1,1,1,100,100,100,100,6.58318749074244,1,1,3,3,100,100,100,100
E01026093,East Midlands,E07000137,East Lindsey,778.94564,9.61874000036051,0.811764,1,1,1,81.1764,100,100,100,8.49131719389147,1,1,1,1,100,100,100,100,7.90801604253536,1,1,3,3,100,100,100,100
E01026094,East Midlands,E07000137,East Lindsey,703.59665,13.3816442884393,0.856729,1,1,1,85.6729,100,100,100,10.3221324519457,1,1,1,1,100,100,100,100,8.23608354688176,1,1,3,3,100,100,100,100
E01026095,East Midlands,E07000137,East Lindsey,491.804895,17.5082356000042,0,1,1,1,0,100,100,100,11.6983242203163,1,1,1,1,100,100,100,100,9.68620696140464,1,1,3,3,100,100,100,100
E01026096,East Midlands,E07000137,East Lindsey,607.883069,17.7559325067621,0,1,1,1,0,100,100,100,13.0788563554205,0.809045,1,1,1,80.9045,100,100,100,10.405380363043,1,1,3,3,100,100,100,100
E01026097,East Midlands,E07000137,East Lindsey,723.961242,12.7856056153472,0.632911,1,1,1,63.2911,100,100,100,9.5073169312007,1,1,1,1,100,100,100,100,8.8170702061183,1,1,3,3,100,100,100,100
E01026098,East Midlands,E07000137,East Lindsey,830.875349,24.3150899080237,0,0.830882,1,1,0,83.0882,100,100,31.1925548777643,0,0.709558,1,1,0,70.9558,100,100,13.576624557195,0.830882,1,2.552696,3,83.0882,100,100,100
E01026099,East Midlands,E07000137,East Lindsey,963.245198,70.3946999123776,0,0,0,0.104651,0,0,0,10.4651,62.5633892828252,0,0,0.104651,0.285412,0,0,10.4651,28.5412,23.7389653389684,0,1,1.88372,3.905919,0,100,100,100
E01026100,East Midlands,E07000137,East Lindsey,846.148793,51.0679044189124,0,0,0,1.880866,0,0,0,100,76.0110727795239,0,0,0,0,0,0,0,0,26.2361744087318,0,1,3,5,0,100,100,100
E01026101,East Midlands,E07000137,East Lindsey,516.242405,46.8710262653956,0,0,0.195266,2,0,0,19.5266,100,77.9423423667141,0,0,0,0,0,0,0,0,25.5171827443996,0,2.499013,3,5,0,100,100,100
E01026102,East Midlands,E07000137,East Lindsey,910.297257,48.6142159623615,0,0.393736,0.504474,0.855704,0,39.3736,50.4474,85.5704,59.3069577103954,0,0,0,0.504474,0,0,0,50.4474,21.5491145626973,0,1.375838,3,3.230425,0,100,100,100
E01026103,East Midlands,E07000137,East Lindsey,996.846773,56.0294561372091,0,0,0,1,0,0,0,100,91.2319052741552,0,0,0,0,0,0,0,0,36.8914699956286,0,0,2,3.598569,0,0,100,100
E01026104,East Midlands,E07000137,East Lindsey,1044.703564,65.3101517280668,0,0,0,0.221247,0,0,0,22.1247,87.0821953764795,0,0,0,0,0,0,0,0,34.8726509206972,0,0,2,3,0,0,100,100
E01026105,East Midlands,E07000137,East Lindsey,819.674824,100.298172321301,0,0,0,0.122981,0,0,0,12.2981,74.4014948222712,0,0,0,0.122981,0,0,0,12.2981,26.9910160211416,0,0.880745,3.413664,5.12795,0,75.7763,100,100
E01026106,East Midlands,E07000137,East Lindsey,489.768436,38.0123497578081,0,0,1,2,0,0,100,100,40.6130713272713,0,0,1,1,0,0,100,100,19.2474803646341,0,2,2,3.989604,0,100,100,100
E01026107,East Midlands,E07000137,East Lindsey,511.151257,45.7222078749126,0,0,0.468127,1.468127,0,0,46.8127,100,54.437408908897,0,0,0.270916,0.679282,0,0,27.0916,67.9282,24.9506869452563,0,2,2,3.023904,0,100,100,100
E01026108,East Midlands,E07000137,East Lindsey,958.154048,18.2232774088309,0,1,1,1,0,100,100,100,11.8515753465081,1,1,1,1,100,100,100,100,10.1227987557893,1,1,3,5,100,100,100,100
E01026109,East Midlands,E07000137,East Lindsey,1124.125473,60.374888777563,0,0,0,0.532608,0,0,0,53.2608,98.3212677509371,0,0,0,0,0,0,0,0,36.051129284494,0,0,2,4,0,0,100,100
E01026110,East Midlands,E07000137,East Lindsey,699.523733,28.994098476179,0,0.855895,0.855895,1.443959,0,85.5895,85.5895,100,40.5762974255269,0,0,0.855895,1,0,0,85.5895,100,15.9736185856967,0,1,2.783114,3,0,100,100,100
E01026111,East Midlands,E07000137,East Lindsey,565.117425,37.3491648252368,0,0.178378,0.801801,1.801801,0,17.8378,80.1801,100,58.2667857609845,0,0,0,0.801801,0,0,0,80.1801,19.7991456327975,0,1.801801,2,3,0,100,100,100
E01026112,East Midlands,E07000137,East Lindsey,477.54968,23.5080205414052,0,1,1,1.509594,0,100,100,100,38.6266868235311,0,0,1,1,0,0,100,100,15.1826226908836,0.788912,1,2.788912,3,78.8912,100,100,100
E01026113,East Midlands,E07000137,East Lindsey,744.325835,57.1569221169441,0,0,0.095759,0.930232,0,0,9.5759,70.3146,59.008115964133,0,0,0.205198,0.571819,0,0,20.5198,57.1819,23.1036140272482,0,1.184678,2.796169,4.027359,0,100,100,100
E01026114,East Midlands,E07000137,East Lindsey,650.64871,12.1084141212722,1,1,1,1,100,100,100,100,9.50978757975983,1,1,1,1,100,100,100,100,8.49438616987404,1,1,3,3,100,100,100,100
E01026115,East Midlands,E07000137,East Lindsey,755.526359,18.4253553142984,0,1,1,1,0,100,100,100,16.7451090104287,0,1,1,1,0,100,100,100,11.7583383043864,1,1,2.459568,3,100,100,100,100
E01026116,East Midlands,E07000137,East Lindsey,678.14091,15.7229521861572,0.163663,1,1,1,16.3663,100,100,100,12.5809102308792,1,1,1,1,100,100,100,100,10.1574971995804,1,1,2.806306,3,100,100,100,100
E01026117,East Midlands,E07000137,East Lindsey,833.930039,52.0656530920383,0,0.120879,0.692307,0.692307,0,12.0879,69.2307,69.2307,63.4384508386122,0,0,0.120879,0.621489,0,0,12.0879,62.1489,23.8070521090938,0,1,2.428571,4.120879,0,100,100,100
E01026118,East Midlands,E07000137,East Lindsey,710.724257,66.8837233412344,0,0,0,0,0,0,0,0,108.494395526657,0,0,0,0,0,0,0,0,37.8296676467814,0,0,3,6.141833,0,0,100,100
E01026119,East Midlands,E07000137,East Lindsey,480.604369,73.9280547432854,0,0,0,0,0,0,0,0,105.033161822865,0,0,0,0,0,0,0,0,36.2353253434991,0,0,2.743644,6.743644,0,0,100,100
E01026120,East Midlands,E07000137,East Lindsey,609.919528,63.5608663830304,0,0,0,0.165275,0,0,0,16.5275,107.156074386268,0,0,0,0,0,0,0,0,36.7173489789678,0,0,3,6.834724,0,0,100,100
E01026121,East Midlands,E07000137,East Lindsey,1108.852029,40.0181653640729,0,0,1.327823,1.804407,0,0,85.6749,94.7658,74.9066792827922,0,0,0,0,0,0,0,0,26.2387026461934,0,1.714416,2.303948,6.714416,0,100,100,100
E01026122,East Midlands,E07000138,Lincoln,707.645952,14.852397936267,0.557377,1,1,1,55.7377,100,100,100,10.2165784284354,1,1,1,1,100,100,100,100,9.64698684753094,1,1,2.797317,8,100,100,100,100
E01026123,East Midlands,E07000138,Lincoln,972.354051,15.9667480191289,0.301518,1,1,1,30.1518,100,100,100,11.7270085915189,0.785249,1,1,1,78.5249,100,100,100,9.75030201804209,1,1,2.21475,8.21475,100,100,100,100
E01026124,East Midlands,E07000138,Lincoln,636.986817,10.1794871794872,1,1,1,1,100,100,100,100,8.4029582496581,1,1,1,1,100,100,100,100,7.89355228094849,1,1,2.566225,8,100,100,100,100
E01026125,East Midlands,E07000138,Lincoln,600.075331,10.9563636363636,1,1,1,1,100,100,100,100,9.01611389973405,1,1,1,1,100,100,100,100,8.3975096628089,1,1,2,8,100,100,100,100
E01026126,East Midlands,E07000138,Lincoln,827.871941,13.6884210526316,0.829299,1,1,1,82.9299,100,100,100,9.64316308229489,1,1,1,1,100,100,100,100,8.72195490756173,1,1,3,8,100,100,100,100
E01026127,East Midlands,E07000138,Lincoln,645.42373,51.3136550755971,0,0,0,1,0,0,0,100,35.6889419528377,0,0,1,1,0,0,100,100,22.9919241508189,0,1,4,8,0,100,100,100
E01026128,East Midlands,E07000138,Lincoln,1074.651603,55.5412825217344,0,0,0,0.857703,0,0,0,85.7703,37.9663092555262,0,0,1,1,0,0,100,100,23.9312191093824,0,1,4.122669,8,0,100,100,100
E01026129,East Midlands,E07000138,Lincoln,743.502825,51.8333075673957,0,0,0,1,0,0,0,100,37.293095818517,0,0,1,1,0,0,100,100,23.4906757735149,0,1,4,8,0,100,100,100
E01026130,East Midlands,E07000138,Lincoln,583.201507,51.0024861469921,0,0,0,1,0,0,0,100,33.7503192045843,0,0,1,1,0,0,100,100,21.1719619301335,0,1,4,8,0,100,100,100
E01026131,East Midlands,E07000138,Lincoln,607.457628,48.9669155697981,0,0,0,1,0,0,0,100,33.5365602697394,0,0,1,1,0,0,100,100,21.9687675293081,0,1,4,8,0,100,100,100
E01026132,East Midlands,E07000138,Lincoln,556.83616,27.6701986088661,0,0.8125,1,1,0,81.25,100,100,15.5251428829616,0,1,1,1,0,100,100,100,15.6338532294597,0,1,1.375,7.1875,0,100,100,100
E01026133,East Midlands,E07000138,Lincoln,960.753297,31.9584498186631,0,0.490669,1,1,0,49.0669,100,100,17.6278953806695,0,1,1,1,0,100,100,100,16.9944393764565,0,1,1.618002,7.217343,0,100,100,100
E01026134,East Midlands,E07000138,Lincoln,770.922787,30.4380980859175,0,0.514363,1,1,0,51.4363,100,100,18.9406170905087,0,1,1,1,0,100,100,100,16.5517127567935,0,1,1.499316,7,0,100,100,100
E01026135,East Midlands,E07000138,Lincoln,694.990585,37.9759409452493,0,0,1,1,0,0,100,100,22.2754382841577,0,1,1,1,0,100,100,100,19.5861616503016,0,1,2,7.165402,0,100,100,100
E01026136,East Midlands,E07000138,Lincoln,612.730698,43.0593026707591,0,0,0.593803,1,0,0,59.3803,100,24.9787520569256,0,1,1,1,0,100,100,100,21.3088866362192,0,1,2.406196,7.406196,0,100,100,100
E01026137,East Midlands,E07000138,Lincoln,490.39548,47.8574501128656,0,0,0.292473,1,0,0,29.2473,100,28.8816197436789,0,0.539784,1,1,0,53.9784,100,100,21.291909312958,0,1,2.227956,5.584946,0,100,100,100
E01026138,East Midlands,E07000138,Lincoln,549.45386,51.5506850959761,0,0,0,1,0,0,0,100,30.3781978590676,0,0.203454,1,1,0,20.3454,100,100,22.2787238535644,0,1,2.370441,5,0,100,100,100
E01026139,East Midlands,E07000138,Lincoln,481.95857,46.1510373949089,0,0,0.21663,1,0,0,21.663,100,31.4795079223938,0,0.280087,1,1,0,28.0087,100,100,23.1466209848172,0,1,2,6,0,100,100,100
E01026140,East Midlands,E07000138,Lincoln,659.13371,51.8220238392747,0,0,0,1,0,0,0,100,30.9390865761464,0,0,1,1,0,0,100,100,22.384093901867,0,1,2.614399,5,0,100,100,100
E01026141,East Midlands,E07000138,Lincoln,563.163842,50.6331114089527,0,0,0,1,0,0,0,100,28.4720507856375,0,1,1,1,0,100,100,100,21.834722276389,0,1,2,6,0,100,100,100
E01026142,East Midlands,E07000138,Lincoln,472.467044,46.9703218460083,0,0,0,1,0,0,0,100,27.3149034838523,0,1,1,1,0,100,100,100,21.0693385493371,0,1,2,6.04241,0,100,100,100
E01026143,East Midlands,E07000138,Lincoln,749.830508,23.4541292298661,0,1,1,1,0,100,100,100,13.3109030144417,1,1,1,1,100,100,100,100,13.6850688494169,0.829817,1,3.61744,8,82.9817,100,100,100
E01026144,East Midlands,E07000138,Lincoln,547.344634,31.8333681272176,0,0,1,1,0,0,100,100,16.3402995206639,0,1,1,1,0,100,100,100,16.0476048692258,0,1,4,8,0,100,100,100
E01026145,East Midlands,E07000138,Lincoln,652.806026,30.0863785486573,0,0.400646,1,1,0,40.0646,100,100,14.8179352952989,0.612277,1,1,1,61.2277,100,100,100,13.9668678776888,0.804523,1,3.819063,8,80.4523,100,100,100
E01026146,East Midlands,E07000138,Lincoln,731.902072,27.6282822689627,0,0.827089,1,1,0,82.7089,100,100,15.0385554737745,0.518731,1,1,1,51.8731,100,100,100,15.508026166076,0,1,3.817002,8,0,100,100,100
E01026147,East Midlands,E07000138,Lincoln,805.725049,33.0652281456857,0,0.481675,1,1,0,48.1675,100,100,18.0827293558948,0.341623,1,1,1,34.1623,100,100,100,15.2727122883265,0.481675,1,4,8,48.1675,100,100,100
E01026148,East Midlands,E07000138,Lincoln,938.606404,26.0476262034127,0,1,1,1,0,100,100,100,13.6072237673967,1,1,1,1,100,100,100,100,12.2216488543718,1,1,3.486516,8,100,100,100,100
E01026149,East Midlands,E07000138,Lincoln,812.05273,31.1345367326391,0,0.315584,1,1,0,31.5584,100,100,19.8271001608806,0,1,1,1,0,100,100,100,14.9706867862376,0.710389,1,3.871428,8,71.0389,100,100,100
E01026150,East Midlands,E07000138,Lincoln,765.649718,31.405365895686,0,0.183195,1,1,0,18.3195,100,100,18.8280431939193,0,1,1,1,0,100,100,100,13.5933670075716,1,1,3.634986,9,100,100,100,100
E01026151,East Midlands,E07000138,Lincoln,847.909606,30.8486145969473,0,0.442786,1,1,0,44.2786,100,100,16.4953242222386,0.27985,1,1,1,27.985,100,100,100,13.6197784111502,1,1,3.303482,8,100,100,100,100
E01026152,East Midlands,E07000138,Lincoln,522.033899,23.9375236862681,0,1,1,1,0,100,100,100,15.0020152236587,0.741414,1,1,1,74.1414,100,100,100,11.8762184278521,1,1,3.456565,9,100,100,100,100
E01026153,East Midlands,E07000138,Lincoln,939.661019,20.3960127931382,0,1,1,1,0,100,100,100,15.1821602160995,0.585858,1,1,1,58.5858,100,100,100,11.7091253620517,1,1,3.363636,8.666666,100,100,100,100
E01026154,East Midlands,E07000138,Lincoln,471.41243,22.1473398258375,0,1,1,1,0,100,100,100,13.019160132243,1,1,1,1,100,100,100,100,10.9667799393746,1,1,3.221476,9,100,100,100,100
E01026155,East Midlands,E07000138,Lincoln,720.301319,24.2790015738009,0,1,1,1.323572,0,100,100,100,17.2745240728854,0,1,1,1,0,100,100,100,12.7843869090148,1,1,3.648609,9,100,100,100,100
E01026156,East Midlands,E07000138,Lincoln,478.794728,24.7837808812857,0,1,1,1,0,100,100,100,13.7724060833454,1,1,1,1,100,100,100,100,11.0775936275721,1,1,3,9,100,100,100,100
E01026157,East Midlands,E07000138,Lincoln,641.205273,22.796248190835,0,1,1,1,0,100,100,100,17.2207584957148,0,1,1,1,0,100,100,100,12.5396378305934,1,1,3.751644,9,100,100,100,100
E01026158,East Midlands,E07000138,Lincoln,683.389829,51.4946555958392,0,0,0,1,0,0,0,100,34.691212537812,0,0,1,1,0,0,100,100,23.1890175051805,0,1,4,8,0,100,100,100
E01026159,East Midlands,E07000138,Lincoln,636.986818,53.2863922222241,0,0,0,1,0,0,0,100,35.8068767599157,0,0,1,1,0,0,100,100,23.1912708772195,0,1,4,8,0,100,100,100
E01026160,East Midlands,E07000138,Lincoln,605.3484,59.1157648335208,0,0,0,0.764808,0,0,0,76.4808,37.444296991367,0,0,1,1,0,0,100,100,23.9799243406685,0,1,4,8,0,100,100,100
E01026161,East Midlands,E07000138,Lincoln,711.864408,42.9203794907942,0,0,1,1,0,0,100,100,26.5027352899249,0,1,1,1,0,100,100,100,22.4950610583238,0,1,2.792592,7.597037,0,100,100,100
E01026162,East Midlands,E07000138,Lincoln,604.293786,48.8691886804763,0,0,0.645724,0.827225,0,0,64.5724,82.7225,30.8044740404767,0,0.645724,1,1,0,64.5724,100,100,24.1014265314653,0,1,3.127399,7.52705,0,100,100,100
E01026163,East Midlands,E07000138,Lincoln,604.293785,60.0852616482555,0,0,0,0.233856,0,0,0,23.3856,36.6686354352099,0,0,1,1,0,0,100,100,24.539254850831,0,1,4,8,0,100,100,100
E01026164,East Midlands,E07000138,Lincoln,556.836159,27.4189291267236,0,0.753787,1,1,0,75.3787,100,100,13.8068565559652,0.753787,1,1,1,75.3787,100,100,100,10.995952602222,1,1,3,8.812499,100,100,100,100
E01026165,East Midlands,E07000138,Lincoln,717.137477,26.3393672571677,0,0.854411,1,1,0,85.4411,100,100,16.7349257682686,0,1,1,1,0,100,100,100,12.177384428717,1,1,3.495588,9,100,100,100,100
E01026166,East Midlands,E07000138,Lincoln,541.016949,32.1911793617902,0,0.192982,1,1,0,19.2982,100,100,16.9096445659828,0,1,1,1,0,100,100,100,12.4284973483479,1,1,3,9,100,100,100,100
E01026167,East Midlands,E07000138,Lincoln,801.506592,18.0946840148699,0.35263100000000003,1,1,1,35.2631,100,100,100,10.7778994118266,1,1,1,1,100,100,100,100,9.89693931960114,1,1,3,8.281578,100,100,100,100
E01026168,East Midlands,E07000138,Lincoln,611.676084,32.4958603433383,0,0,1,1,0,0,100,100,18.5266333485162,0,1,1,1,0,100,100,100,13.4152757211398,1,1,3,8.799999,100,100,100,100
E01026169,East Midlands,E07000138,Lincoln,705.536725,43.7107768523267,0,0,0.530642,1,0,0,53.0642,100,29.3173863849569,0,0.678624,1,1,0,67.8624,100,100,22.1389516202501,0,1,2.321375,6.38266,0,100,100,100
E01026170,East Midlands,E07000138,Lincoln,595.856873,48.1234072710443,0,0,0,1,0,0,0,100,27.1658415230657,0,1,1,1,0,100,100,100,20.7204586580831,0,1,2,6.553982,0,100,100,100
E01026171,East Midlands,E07000138,Lincoln,703.427495,43.5775110190899,0,0,0.781109,1,0,0,78.1109,100,31.0010305531152,0,0.362818,1,1,0,36.2818,100,100,23.9044324470365,0,1,3.041979,6.404797,0,100,100,100
E01026172,East Midlands,E07000138,Lincoln,601.129944,42.7361855788559,0,0,1,1,0,0,100,100,25.349131179237,0,1,1,1,0,100,100,100,21.0791100441705,0,1,2,7,0,100,100,100
E01026173,East Midlands,E07000138,Lincoln,660.188324,43.2671595728123,0,0,0.6869,1,0,0,68.69,100,26.3223616159651,0,1,1,1,0,100,100,100,21.2930452193882,0,1,2,7,0,100,100,100
E01026174,East Midlands,E07000138,Lincoln,636.986816,34.1136786382985,0,0,1,1,0,0,100,100,20.4949625246968,0,1,1,1,0,100,100,100,16.8064655167809,0,1,1.774834,6.630794,0,100,100,100
E01026175,East Midlands,E07000138,Lincoln,819.435029,42.4339447041363,0,0,0.765765,1,0,0,76.5765,100,23.271156701649,0,1,1,1,0,100,100,100,18.2749820468698,0,1,2,6.817245,0,100,100,100
E01026176,East Midlands,E07000138,Lincoln,916.45951,28.7598737297477,0,0.724971,1,1.611047,0,72.4971,100,100,14.691933964111,0.611047,1,1,1,61.1047,100,100,100,13.88843394007,1,1,1,7.886075,100,100,100,100
E01026177,East Midlands,E07000138,Lincoln,759.322035,29.7743029719582,0,0.391666,1,1,0,39.1666,100,100,15.2079209702198,0.320833,1,1,1,32.0833,100,100,100,14.2149047817205,1,1,1,7.320833,100,100,100,100
E01026178,East Midlands,E07000138,Lincoln,751.939737,29.8043361933885,0,0.684431,1,1,0,68.4431,100,100,17.0391426909286,0,1,1,1,0,100,100,100,16.0795680189555,0.176718,1,1,7,17.6718,100,100,100
E01026179,East Midlands,E07000139,North Kesteven,439.571913,119.981670641846,0,0,0,0,0,0,0,0,83.0246483463758,0,0,0,0,0,0,0,0,33.0329718875251,0,0.344418,3,4.344418,0,34.4418,100,100
E01026180,East Midlands,E07000139,North Kesteven,574.262595,119.231490793273,0,0,0,0,0,0,0,0,90.3433199559519,0,0,0,0,0,0,0,0,33.5751763078158,0,0,2.376363,4.82,0,0,100,100
E01026182,East Midlands,E07000139,North Kesteven,567.997912,49.8035373774724,0,0,0,1,0,0,0,100,63.4174000246129,0,0,0,0,0,0,0,0,31.1230289471654,0,0,3,6,0,0,100,100
E01026183,East Midlands,E07000139,North Kesteven,1061.863745,94.1508428499844,0,0,0,0,0,0,0,0,105.797988607782,0,0,0,0,0,0,0,0,38.4699742719394,0,0,3,6,0,0,100,100
E01026184,East Midlands,E07000139,North Kesteven,555.468546,70.1059346962372,0,0,0,0,0,0,0,0,39.8721412888684,0,0,1,1,0,0,100,100,24.2798596836177,0,1,3,6.041353,0,100,100,100
E01026185,East Midlands,E07000139,North Kesteven,799.791178,66.1948500629483,0,0,0,0,0,0,0,0,40.4392911989366,0,0,1,1,0,0,100,100,24.103303308224,0,1,3,6.835509,0,100,100,100
E01026186,East Midlands,E07000139,North Kesteven,685.982772,51.8478335077031,0,0,0,0.849315,0,0,0,84.9315,28.3515315980786,0,0.849315,1,1,0,84.9315,100,100,19.3110046829731,0,1,2.415525,6.150684,0,100,100,100
E01026187,East Midlands,E07000139,North Kesteven,657.791699,56.220821783181,0,0,0,1,0,0,0,100,27.8615167454256,0,0.653968,1,1,0,65.3968,100,100,19.1984222243729,0,1,1.849206,6.346031,0,100,100,100
E01026188,East Midlands,E07000139,North Kesteven,1021.143304,58.9554990608637,0,0,0,0.574642,0,0,0,57.4642,30.9429774454358,0,0.432515,1,1,0,43.2515,100,100,21.1072417580508,0,1,3,7,0,100,100,100
E01026189,East Midlands,E07000139,North Kesteven,796.658835,58.3826741354497,0,0,0,0.70249,0,0,0,70.249,33.0836797277742,0,0,1,1,0,0,100,100,19.519664596523,0,1,1.259501,6.12975,0,100,100,100
E01026190,East Midlands,E07000139,North Kesteven,611.850692,59.8391401348845,0,0,0,0.537542,0,0,0,53.7542,37.0611828233323,0,0,1,1,0,0,100,100,21.0567105355005,0,1,1.849829,6.424914,0,100,100,100
E01026191,East Midlands,E07000139,North Kesteven,727.747324,99.4115823318709,0,0,0,0.170731,0,0,0,17.0731,46.4037014588313,0,0,0.3802,1,0,0,38.02,100,23.5116059522486,0,1,1,6.209469,0,100,100,100
E01026192,East Midlands,E07000139,North Kesteven,474.027669,63.3142745070422,0,0,0,0.378854,0,0,0,37.8854,49.9185065972795,0,0,0.403083,1,0,0,40.3083,100,20.7893687053427,0,1.596916,4.403083,9.403083,0,100,100,100
E01026193,East Midlands,E07000139,North Kesteven,682.850431,64.8258832955313,0,0,0.35474,0.35474,0,0,35.474,35.474,57.2038547167712,0,0,0,0.848623,0,0,0,84.8623,26.8489685434303,0,1,4.129969,6.645259,0,100,100,100
E01026194,East Midlands,E07000139,North Kesteven,815.452885,58.1217574727499,0,0,0,0.796414,0,0,0,79.6414,67.1629115447537,0,0,0,0,0,0,0,0,30.8938266056902,0,0,3,7.770806,0,0,100,100
E01026195,East Midlands,E07000139,North Kesteven,863.48212,63.4465124816738,0,0,0,0.330108,0,0,0,33.0108,57.4999435537919,0,0,0,0.563482,0,0,0,56.3482,28.9471575672641,0,0.669891,3,7.795646,0,66.9891,100,100
E01026196,East Midlands,E07000139,North Kesteven,564.86557,49.7783564334612,0,0,0,1,0,0,0,100,73.4654756207519,0,0,0,0,0,0,0,0,27.8041585798582,0,1.282809,3,8.182994,0,64.1404,100,100
E01026197,East Midlands,E07000139,North Kesteven,546.071521,59.0447424036033,0,0,0,0.810707,0,0,0,81.0707,85.1708203103433,0,0,0,0,0,0,0,0,29.7650105398872,0,0.573613,3.543021,6.573613,0,57.3613,100,100
E01026198,East Midlands,E07000139,North Kesteven,414.513181,55.5243583628734,0,0,0,0.61209,0,0,0,61.209,77.8042195607436,0,0,0,0,0,0,0,0,27.5491043820269,0,0.750629,3,6.750629,0,75.0629,100,100
E01026199,East Midlands,E07000139,North Kesteven,979.378751,103.089948053983,0,0,0,0,0,0,0,0,58.7620483071648,0,0,0,0.735607,0,0,0,73.5607,28.5947755315326,0,1.02985,5.067164,6.886993,0,73.5607,100,100
E01026200,East Midlands,E07000139,North Kesteven,656.747585,77.2517027470275,0,0,0,0,0,0,0,0,88.3672287094761,0,0,0,0,0,0,0,0,34.5062421586236,0,0,2.842607,5.230524,0,0,100,100
E01026201,East Midlands,E07000139,North Kesteven,761.158966,97.6941004183499,0,0,0,0,0,0,0,0,94.9951873549786,0,0,0,0,0,0,0,0,36.1587724125773,0,0,2.100137,5.412894,0,0,100,100
E01026202,East Midlands,E07000139,North Kesteven,834.246932,70.6163051918038,0,0,0,0,0,0,0,0,90.1372520601153,0,0,0,0,0,0,0,0,35.1974290313558,0,0,3,5,0,0,100,100
E01026203,East Midlands,E07000139,North Kesteven,777.864787,71.5457224807528,0,0,0,0.198657,0,0,0,19.8657,28.926338145079,0,0.497986,1,1,0,49.7986,100,100,18.935235464672,0,1,1,6,0,100,100,100
E01026204,East Midlands,E07000139,North Kesteven,712.085617,73.1191089484671,0,0,0,0,0,0,0,0,35.8178538666147,0,0,1,1,0,0,100,100,22.0145451145712,0,1,1,6,0,100,100,100
E01026205,East Midlands,E07000139,North Kesteven,661.968154,68.2756083051144,0,0,0,0,0,0,0,0,37.0282881088678,0,0,1,1,0,0,100,100,22.4224934261807,0,1,1,5.433753,0,100,100,100
E01026206,East Midlands,E07000139,North Kesteven,761.158967,67.4655265251215,0,0,0,0,0,0,0,0,36.716793241292,0,0,1,1,0,0,100,100,22.5079199599026,0,1,1,5.83539,0,100,100,100
E01026207,East Midlands,E07000139,North Kesteven,546.071522,81.6155267225958,0,0,0,0,0,0,0,0,105.640733683579,0,0,0,0,0,0,0,0,36.5514390781246,0,0,3.024856,6.024856,0,0,100,100
E01026208,East Midlands,E07000139,North Kesteven,661.968155,92.2613090393216,0,0,0,0,0,0,0,0,93.2617052778116,0,0,0,0,0,0,0,0,33.3187588818907,0,0,3.156151,5,0,0,100,100
E01026209,East Midlands,E07000139,North Kesteven,954.320021,59.9077754098263,0,0,0.187089,0.254923,0,0,18.7089,25.4923,84.3393588526968,0,0,0,0,0,0,0,0,29.0332200146178,0,0.391684,3.81291,6.067833,0,39.1684,100,100
E01026210,East Midlands,E07000139,North Kesteven,999.216915,79.3862009137894,0,0,0,0,0,0,0,0,95.0380485352551,0,0,0,0,0,0,0,0,35.9489901454044,0,0.103448,2.045977,5.940438,0,10.3448,100,100
E01026211,East Midlands,E07000139,North Kesteven,660.924041,90.1949852350855,0,0,0,0,0,0,0,0,59.1238171999068,0,0,0,0.369668,0,0,0,36.9668,26.6665256602046,0,1,2.573459,6,0,100,100,100
E01026212,East Midlands,E07000139,North Kesteven,692.247455,59.9325458091539,0,0,0,0.419306,0,0,0,41.9306,65.3715814711842,0,0,0,0,0,0,0,0,27.8766099837266,0,1,3,5.386123,0,100,100,100
E01026213,East Midlands,E07000139,North Kesteven,789.350039,56.0093846831499,0,0,0,0.612433,0,0,0,61.2433,66.1171848380587,0,0,0,0,0,0,0,0,27.99770558818,0,1,3,5.568783,0,100,100,100
E01026214,East Midlands,E07000139,North Kesteven,493.865831,42.2119469909668,0,0,1,1.729386,0,0,100,100,34.2524534098307,0,0,1,1,0,0,100,100,23.8607997233073,0,1,3,6,0,100,100,100
E01026215,East Midlands,E07000139,North Kesteven,463.586531,40.6717525828968,0,0,1,1,0,0,100,100,32.7186687794822,0,0,1,1,0,0,100,100,23.1267483111509,0,1,2.506756,6,0,100,100,100
E01026218,East Midlands,E07000139,North Kesteven,515.792221,46.8569153962557,0,0,0.303643,2,0,0,30.3643,100,38.5374608130761,0,0,1,1,0,0,100,100,26.9980156533226,0,1,3.095141,6,0,100,100,100
E01026219,East Midlands,E07000139,North Kesteven,528.321586,46.0802049539195,0,0,0.252964,1.756916,0,0,25.2964,100,35.4919793125712,0,0,1,1,0,0,100,100,24.7349311662615,0,1,2.252964,6,0,100,100,100
E01026220,East Midlands,E07000139,North Kesteven,1021.143306,53.2653150315687,0,0,0,1,0,0,0,100,35.9081334433102,0,0,1,1,0,0,100,100,25.2145155037339,0,1,2.288343,6,0,100,100,100
E01026221,East Midlands,E07000139,North Kesteven,967.8935,83.2075296920418,0,0,0.106796,0.415318,0,0,10.6796,41.5318,75.8757512041386,0,0,0,0.106796,0,0,0,10.6796,27.4163086798367,0,0.811218,2.88781,6.106796,0,81.1218,100,100
E01026222,East Midlands,E07000139,North Kesteven,738.188462,61.7326331827556,0,0,0,0.374823,0,0,0,37.4823,104.559291435997,0,0,0,0,0,0,0,0,34.4940492892564,0,0,4,6,0,0,100,100
E01026223,East Midlands,E07000139,North Kesteven,843.643958,73.4515510298902,0,0,0,0,0,0,0,0,104.31839188219,0,0,0,0,0,0,0,0,35.5825481166094,0,0,3.492574,5.492574,0,0,100,100
E01026224,East Midlands,E07000139,North Kesteven,796.658835,64.966459180378,0,0,0,0.230668,0,0,0,23.0668,105.132250916636,0,0,0,0,0,0,0,0,35.4317879067496,0,0,3.651376,5.651376,0,0,100,100
E01026225,East Midlands,E07000139,North Kesteven,761.158967,62.808158648316,0,0,0,0,0,0,0,0,40.6972089040567,0,0,1,1,0,0,100,100,22.7217978182363,0,1,4.213991,7.864197,0,100,100,100
E01026226,East Midlands,E07000139,North Kesteven,801.879405,59.0715146243281,0,0,0,0.652343,0,0,0,65.2343,37.9652958940826,0,0,1,1,0,0,100,100,21.6652959315465,0,1,4,8,0,100,100,100
E01026227,East Midlands,E07000139,North Kesteven,745.497259,53.8490917624497,0,0,0,1,0,0,0,100,80.299449972344,0,0,0,0,0,0,0,0,27.9270934347861,0,1,4,5.408963,0,100,100,100
E01026228,East Midlands,E07000139,North Kesteven,611.850692,55.9238681805308,0,0,0,0.812286,0,0,0,81.2286,78.289056583228,0,0,0,0,0,0,0,0,26.6885798629054,0,1,3.561433,6.186006,0,100,100,100
E01026229,East Midlands,E07000139,North Kesteven,516.836335,73.2613878568572,0,0,0,0,0,0,0,0,87.365965621403,0,0,0,0,0,0,0,0,29.6923784380009,0,0.8,4,6,0,80,100,100
E01026230,East Midlands,E07000139,North Kesteven,557.556773,70.7145526014671,0,0,0,0,0,0,0,0,86.9700346447173,0,0,0,0,0,0,0,0,30.0999035192556,0,0.260299,4,6,0,26.0299,100,100
E01026231,East Midlands,E07000139,North Kesteven,937.614199,55.7238554811588,0,0,0,1,0,0,0,100,81.4071171325871,0,0,0,0,0,0,0,0,28.6144426266658,0,1,3.320712,5.136971,0,100,100,100
E01026232,East Midlands,E07000139,North Kesteven,905.246671,60.8244893070266,0,0,0,0.603229,0,0,0,60.3229,84.6884987302972,0,0,0,0,0,0,0,0,31.5872807978118,0,0,3.595155,5.160322,0,0,100,100
E01026233,East Midlands,E07000139,North Kesteven,695.379796,52.3687909044926,0,0,0,1,0,0,0,100,77.8000521637252,0,0,0,0,0,0,0,0,26.9942478602531,0,1,3.297297,6.148648,0,100,100,100
E01026234,East Midlands,E07000139,North Kesteven,1030.540329,52.5184678128615,0,0,0,1,0,0,0,100,74.0022581783311,0,0,0,0,0,0,0,0,25.8814542147514,0,1,3.211752,6.512664,0,100,100,100
E01026235,East Midlands,E07000139,North Kesteven,693.291569,62.1419728048722,0,0,0,0.402108,0,0,0,40.2108,83.6650877590371,0,0,0,0,0,0,0,0,29.9254337554139,0,0.579819,4,6,0,57.9819,100,100
E01026236,East Midlands,E07000139,North Kesteven,404.072044,68.2793105360437,0,0,0,0,0,0,0,0,84.7355936690476,0,0,0,0,0,0,0,0,29.1769466143481,0,1,4,6,0,100,100,100
E01026237,East Midlands,E07000139,North Kesteven,513.703994,54.9095771342487,0,0,0,1,0,0,0,100,33.645754217758,0,0,1,1,0,0,100,100,23.1674932393744,0,1,3,5.256097,0,100,100,100
E01026238,East Midlands,E07000139,North Kesteven,465.674759,62.7318621206351,0,0,0,0,0,0,0,0,36.9468554885498,0,0,1,1,0,0,100,100,24.5676449451527,0,1,3,5.495515,0,100,100,100
E01026239,East Midlands,E07000140,South Holland,779.706955,71.2148750151722,0,0,0,0,0,0,0,0,61.190596995125,0,0,0,0.354362,0,0,0,35.4362,20.4171171439192,0,1,2,5,0,100,100,100
E01026240,East Midlands,E07000140,South Holland,975.418634,70.300000841631,0,0,0,0,0,0,0,0,59.8287864934044,0,0,0,0.527896,0,0,0,52.7896,19.8478965282824,0,1,2,5,0,100,100,100
E01026241,East Midlands,E07000140,South Holland,706.445898,52.7226989638113,0,0,0.798518,0.798518,0,0,79.8518,79.8518,84.635747605152,0,0,0,0,0,0,0,0,29.5650027895509,0,1.597037,2.586666,4.945185,0,79.8518,100,100
E01026242,East Midlands,E07000140,South Holland,633.184844,62.216624972092,0,0,0,0.163636,0,0,0,16.3636,78.3374168156955,0,0,0,0,0,0,0,0,31.0118210060478,0,0,2,6.328925,0,0,100,100
E01026243,East Midlands,E07000140,South Holland,593.414555,58.5737636983395,0,0,0,0.737213,0,0,0,73.7213,77.4780812913721,0,0,0,0,0,0,0,0,30.2584940682758,0,0.262786,2,7,0,26.2786,100,100
E01026244,East Midlands,E07000140,South Holland,567.249892,90.8433022150918,0,0,0,0,0,0,0,0,83.5018255930098,0,0,0,0,0,0,0,0,34.1279850278582,0,0,2.726937,4.817343,0,0,100,100
E01026245,East Midlands,E07000140,South Holland,924.135895,91.4372440930608,0,0,0,0,0,0,0,0,111.023687364403,0,0,0,0,0,0,0,0,35.0536919627592,0,0,3,4,0,0,100,100
E01026246,East Midlands,E07000140,South Holland,942.974452,101.594642828832,0,0,0,0,0,0,0,0,114.93056958947,0,0,0,0,0,0,0,0,37.1911010856645,0,0,2.205327,3.681465,0,0,100,100
E01026247,East Midlands,E07000140,South Holland,874.946327,57.6355512900497,0,0,0,0.723684,0,0,0,72.3684,78.1942883523525,0,0,0,0,0,0,0,0,31.2054769254836,0,0.118421,2.710526,5.118421,0,11.8421,100,100
E01026248,East Midlands,E07000140,South Holland,970.1857,104.63066456573,0,0,0,0,0,0,0,0,98.2908270959829,0,0,0,0,0,0,0,0,36.3319051457548,0,0,2.343042,4.505933,0,0,100,100
E01026249,East Midlands,E07000140,South Holland,806.918205,115.963661376488,0,0,0,0,0,0,0,0,96.9961703220571,0,0,0,0,0,0,0,0,28.2158154797891,0,0.616083,2.383916,4.744487,0,61.6083,100,100
E01026250,East Midlands,E07000140,South Holland,803.778446,82.0577930716671,0,0,0,0,0,0,0,0,100.92628492607,0,0,0,0,0,0,0,0,37.1256447324204,0,0,3,4.312499,0,0,100,100
E01026251,East Midlands,E07000140,South Holland,739.936667,76.4323394857427,0,0,0,0,0,0,0,0,100.171144354215,0,0,0,0,0,0,0,0,35.8462357449275,0,0,3,5,0,0,100,100
E01026252,East Midlands,E07000140,South Holland,815.290897,78.4514453175543,0,0,0,0,0,0,0,0,98.7999427921768,0,0,0,0,0,0,0,0,35.2805529103696,0,0,3,5,0,0,100,100
E01026253,East Midlands,E07000140,South Holland,828.896522,90.3658093543124,0,0,0,0,0,0,0,0,102.802596150122,0,0,0,0,0,0,0,0,36.9581957857497,0,0,3,4.773989,0,0,100,100
E01026254,East Midlands,E07000140,South Holland,873.899742,108.916184889334,0,0,0,0,0,0,0,0,102.27464276098,0,0,0,0,0,0,0,0,31.4518754060215,0,0.180838,2.132934,4,0,18.0838,100,100
E01026255,East Midlands,E07000140,South Holland,832.036282,74.3649260114054,0,0,0,0,0,0,0,0,99.1964024315849,0,0,0,0,0,0,0,0,31.1698292959163,0,0,2,4,0,0,100,100
E01026256,East Midlands,E07000140,South Holland,771.334264,89.335802537967,0,0,0,0,0,0,0,0,102.575698451507,0,0,0,0,0,0,0,0,32.3707178238111,0,0.134328,1.865671,3.865671,0,13.4328,100,100
E01026257,East Midlands,E07000140,South Holland,804.825031,84.958706417999,0,0,0,0,0,0,0,0,103.161570165785,0,0,0,0,0,0,0,0,32.3832172203341,0,0,2.30169,4,0,0,100,100
E01026258,East Midlands,E07000140,South Holland,751.44912,59.1417511395335,0,0,0,0.694986,0,0,0,69.4986,97.4422934141382,0,0,0,0,0,0,0,0,35.9207744557893,0,0,3,5,0,0,100,100
E01026259,East Midlands,E07000140,South Holland,623.765564,68.6545017348518,0,0,0,0.28859,0,0,0,28.859,107.713322123398,0,0,0,0,0,0,0,0,36.7544041475581,0,0,3,4.441275,0,0,100,100
E01026260,East Midlands,E07000140,South Holland,875.992916,56.6527218595928,0,0,0,0.830346,0,0,0,83.0346,94.5154764231781,0,0,0,0,0,0,0,0,34.7772635995376,0,0,3,5,0,0,100,100
E01026262,East Midlands,E07000140,South Holland,641.557535,55.1258455237254,0,0,0,0.763458,0,0,0,76.3458,109.028547250283,0,0,0,0,0,0,0,0,33.5695477076216,0,0,3,5,0,0,100,100
E01026263,East Midlands,E07000140,South Holland,693.88686,56.6799081198799,0,0,0,1,0,0,0,100,109.781520813635,0,0,0,0,0,0,0,0,32.9690327286336,0,0,3,5,0,0,100,100
E01026264,East Midlands,E07000140,South Holland,665.629025,51.3277746810424,0,0,0,1,0,0,0,100,108.601402322706,0,0,0,0,0,0,0,0,33.0516320785674,0,0,3,5,0,0,100,100
E01026265,East Midlands,E07000140,South Holland,513.87398,45.7176021141342,0,0,0.448065,1,0,0,44.8065,100,106.779369483014,0,0,0,0,0,0,0,0,30.8776301613337,0,0.246435,3,4.98167,0,24.6435,100,100
E01026266,East Midlands,E07000140,South Holland,843.548732,45.352247829972,0,0,0.282878,1,0,0,28.2878,100,105.869799679908,0,0,0,0,0,0,0,0,31.7686443970582,0,0,3,5,0,0,100,100
E01026267,East Midlands,E07000140,South Holland,1152.291755,48.9804238137063,0,0,0.089918,1,0,0,8.9918,100,108.777584280855,0,0,0,0,0,0,0,0,31.9059698463162,0,0.089918,3,4.411444,0,8.9918,100,100
E01026268,East Midlands,E07000140,South Holland,851.921425,57.6775653741202,0,0,0,0.718673,0,0,0,71.8673,107.382290052167,0,0,0,0,0,0,0,0,31.1773492496788,0,0.116707,3,4.878378,0,11.6707,100,100
E01026269,East Midlands,E07000140,South Holland,916.809788,60.2997093114104,0,0,0,0.447488,0,0,0,44.7488,105.709889855647,0,0,0,0,0,0,0,0,31.8501911578912,0,0,3,5,0,0,100,100
E01026270,East Midlands,E07000140,South Holland,722.144697,64.8722471041942,0,0,0,0.704347,0,0,0,70.4347,101.240608151253,0,0,0,0,0,0,0,0,31.8550345493427,0,0.295652,3,5.295652,0,29.5652,100,100
E01026271,East Midlands,E07000140,South Holland,712.725418,61.4396976255021,0,0,0,0.224669,0,0,0,22.4669,102.45992916138,0,0,0,0,0,0,0,0,32.347120802229,0,0,3,5,0,0,100,100
E01026272,East Midlands,E07000140,South Holland,483.522971,57.4087308987901,0,0,0,0.725108,0,0,0,72.5108,102.604939392393,0,0,0,0,0,0,0,0,31.9832353801741,0,0,3,5,0,0,100,100
E01026273,East Midlands,E07000140,South Holland,641.557536,55.2164597142801,0,0,0,1,0,0,0,100,104.814700204746,0,0,0,0,0,0,0,0,35.5923415143322,0,0,3,5,0,0,100,100
E01026274,East Midlands,E07000140,South Holland,732.610562,64.1071442694413,0,0,0,0.205714,0,0,0,20.5714,106.639802588747,0,0,0,0,0,0,0,0,35.9869404548511,0,0,3,5,0,0,100,100
E01026275,East Midlands,E07000140,South Holland,851.921424,52.8484381411745,0,0,0,0.878378,0,0,0,87.8378,106.422810024281,0,0,0,0,0,0,0,0,34.3169699455796,0,0,3,5,0,0,100,100
E01026276,East Midlands,E07000140,South Holland,907.390511,90.0617919423472,0,0,0,0.341407,0,0,0,17.0703,86.0861694776832,0,0,0,0,0,0,0,0,32.2855734074335,0,0.331026,2.993079,5.22376,0,33.1026,100,100
E01026277,East Midlands,E07000140,South Holland,659.349505,63.483474733658,0,0,0,0.157142,0,0,0,15.7142,81.9495473273116,0,0,0,0,0,0,0,0,26.2225985139816,0,1,1,3,0,100,100,100
E01026278,East Midlands,E07000140,South Holland,609.113353,80.7524474712055,0,0,0,0,0,0,0,0,83.0870041389328,0,0,0,0,0,0,0,0,27.1997617122499,0,0.910652,1,3,0,91.0652,100,100
E01026279,East Midlands,E07000140,South Holland,642.604122,67.3188600486129,0,0,0,0,0,0,0,0,84.2389524800244,0,0,0,0,0,0,0,0,27.0064379230099,0,1,1,3,0,100,100,100
E01026280,East Midlands,E07000140,South Holland,1042.400172,119.54206900761,0,0,0,0,0,0,0,0,109.617782488764,0,0,0,0,0,0,0,0,32.8261626663453,0,0.288152,1.612449,4.534136,0,28.8152,100,100
E01026281,East Midlands,E07000140,South Holland,534.805711,89.502646641474,0,0,0,0,0,0,0,0,105.870967822699,0,0,0,0,0,0,0,0,32.0411752671202,0,0.305283,3,5.244618,0,30.5283,100,100
E01026282,East Midlands,E07000140,South Holland,746.216187,91.7234544484121,0,0,0,0,0,0,0,0,103.251372607249,0,0,0,0,0,0,0,0,31.993991739345,0,0.389901,3.231416,4.798036,0,38.9901,100,100
E01026283,East Midlands,E07000140,South Holland,666.675612,97.3882198122184,0,0,0,0,0,0,0,0,92.2075644881142,0,0,0,0,0,0,0,0,32.7979231743665,0,0,3.420722,5,0,0,100,100
E01026284,East Midlands,E07000140,South Holland,671.908545,100.042287304744,0,0,0,0,0,0,0,0,96.8829839982549,0,0,0,0,0,0,0,0,26.9445283399422,0,1,3,5,0,100,100,100
E01026285,East Midlands,E07000140,South Holland,637.371189,94.9157542170093,0,0,0,0,0,0,0,0,108.247528049533,0,0,0,0,0,0,0,0,34.0842040131212,0,0,3.402298,4.374384,0,0,100,100
E01026286,East Midlands,E07000140,South Holland,368.398454,72.0677761765378,0,0,0,0,0,0,0,0,95.7472803337912,0,0,0,0,0,0,0,0,35.0345283398788,0,0,3,5,0,0,100,100
E01026287,East Midlands,E07000141,South Kesteven,630.807059,14.9418828710186,0.602023,1,1,1,60.2023,100,100,100,13.3353766976041,1,1,1,1,100,100,100,100,11.1551395067776,1,1.564924,3,7,100,100,100,100
E01026288,East Midlands,E07000141,South Kesteven,747.820172,16.3520273801688,0.211948,1,1,1,21.1948,100,100,100,11.2455054077892,1,1,1,1,100,100,100,100,10.0352733733396,1,2,3,7.335704,100,100,100,100
E01026289,East Midlands,E07000141,South Kesteven,801.007952,19.4722258767134,0,1,1,1,0,100,100,100,14.6596641860579,0.79814,1,1,1,79.814,100,100,100,12.486078976572,1,2,3,7.699867,100,100,100,100
E01026290,East Midlands,E07000141,South Kesteven,983.97391,53.172076443696,0,0,0,0.872432,0,0,0,87.2432,102.378539911041,0,0,0,0,0,0,0,0,34.2241857645463,0,0,3.107027,5.892972,0,0,100,100
E01026291,East Midlands,E07000141,South Kesteven,825.47433,21.0151994002181,0,1,1,1,0,100,100,100,22.9246085460103,0,1,1,1,0,100,100,100,15.9674445063787,0,2,3,9,0,100,100,100
E01026292,East Midlands,E07000141,South Kesteven,657.40095,15.2991640488076,0.394822,1,1,1,39.4822,100,100,100,17.4419110583705,0,1,1,1,0,100,100,100,13.3635318542636,1,1,3,7,100,100,100,100
E01026293,East Midlands,E07000141,South Kesteven,778.669083,20.3718615915469,0.270491,0.864754,1,1,27.0491,86.4754,100,100,18.600488305826,0,1,1,1,0,100,100,100,14.1398868316838,0.711748,1,3,7,71.1748,100,100,100
E01026294,East Midlands,E07000141,South Kesteven,670.166014,14.3634704459281,0.842857,1,1,1,84.2857,100,100,100,15.3320654630661,0.528571,1,1,1,52.8571,100,100,100,12.0264464889254,1,1,3,7,100,100,100,100
E01026296,East Midlands,E07000141,South Kesteven,692.504883,47.1127688571276,0,0,0.354838,1,0,0,35.4838,100,74.7805579744012,0,0,0,0,0,0,0,0,27.7753584014467,0,1,3,4.477726,0,100,100,100
E01026297,East Midlands,E07000141,South Kesteven,579.74679,37.1188424423867,0,0,1,1,0,0,100,100,70.1074464828587,0,0,0,0,0,0,0,0,26.0894416108967,0,1,3,4.576146,0,100,100,100
E01026298,East Midlands,E07000141,South Kesteven,911.63853,36.9151239095701,0,0,1,1,0,0,100,100,69.1296514516553,0,0,0,0,0,0,0,0,25.8706475039191,0,1,3,4,0,100,100,100
E01026299,East Midlands,E07000141,South Kesteven,766.967773,34.9906599492879,0,0,1,1,0,0,100,100,67.4847104567211,0,0,0,0,0,0,0,0,24.7727115166591,0,1,3,5,0,100,100,100
E01026300,East Midlands,E07000141,South Kesteven,643.572125,37.1752501087472,0,0,1,1,0,0,100,100,66.941376926767,0,0,0,0,0,0,0,0,24.6347168550478,0,1,3,4.638016,0,100,100,100
E01026301,East Midlands,E07000141,South Kesteven,710.588727,28.8096263323098,0,0.631736,1,1,0,63.1736,100,100,64.466523382296,0,0,0,0,0,0,0,0,23.0681571655199,0,1,3,5.073353,0,100,100,100
E01026302,East Midlands,E07000141,South Kesteven,497.837611,37.8548588984063,0,0,1,1,0,0,100,100,69.7719571182576,0,0,0,0,0,0,0,0,25.9040850326863,0,1,3,5,0,100,100,100
E01026303,East Midlands,E07000141,South Kesteven,495.7101,37.0039183851173,0,0,1,2,0,0,100,100,53.7764858219215,0,0,0,2,0,0,0,100,22.5678045377887,0,2,2,5,0,100,100,100
E01026304,East Midlands,E07000141,South Kesteven,540.387834,48.3832615574254,0,0,0.440944,1,0,0,44.0944,100,53.9418438455554,0,0,0,1.805118,0,0,0,100,22.6444472441184,0,2,2,5,0,100,100,100
E01026305,East Midlands,E07000141,South Kesteven,633.998326,41.2183742437018,0,0,1,1.627516,0,0,100,100,55.1564680582069,0,0,0,2,0,0,0,100,22.9310613884983,0,2,2,5,0,100,100,100
E01026306,East Midlands,E07000141,South Kesteven,716.971261,38.5418258202519,0,0,1,1.146884,0,0,100,100,52.2227226760503,0,0,0,2,0,0,0,100,22.162248731869,0,2,2,5,0,100,100,100
E01026307,East Midlands,E07000141,South Kesteven,585.065569,36.4026425343583,0,0,1,1.42909,0,0,100,100,51.635236800281,0,0,0,2,0,0,0,100,21.7161042577461,0,2,2,5,0,100,100,100
E01026308,East Midlands,E07000141,South Kesteven,633.998326,27.1018479600737,0,1,1,1,0,100,100,100,19.2892146846916,0,1,1,1,0,100,100,100,16.0867722191388,0,2,3,8.684563,0,100,100,100
E01026309,East Midlands,E07000141,South Kesteven,699.951171,17.02724562281,0,1,1,1.849544,0,100,100,100,16.648400492552,0,1,1,1,0,100,100,100,14.5403122523663,0.796352,2,3,9,79.6352,100,100,100
E01026310,East Midlands,E07000141,South Kesteven,447.841099,17.8725405251941,0,1,1,1.235154,0,100,100,100,18.7878665613429,0,1,1,1,0,100,100,100,14.862907229495,0.764845,2,3,9,76.4845,100,100,100
E01026311,East Midlands,E07000141,South Kesteven,682.931081,20.8904857635498,0,1,1,1.568535,0,100,100,100,16.4502690625693,0,1,1,1,0,100,100,100,14.6043972003097,0.722741,1.722741,3,8.722741,72.2741,100,100,100
E01026312,East Midlands,E07000141,South Kesteven,480.817522,24.1962443175914,0,1,1,1,0,100,100,100,17.6891569591206,0,1,1,1,0,100,100,100,15.2422890692561,0.24115,2,3,9.24115,24.115,100,100,100
E01026313,East Midlands,E07000141,South Kesteven,659.528458,25.1188631175735,0.17258,0.667741,1,1,17.258,66.7741,100,100,26.6705683621837,0.348387,0.782258,0.782258,1,34.8387,78.2258,78.2258,100,12.5108662136958,0.782258,1.667741,2.348387,7.824193,78.2258,100,100,100
E01026314,East Midlands,E07000141,South Kesteven,506.347656,34.9120070546865,0,0,1,1,0,0,100,100,48.4214758008718,0,0,0,1,0,0,0,100,18.921586664021,0,1,3.30042,8,0,100,100,100
E01026315,East Midlands,E07000141,South Kesteven,968.017578,36.5472886700002,0,0.138461,0.826373,1,0,13.8461,82.6373,100,34.1841017505038,0,0.36923,0.797802,1,0,36.923,79.7802,100,21.3137639924505,0,1.372527,3.076923,8.338461,0,100,100,100
E01026316,East Midlands,E07000141,South Kesteven,910.574776,59.0284425785747,0,0,0.517523,0.904205,0,0,51.7523,51.7523,69.4950153606768,0,0,0,0.115654,0,0,0,11.5654,28.8134182124092,0,0.779205,2.894859,4.146028,0,77.9205,100,100
E01026317,East Midlands,E07000141,South Kesteven,880.789619,20.8165240358578,0.182367,1,1.301932,3,18.2367,100,100,100,14.6345767533415,0.760869,1,1,1,76.0869,100,100,100,15.4487817210402,0.760869,1.458937,3,8.684782,76.0869,100,100,100
E01026318,East Midlands,E07000141,South Kesteven,759.521484,27.5300579646427,0,0.683473,1.210084,2.210084,0,68.3473,100,100,16.1652009020191,0.210084,1,1,1,21.0084,100,100,100,16.7124177571193,0.210084,1.473389,3,8.789915,21.0084,100,100,100
E01026319,East Midlands,E07000141,South Kesteven,1066.946845,26.2057301606258,0,1,1,1.394815,0,100,100,100,18.2890380825871,0,1,1,1,0,100,100,100,16.9220031976002,0,1.901296,3,9.319042,0,100,100,100
E01026320,East Midlands,E07000141,South Kesteven,607.404436,31.8206963266153,0,0.653239,1,1,0,65.3239,100,100,16.9694739445514,0,1,1,1,0,100,100,100,14.3012274702288,1,2,3,9,100,100,100,100
E01026321,East Midlands,E07000141,South Kesteven,494.646344,24.8662717930729,0,1,1,1,0,100,100,100,17.5790058952801,0,1,1,1,0,100,100,100,14.129324007867,1,2,3,9,100,100,100,100
E01026322,East Midlands,E07000141,South Kesteven,540.387834,21.0883698798193,0,1,1,1.242125,0,100,100,100,15.0947501863965,0.242125,1,1,1,24.2125,100,100,100,12.8679172795574,1,2,3,9,100,100,100,100
E01026323,East Midlands,E07000141,South Kesteven,854.19573,16.6948850454346,0.414694,1,1,2.556662,41.4694,100,100,100,12.2623797001699,0.876712,1,1,1,87.6712,100,100,100,12.566014713822,1,1.410958,3,7.582814,100,100,100,100
E01026324,East Midlands,E07000141,South Kesteven,901.000975,18.5950751666249,0,1,1,1.883116,0,100,100,100,16.6059042213245,0,1,1,1,0,100,100,100,13.498073014843,1,2,3,7,100,100,100,100
E01026325,East Midlands,E07000141,South Kesteven,606.34068,15.6322156375091,0.347368,1,1,1,34.7368,100,100,100,14.2490102358705,1,1,1,1,100,100,100,100,12.2652618364356,1,1,3,7,100,100,100,100
E01026326,East Midlands,E07000141,South Kesteven,647.827148,11.8980423702875,0.798029,1,1,1,79.8029,100,100,100,11.1179602780414,1,1,1,1,100,100,100,100,10.4586082122824,1,1,3,7.195402,100,100,100,100
E01026327,East Midlands,E07000141,South Kesteven,618.041992,16.1710067349483,0.209982,1,1,1,20.9982,100,100,100,11.9587566783744,1,1,1,1,100,100,100,100,10.9069505009626,1,1,3,7,100,100,100,100
E01026328,East Midlands,E07000141,South Kesteven,606.340679,13.1621371424475,1,1,1,1,100,100,100,100,14.1450532736979,0.826315,1,1,1,82.6315,100,100,100,11.9165055738314,1,1,3,7,100,100,100,100
E01026329,East Midlands,E07000141,South Kesteven,841.430663,43.1000590512694,0,0,0.86852,1,0,0,86.852,100,59.0954732844008,0,0,0,0.657395,0,0,0,65.7395,21.6683403155592,0,2,3,7.125158,0,100,100,100
E01026330,East Midlands,E07000141,South Kesteven,830.793107,30.684437844791,0,0.587708,0.866837,0.866837,0,58.7708,86.6837,86.6837,43.1157248535559,0,0,0.338028,1,0,0,33.8028,100,18.0312125293148,0,1.133162,2.460947,6.139564,0,100,100,100
E01026331,East Midlands,E07000141,South Kesteven,1087.158202,51.6157105786272,0,0,0.429549,1.035225,0,0,42.9549,90.3131,56.0285878937716,0,0,0,0.943248,0,0,0,94.3248,27.0761862060115,0,1.647749,4,7.311154,0,85.225,100,100
E01026332,East Midlands,E07000141,South Kesteven,990.356445,42.1305249746993,0,0,0.690655,0.893662,0,0,69.0655,89.3662,50.3959707815171,0,0,0.209452,0.690655,0,0,20.9452,69.0655,24.3041940378021,0,0.818474,2.690655,5.939849,0,81.8474,100,100
E01026333,East Midlands,E07000141,South Kesteven,988.228934,45.2830667720425,0,0.553283,1.01184,1.31001,0,55.3283,69.6447,82.5618,39.0893734916843,0,0,0.825618,1,0,0,82.5618,100,18.6233138684464,0.068891,1.787944,2.756727,8.679224,6.8891,100,100,100
E01026334,East Midlands,E07000141,South Kesteven,658.464704,37.6659275856092,0,0.187399,1,1.382875,0,18.7399,100,100,48.8055820452838,0,0,0.187399,2,0,0,18.7399,100,20.667455931696,0,2,2,5.807754,0,100,100,100
E01026335,East Midlands,E07000141,South Kesteven,627.615791,32.0357767924737,0,0.376271,1,2,0,37.6271,100,100,51.4603427740737,0,0,0,2,0,0,0,100,20.891345473689,0,2,2,5.376271,0,100,100,100
E01026336,East Midlands,E07000141,South Kesteven,706.333705,38.7828877882976,0,0,1,1.319277,0,0,100,100,54.6364861007153,0,0,0,2,0,0,0,100,22.4074904505246,0,2,2,5,0,100,100,100
E01026337,East Midlands,E07000141,South Kesteven,644.635881,35.9106140098931,0,0,1,1.80528,0,0,100,100,53.3301293069387,0,0,0,2,0,0,0,100,22.0077268686432,0,2,2,5,0,100,100,100
E01026338,East Midlands,E07000141,South Kesteven,505.2839,36.0682545823132,0,0.208421,0.848421,1.208421,0,20.8421,84.8421,100,62.2020605488034,0,0,0,0.64,0,0,0,64,25.488081065776,0,1.151578,3.36,7.136842,0,100,100,100
E01026339,East Midlands,E07000141,South Kesteven,573.364258,48.1288216615179,0,0,0.283858,1.283858,0,0,28.3858,100,75.5074348753425,0,0,0,0,0,0,0,0,26.7007719164441,0,1,3.283858,8.510204,0,100,100,100
E01026340,East Midlands,E07000141,South Kesteven,939.296176,19.3141600778551,0,1,1,2,0,100,100,100,20.1989890312573,0,1,1,1,0,100,100,100,13.0623213325678,1,2,3,7.34881,100,100,100,100
E01026341,East Midlands,E07000141,South Kesteven,611.659459,48.023427282499,0,0,0,1,0,0,0,100,83.0671650337636,0,0,0,0,0,0,0,0,29.3847781031078,0,1,3,5.172173,0,100,100,100
E01026342,East Midlands,E07000141,South Kesteven,588.256836,52.4747421360149,0,0,0,1,0,0,0,100,87.1150857026123,0,0,0,0,0,0,0,0,31.1382410118411,0,0,3,5,0,0,100,100
E01026343,East Midlands,E07000141,South Kesteven,888.235908,20.9632945192481,0,1,1,2.881437,0,100,100,100,13.8677312098958,0.881437,1,1,1,88.1437,100,100,100,13.5455527148515,1,1,3,7.722155,100,100,100,100
E01026344,East Midlands,E07000141,South Kesteven,713.779994,24.359733053205,0,1,1,2.603576,0,100,100,100,16.0829229888044,0.213114,1,1,1,21.3114,100,100,100,15.0662260600845,0.609538,1.205663,3,8.603576,60.9538,100,100,100
E01026345,East Midlands,E07000141,South Kesteven,653.145926,17.3931208432921,0.161237,1,1,2.221498,16.1237,100,100,100,12.2753406480523,1,1,1,1,100,100,100,100,11.4137584580117,1,1,3,7.224755,100,100,100,100
E01026346,East Midlands,E07000141,South Kesteven,536.132813,9.34928623771335,1,1,1,1,100,100,100,100,9.22470843096833,1,1,1,1,100,100,100,100,7.84436039928772,1,1,2.761904,7,100,100,100,100
E01026347,East Midlands,E07000141,South Kesteven,677.612303,9.60178355501814,1,1,1,1,100,100,100,100,8.54582847966537,1,1,1,1,100,100,100,100,8.06602767070231,1,2,2.681318,7.525902,100,100,100,100
E01026348,East Midlands,E07000141,South Kesteven,495.7101,11.0451385604816,1,1,1,1,100,100,100,100,10.836318136111,1,1,1,1,100,100,100,100,8.8624149376876,1,1.476394,3,7,100,100,100,100
E01026349,East Midlands,E07000141,South Kesteven,814.836774,17.8672663823191,0.191906,1,1,1,19.1906,100,100,100,11.1906581759079,1,1,1,1,100,100,100,100,10.5418117487318,1,2,3.556135,8,100,100,100,100
E01026350,East Midlands,E07000141,South Kesteven,807.390484,11.7980398860399,0.74967,1,1,1.130434,74.967,100,100,100,9.55762384583128,1,1,1,1,100,100,100,100,9.31649005976837,1,2,4.405797,8.130434,100,100,100,100
E01026351,East Midlands,E07000141,South Kesteven,878.662109,12.4321520613623,0.846246,1,1,1,84.6246,100,100,100,9.65925836844707,1,1,1,1,100,100,100,100,9.23639785961842,1,2,4.455205,8.335351,100,100,100,100
E01026352,East Midlands,E07000141,South Kesteven,564.854212,10.7474062267343,1,1,1,1,100,100,100,100,9.56766189733507,1,1,1,1,100,100,100,100,8.75630482310594,1,1,2.813559,7,100,100,100,100
E01026353,East Midlands,E07000141,South Kesteven,878.662108,11.7428055609352,1,1,1,2.842615,100,100,100,100,9.73954379943596,1,1,1,1,100,100,100,100,10.1706202472593,1,1.266343,3,8.543583,100,100,100,100
E01026354,East Midlands,E07000141,South Kesteven,498.901366,16.6554203507831,0.462686,1,1,1,46.2686,100,100,100,12.4793650633679,1,1,1,1,100,100,100,100,10.1582334487352,1,1.530916,2.530916,7,100,100,100,100
E01026355,East Midlands,E07000141,South Kesteven,1009.504045,34.9013127238811,0,0,1.873551,2,0,0,100,100,43.8003637032205,0,0,0.616438,1.846153,0,0,61.6438,100,19.159312305855,0,2,3.695468,10,0,100,100,100
E01026356,East Midlands,E07000141,South Kesteven,577.61928,27.5328189233286,0,0.817679,1,1,0,81.7679,100,100,20.1562609290325,0,1,1,1,0,100,100,100,14.7501445956988,1,2,4.817679,8.25046,100,100,100,100
E01026357,East Midlands,E07000141,South Kesteven,601.021904,21.4712647185849,0,1,1,1,0,100,100,100,17.563475990571,0,1,1,1,0,100,100,100,13.8937500157108,1,2,4.79646,8.79646,100,100,100,100
E01026358,East Midlands,E07000141,South Kesteven,639.317104,19.2411095375078,0,1,1,1,0,100,100,100,14.7229946971891,0.410981,1,1,1,41.0981,100,100,100,12.8257215533073,1,2,3.32945,8.164725,100,100,100,100
E01026359,East Midlands,E07000141,South Kesteven,683.994838,21.3459876323882,0,1,1,1,0,100,100,100,14.8534605516706,0.346811,1,1,1,34.6811,100,100,100,12.5787811739483,1,2,5,8.799377,100,100,100,100
E01026360,East Midlands,E07000141,South Kesteven,896.745953,57.1145857221027,0,0,0,0.569395,0,0,0,56.9395,60.0702650433917,0,0,0,0.431791,0,0,0,43.1791,22.136730086748,0,1.850533,2,5.154211,0,100,100,100
E01026361,East Midlands,E07000141,South Kesteven,1172.258651,59.8381750635554,0,0,0,0.341197,0,0,0,34.1197,96.5663139858163,0,0,0,0,0,0,0,0,32.5085810286213,0,0.186932,2.867513,6,0,18.6932,100,100
E01026362,East Midlands,E07000141,South Kesteven,652.082171,47.4264434439951,0,0,0.1615,1.1615,0,0,16.15,100,48.8883155274065,0,0,0,1,0,0,0,100,19.4048686027527,0,2,2,5.784665,0,100,100,100
E01026363,East Midlands,E07000141,South Kesteven,590.384346,34.1513163086715,0,0.891891,0.891891,0.891891,0,89.1891,89.1891,89.1891,26.0888100561316,0,0.574774,1,1.317117,0,57.4774,100,100,12.2023284234481,1,2,2,5.682882,100,100,100,100
E01026364,East Midlands,E07000141,South Kesteven,697.82366,47.22702711688,0,0,0.210365,1.210365,0,0,21.0365,100,51.9755934861711,0,0,0,1,0,0,0,100,19.6875629559588,0,2,2,6,0,100,100,100
E01026365,East Midlands,E07000141,South Kesteven,958.443778,40.7498485496003,0,0,0.611542,1,0,0,61.1542,100,41.5683846121747,0,0,0.920088,1.236403,0,0,92.0088,100,18.5640951065713,0,2,3.459489,9.231964,0,100,100,100
E01026366,East Midlands,E07000142,West Lindsey,981.633451,55.7212969456483,0,0,0.510615,0.789808,0,0,51.0615,78.9808,70.4986197609656,0,0,0,0.105095,0,0,0,10.5095,25.8540955437368,0,0.894904,2,7.684713,0,89.4904,100,100
E01026367,East Midlands,E07000142,West Lindsey,735.704051,45.9447193634219,0,0,0.746458,0.902266,0,0,74.6458,90.2266,67.3397439724062,0,0,0,0.175637,0,0,0,17.5637,24.7550061016548,0,1,4.946175,9.033994,0,100,100,100
E01026368,East Midlands,E07000142,West Lindsey,687.768659,49.7213775709279,0,0,0.187878,1,0,0,18.7878,100,74.1227232363324,0,0,0,0,0,0,0,0,26.6594464524052,0,1,6,9.192424,0,100,100,100
E01026369,East Midlands,E07000142,West Lindsey,506.447831,23.1280692396493,0,1,1,1,0,100,100,100,27.2378924227309,0,1,1,1,0,100,100,100,14.5573943222163,0.757201,1,2.757201,7.757201,75.7201,100,100,100
E01026370,East Midlands,E07000142,West Lindsey,809.691286,25.0657908798403,0,0.872586,1,1,0,87.2586,100,100,23.8620893907588,0,1,1,1,0,100,100,100,13.2321111826561,1,1,2.287001,6.254826,100,100,100,100
E01026371,East Midlands,E07000142,West Lindsey,499.153315,26.2117000371815,0,1,1,1,0,100,100,100,29.9847474224393,0,0.49478,1,1,0,49.478,100,100,16.1030951685779,0,1,2.2881,7.081419,0,100,100,100
E01026372,East Midlands,E07000142,West Lindsey,952.455385,39.9394274573203,0,0,0.916849,0.916849,0,0,91.6849,91.6849,46.6094667802511,0,0,0.808533,0.808533,0,0,80.8533,80.8533,20.2529343644857,0,1,3,7.944201,0,100,100,100
E01026373,East Midlands,E07000142,West Lindsey,740.91442,33.4581958035843,0,0.75668,0.932489,1.312236,0,75.668,93.2489,93.2489,39.4293972299282,0,0,0.75668,0.831223,0,0,75.668,83.1223,17.3219359802627,0.478199,1.101265,2.353023,7.158931,47.8199,100,100,100
E01026374,East Midlands,E07000142,West Lindsey,648.169858,27.4641220649182,0,0.770096,1,1,0,77.0096,100,100,19.2420329411039,0,1,1,1,0,100,100,100,13.1461989340293,1,1.840836,5,10,100,100,100,100
E01026375,East Midlands,E07000142,West Lindsey,648.169859,31.7368252334717,0,0.159163,1,1.532154,0,15.9163,100,100,21.8583324163244,0,1,1,1,0,100,100,100,13.3101925444692,1,2,5,10,100,100,100,100
E01026376,East Midlands,E07000142,West Lindsey,782.597369,28.6407917762071,0,0.719041,1,1.58189,0,71.9041,100,100,19.1560609442464,0,1,1,1,0,100,100,100,12.9782415031047,1,2,5,10,100,100,100,100
E01026377,East Midlands,E07000142,West Lindsey,874.299856,26.291350106784,0,0.882002,1,1,0,88.2002,100,100,17.758541819312,0,1,1,1,0,100,100,100,12.1112822999804,1,1.613825,5,10,100,100,100,100
E01026378,East Midlands,E07000142,West Lindsey,723.199166,12.5406756078468,1,1,1,1,100,100,100,100,10.033209062553,1,1,1,1,100,100,100,100,8.19112981858473,1,2,5,10,100,100,100,100
E01026379,East Midlands,E07000142,West Lindsey,664.843038,17.8411061808197,0.175548,1,1,1,17.5548,100,100,100,12.5839441880168,1,1,1,1,100,100,100,100,9.74489952332481,1,2,5,10,100,100,100,100
E01026380,East Midlands,E07000142,West Lindsey,691.936955,23.8654722742414,0,1,1,1,0,100,100,100,14.6143683990214,0.799698,1,1,1,79.9698,100,100,100,10.0530588927951,1,2,5,10,100,100,100,100
E01026381,East Midlands,E07000142,West Lindsey,807.607139,6.54067705212702,1,1,1,1,100,100,100,100,7.69008984802868,1,1,1,1,100,100,100,100,7.11105448989685,1,2,5,10,100,100,100,100
E01026382,East Midlands,E07000142,West Lindsey,621.075942,29.7696509950494,0,0.667785,1.166107,3,0,66.7785,100,100,20.2667217483782,0,1,1,1,0,100,100,100,13.2845078207535,1,2,5.463087,10,100,100,100,100
E01026383,East Midlands,E07000142,West Lindsey,584.603361,23.0663776529448,0,1,1,2.755793,0,100,100,100,16.5397925051194,0,1,1,1,0,100,100,100,11.3353259905612,1,2,6.352941,10,100,100,100,100
E01026384,East Midlands,E07000142,West Lindsey,929.529764,14.890757792758,0.586322,1,1,1.609865,58.6322,100,100,100,13.159030786003,0.866591,1,1,1,86.6591,100,100,100,9.70210275453391,1,2,5.413677,10,100,100,100,100
E01026385,East Midlands,E07000142,West Lindsey,441.83926,42.9388525921365,0,0,0.57783,0.57783,0,0,57.783,57.783,42.9174251722253,0,0,0.57783,1,0,0,57.783,100,16.7705044787863,0.23349,1,4.466981,10,23.349,100,100,100
E01026386,East Midlands,E07000142,West Lindsey,598.15032,56.912959544548,0,0,0,0.599303,0,0,0,59.9303,63.2635445431246,0,0,0,0.250871,0,0,0,25.0871,22.1896973361725,0,1.520905,4.442508,10,0,100,100,100
E01026387,East Midlands,E07000142,West Lindsey,1053.536537,117.679374775376,0,0,0,0,0,0,0,0,94.5845846863714,0,0,0,0,0,0,0,0,33.355943242529,0,0,5.204747,9.922848,0,0,100,100
E01026388,East Midlands,E07000142,West Lindsey,856.584604,38.2947468394303,0,0,1,1.13017,0,0,100,100,34.1852669867079,0,0.542579,0.824817,1,0,54.2579,82.4817,100,17.8747470429651,0.277372,1.542579,4.704379,9.277372,27.7372,100,100,100
E01026389,East Midlands,E07000142,West Lindsey,710.694282,53.8743046206761,0,0,0,2.175953,0,0,0,100,92.8745307774261,0,0,0,0,0,0,0,0,26.8885298499913,0,1,4,9,0,100,100,100
E01026390,East Midlands,E07000142,West Lindsey,836.785202,54.9370086298937,0,0,0,1.393524,0,0,0,100,94.4416373900077,0,0,0,0,0,0,0,0,28.287584578008,0,1,4,8.230386,0,100,100,100
E01026391,East Midlands,E07000142,West Lindsey,814.901655,58.7814103321962,0,0,0.254475,0.689258,0,0,25.4475,59.9744,85.1565594762387,0,0,0,0,0,0,0,0,26.0206021344156,0,0.800511,3.881074,8.771099,0,80.0511,100,100
E01026392,East Midlands,E07000142,West Lindsey,1173.375017,69.8702545832015,0,0,0,0.603907,0,0,0,60.3907,100.928599858646,0,0,0,0,0,0,0,0,31.4590853701276,0,0.263765,4.220248,8.340142,0,26.3765,100,100
E01026393,East Midlands,E07000142,West Lindsey,629.412531,30.6222976848733,0,0.377483,1,1,0,37.7483,100,100,28.604565800584,0,1,1,1,0,100,100,100,16.1042889477475,0,1,3.163907,9,0,100,100,100
E01026394,East Midlands,E07000142,West Lindsey,690.89488,29.3691689785255,0,0.447963,0.906485,1.149321,0,44.7963,90.6485,100,24.2087779170154,0,0.671191,1,1,0,67.1191,100,100,15.1868727248474,0.577677,1,3.168929,9,57.7677,100,100,100
E01026395,East Midlands,E07000142,West Lindsey,657.548522,27.5020029904181,0,0.782884,1,1,0,78.2884,100,100,28.0290299984642,0,0.782884,1,1,0,78.2884,100,100,16.1290984662418,0,1,3.62599,9,0,100,100,100
E01026396,East Midlands,E07000142,West Lindsey,545.004559,45.6738039378724,0,0,0.395793,1.820267,0,0,39.5793,100,50.1516192282596,0,0,0,1,0,0,0,100,23.5882458785694,0,1.810707,5,8.967495,0,100,100,100
E01026397,East Midlands,E07000142,West Lindsey,1043.115801,48.2782647917193,0,0,0.098901,1.390609,0,0,9.8901,100,42.6174693247457,0,0.098901,0.46953,1,0,9.8901,46.953,100,21.9524104684268,0,1.207792,4.283716,8.464535,0,100,100,100
E01026398,East Midlands,E07000142,West Lindsey,699.231471,50.0412206680249,0,0,0,1.9076,0,0,0,92.3994,50.1450673356224,0,0,0,1,0,0,0,100,23.7333803950788,0,1,5,8.800298,0,100,100,100
E01026399,East Midlands,E07000142,West Lindsey,611.697278,54.8958299779568,0,0,0,1.497444,0,0,0,83.3049,64.3104150084411,0,0,0,0.207836,0,0,0,20.7836,24.2406122311443,0,2,4,10,0,100,100,100
E01026400,East Midlands,E07000142,West Lindsey,613.781425,49.6227772026546,0,0,0.168081,1.252971,0,0,16.8081,100,43.6884153883211,0,0,0.66893,1,0,0,66.893,100,21.8021809016059,0,1.470288,3.108658,9.03056,0,100,100,100
E01026401,East Midlands,E07000142,West Lindsey,628.370458,55.8949475155362,0,0,0.383084,1.728026,0,0,38.3084,86.4013,53.9359761123988,0,0,0,1.502487,0,0,0,86.4013,22.0731614391329,0,1.728026,3.028192,9.592039,0,86.4013,100,100
E01026402,East Midlands,E07000142,West Lindsey,688.810734,43.3584208056801,0,0,1.468986,2,0,0,85.0226,100,48.3151061349166,0,0,0,1.573373,0,0,0,100,19.9588371276855,0,2,3,10,0,100,100,100
E01026403,East Midlands,E07000142,West Lindsey,558.551518,30.4593093403992,0,0.184701,1.235074,1.742537,0,18.4701,100,100,42.1990295426973,0,0.184701,0.507462,1.235074,0,18.4701,50.7462,100,18.4187217526012,0.184701,1.660447,3.660447,9.136194,18.4701,100,100,100
E01026404,East Midlands,E07000142,West Lindsey,954.539534,47.9163075008908,0,0,0.220524,1.779475,0,0,22.0524,100,60.4439542083607,0,0,0,0.220524,0,0,0,22.0524,24.4523847009581,0,2,3.220524,9.391921,0,100,100,100
E01026405,East Midlands,E07000142,West Lindsey,545.004558,37.2154362041168,0,0,1,1,0,0,100,100,38.7762090032782,0,0,1,1,0,0,100,100,18.9113679962915,0,1,3,7.889101,0,100,100,100
E01026406,East Midlands,E07000142,West Lindsey,478.311841,30.132670229478,0,0.215686,1,1,0,21.5686,100,100,34.4579142502648,0,0,1,1,0,0,100,100,17.6602475298204,0,1,3,7.431372,0,100,100,100
E01026407,East Midlands,E07000142,West Lindsey,549.172854,27.2206426026485,0,0.834914,1,1.834914,0,83.4914,100,100,30.3569074122206,0,0.455407,1,1,0,45.5407,100,100,13.1353695750504,1,2,4.455407,10,100,100,100,100
E01026408,East Midlands,E07000142,West Lindsey,561.677739,12.0791202346041,0.653061,1,1,1,65.3061,100,100,100,9.867808241998,1,1,1,1,100,100,100,100,8.31497051813735,1,1.653061,5,10,100,100,100,100
E01026409,East Midlands,E07000142,West Lindsey,532.499674,70.8548880096758,0,0,0,0,0,0,0,0,69.2332479292246,0,0,0,0,0,0,0,0,25.6690236022552,0,2.677103,5,10,0,100,100,100
E01026410,East Midlands,E07000142,West Lindsey,654.4223,66.3800191271283,0,0,0,0,0,0,0,0,54.0188042455973,0,0,0,0.522292,0,0,0,52.2292,21.8158284183264,0,1.364649,5.364649,10,0,100,100,100
E01026411,East Midlands,E07000142,West Lindsey,1021.232252,93.6929387708578,0,0,0,0,0,0,0,0,82.4539030181425,0,0,0,0,0,0,0,0,28.7183190362454,0,0.632653,4.733673,10,0,63.2653,100,100
E01026412,East Midlands,E07000142,West Lindsey,639.833268,41.1003577700528,0,0,1,1,0,0,100,100,44.781424035737,0,0,0.337133,1,0,0,33.7133,100,21.0126361199581,0,1,2.838762,8,0,100,100,100
E01026413,East Midlands,E07000142,West Lindsey,876.384005,38.8589364388385,0,0,1,1,0,0,100,100,44.0027770147251,0,0,0.882282,1,0,0,88.2282,100,20.6085002001095,0,1,3,8,0,100,100,100
E01026414,East Midlands,E07000142,West Lindsey,654.4223,53.8040199189443,0,0,0.25,0.687898,0,0,25,68.7898,64.009940945234,0,0,0,0.391719,0,0,0,39.1719,25.3901478940739,0,0.687898,3.157643,7.671974,0,68.7898,100,100
E01026415,East Midlands,E07000142,West Lindsey,389.735574,44.9897377970615,0,0,1.40909,1.550802,0,0,77.5401,77.5401,63.873082004321,0,0,0,0,0,0,0,0,26.7588245421503,0,1.775401,2,6.858288,0,100,100,100
E01026416,East Midlands,E07000142,West Lindsey,587.729582,68.0649207507687,0,0,0,0.514184,0,0,0,51.4184,81.393606015774,0,0,0,0,0,0,0,0,28.6184038645785,0,0.689716,4.946808,8.473404,0,68.9716,100,100
E01032683,East Midlands,E07000142,West Lindsey,942.034648,45.3400546415781,0,0,0.359513,1,0,0,35.9513,100,55.0769463209389,0,0,0,1,0,0,0,100,22.1315445672485,0,1,4.93584,9.871681,0,100,100,100
E01032986,East Midlands,E07000137,East Lindsey,540.679914,5.09845486111111,1,1,1,1.500941,100,100,100,100,6.76371531726585,1,1,1,1,100,100,100,100,6.99737845195664,1,1.764595,3,5.736346,100,100,100,100
E01032987,East Midlands,E07000137,East Lindsey,609.919528,12.0688771665411,0.697829,1,1,1.796327,69.7829,100,100,100,8.97109264310536,1,1,1,1,100,100,100,100,8.57642821144501,1,1.796327,3,5.796327,100,100,100,100
E01032988,East Midlands,E07000139,North Kesteven,557.556773,58.7205837236662,0,0,0,1.185393,0,0,0,81.4606,40.1429637105841,0,0,1,1,0,0,100,100,27.7442560577829,0,1,2.962546,6,0,100,100,100
E01032989,East Midlands,E07000139,North Kesteven,516.836335,59.0156879457468,0,0,0,1.2,0,0,0,60,42.2490479358533,0,0,1,1,0,0,100,100,28.3369626809787,0,1.6,4.6,7,0,100,100,100
E01032990,East Midlands,E07000139,North Kesteven,826.938136,59.606963313754,0,0,0,0.625,0,0,0,62.5,62.7925487418309,0,0,0,0,0,0,0,0,26.2066915492572,0,1,4.875,7,0,100,100,100
E01032991,East Midlands,E07000139,North Kesteven,657.7917,44.7724765267153,0,0,0.633333,1.455555,0,0,63.3333,100,35.1257072034465,0,0,1,1,0,0,100,100,24.411428192622,0,1,3.014285,6.203174,0,100,100,100
E01032992,East Midlands,E07000139,North Kesteven,560.689115,48.4514372245859,0,0,0,2,0,0,0,100,38.8386971378529,0,0,1,1,0,0,100,100,26.5980393706023,0,1.368715,4.368715,6.815642,0,100,100,100
E01032993,East Midlands,E07000139,North Kesteven,650.482902,55.2218596416971,0,0,0,1.642054,0,0,0,100,39.528045205015,0,0,1,1,0,0,100,100,28.0439621784166,0,1,2.71589,6,0,100,100,100
E01032994,East Midlands,E07000139,North Kesteven,486.557034,70.5379514743192,0,0,0,0,0,0,0,0,48.5527881250081,0,0,0.587982,1,0,0,58.7982,100,28.0190246579233,0,1.587982,4.587982,7.175965,0,100,100,100
E01032995,East Midlands,E07000140,South Holland,567.249892,48.4909198514467,0,0,0,1,0,0,0,100,102.986974000772,0,0,0,0,0,0,0,0,34.503224590792,0,0,3,5,0,0,100,100
E01032996,East Midlands,E07000140,South Holland,567.249893,53.117375878252,0,0,0,1,0,0,0,100,100.920747291554,0,0,0,0,0,0,0,0,34.617108994714,0,0,3,5,0,0,100,100
E01032997,East Midlands,E07000141,South Kesteven,421.247208,49.7104067353679,0,0,0,1,0,0,0,100,70.1883616618555,0,0,0,0,0,0,0,0,24.2914354960985,0,1,3,4,0,100,100,100
E01032998,East Midlands,E07000141,South Kesteven,421.247208,59.180946458224,0,0,0,0.5,0,0,0,50,70.0641108272838,0,0,0,0,0,0,0,0,24.3671599991468,0,1,3,4.5,0,100,100,100
E01032999,East Midlands,E07000141,South Kesteven,535.069056,41.13994029074,0,0,0.80318,1,0,0,80.318,100,70.2026088406341,0,0,0,0,0,0,0,0,26.0368940565321,0,1,2.536779,4,0,100,100,100
