Practice Code,Practice Name,List size aged 18+ 2425,Register 2425,Prevalence (%) 2425,MH002 (Patients receiving Intervention % / Achievement Rate %),MH003 (Patients receiving Intervention % / Achievement Rate %),MH006 (Patients receiving Intervention % / Achievement Rate %),MH007 (Patients receiving Intervention % / Achievement Rate %),MH011 (Patients receiving Intervention % / Achievement Rate %),MH012 (Patients receiving Intervention % / Achievement Rate %),Overall PCA Rate (%) 2425
C83051,Abbey Medical Practice,"9,056",130,1.435512367,18.6440678,69.49152542,53.38983051,61.86440678,58.47457627,59.22330097,38.71763255
C83617,Abbeyview Surgery,"9,175",61,0.664850136,85.41666667,89.58333333,91.66666667,89.58333333,89.58333333,86.84210526,5.214723926
C83019,Beacon Medical Practice,"22,075",243,1.100792752,16.08040201,69.84924623,97.48743719,53.26633166,61.80904523,60.36585366,1.988217968
C83003,Beechfield Medical Centre,"21,409",198,0.924844691,54.03726708,77.63975155,73.91304348,74.53416149,70.80745342,71.72413793,28.53285329
C83030,Billinghay Medical Practice,"5,186",38,0.732741998,81.25,96.875,96.875,96.875,93.75,96.55172414,5.429864253
C83643,Binbrook Surgery,"2,376",23,0.968013468,69.23076923,84.61538462,84.61538462,84.61538462,92.30769231,90,13.63636364
C83082,Birchwood Medical Practice,"10,698",119,1.11235745,96.55172414,87.35632184,95.40229885,95.40229885,85.05747126,86.66666667,4.857621441
C83014,Boultham Park Medical Practice,"10,377",115,1.108220102,72.5,92.5,86.25,91.25,86.25,87.14285714,11.45454545
C83054,Bourne Galletly Practice Team,"15,418",83,0.53833182,60.71428571,82.14285714,73.21428571,76.78571429,80.35714286,80,20.7253886
C83029,Branston & Heighington Family Practice,"4,672",47,1.005993151,54.54545455,66.66666667,45.45454545,54.54545455,75.75757576,64.28571429,25.66371681
C83078,Brant Road & Springcliffe Surgery,"9,003",86,0.955237143,70.51282051,89.74358974,93.58974359,94.87179487,83.33333333,80.95238095,9.22787194
C83626,Brayford Medical Practice,"10,615",161,1.51672162,66.43356643,81.81818182,76.22377622,72.72727273,67.83216783,66.11570248,22.98263534
C83613,Caistor Health Centre,"5,281",65,1.230827495,94.11764706,90.19607843,92.15686275,96.07843137,86.2745098,84.21052632,5.23255814
C83044,Caskgate Street Surgery,"12,202",172,1.409604983,34.89932886,75.83892617,77.18120805,57.04697987,65.10067114,66.41791045,39.29961089
C83020,Caythorpe & Ancaster Medical Practice,"10,055",68,0.676280457,82.9787234,93.61702128,87.23404255,91.4893617,89.36170213,86.84210526,10.9375
C83062,Church Walk Surgery,"5,761",47,0.815830585,83.33333333,94.44444444,94.44444444,91.66666667,91.66666667,92.30769231,6.198347107
C83018,Cleveland Surgery,"12,239",166,1.356319961,36.71875,85.15625,71.875,67.1875,68.75,69.02654867,28.83087401
C83073,Cliff House Medical Practice,"8,217",108,1.314348302,68.42105263,77.63157895,72.36842105,81.57894737,65.78947368,70.3125,4.230769231
C83053,Colsterworth Surgery,"2,438",34,1.394585726,59.25925926,88.88888889,74.07407407,81.48148148,77.77777778,70.83333333,16.12903226
C83049,Dr Sinha & Partners,"10,138",67,0.660879858,26.92307692,88.46153846,80.76923077,75,82.69230769,82.9787234,1.671309192
C83056,East Lindsey Medical Group,"14,048",141,1.003701595,52.54237288,79.66101695,69.49152542,78.81355932,64.40677966,65.625,25.37313433
C83079,Glebe Park Surgery,"6,304",72,1.14213198,66,76,74,72,76,73.33333333,2.028985507
C83036,Gosberton Medical Centre,"8,208",68,0.828460039,53.33333333,84.44444444,86.66666667,88.88888889,80,85.36585366,16.39871383
C83059,Greyfriars Surgery,"14,139",114,0.806280501,52.38095238,85.71428571,79.36507937,76.19047619,71.42857143,72.22222222,13.19444444
C83045,Hawthorn Medical Practice,"16,754",176,1.050495404,30.90909091,69.09090909,53.33333333,49.6969697,60.60606061,60.14492754,35.72695035
C83001,Heart Of Lincoln Health Group,"29,208",261,0.893590797,44.95412844,69.72477064,65.59633028,65.13761468,57.33944954,55.19125683,32.93091885
C83035,Hereward Medical Centre,"12,383",87,0.702576112,85.91549296,92.95774648,92.95774648,91.54929577,83.09859155,85,6.58436214
C83033,Hibaldstow Medical Practice,"3,765",31,0.823373174,77.27272727,100,100,100,95.45454545,94.44444444,5.333333333
C83028,Holbeach Medical Centre,"7,913",53,0.6697839,80,97.5,92.5,92.5,92.5,90.32258065,7.011070111
C83027,Horncastle Medical Group,"10,321",94,0.910764461,64,89.33333333,81.33333333,85.33333333,76,77.41935484,17.7734375
C83085,James Street Family Practice,"13,418",140,1.043374571,65.48672566,84.07079646,73.45132743,80.53097345,75.22123894,77.77777778,17.37451737
C83057,Kirton Medical Centre,"8,284",56,0.676001931,64.44444444,82.22222222,80,86.66666667,73.33333333,74.35897436,21.3592233
C83007,Lakeside Healthcare Stamford,"27,085",203,0.749492339,81.25,89.375,86.875,82.5,79.375,79.5620438,15.49680948
C83009,Lindum Medical Practice,"8,738",131,1.499198901,58.97435897,82.90598291,78.63247863,88.88888889,74.35897436,73.78640777,19.00621118
C83004,Liquorpond Surgery,"11,650",79,0.678111588,50,81.25,71.875,68.75,65.625,65,34.00900901
C83065,Littlebury Medical Centre,"9,305",82,0.881246642,79.41176471,94.11764706,91.17647059,92.64705882,75,77.04918033,7.8891258
C83067,Long Bennington Medical Centre,"6,867",30,0.436871997,81.25,93.75,93.75,87.5,93.75,92.85714286,8.181818182
C83063,Long Sutton Medical Ctr.,"15,967",166,1.039644266,87.25490196,95.09803922,96.07843137,95.09803922,90.19607843,90.12345679,4.761904762
C83064,Marisco Medical Practice,"14,218",176,1.237867492,64.66666667,86.66666667,81.33333333,79.33333333,77.33333333,73.5042735,19.27236971
C83649,Market Cross Surgery,"5,270",41,0.777988615,88,76,68,76,72,68.18181818,21.51162791
C83043,Market Rasen Surgery,"10,575",82,0.775413712,90.47619048,92.06349206,92.06349206,98.41269841,92.06349206,92,3.271028037
C83042,Marsh Medical Practice,"6,870",76,1.106259098,88.70967742,95.16129032,88.70967742,90.32258065,87.09677419,82,8.530805687
C83032,Merton Lodge Surgery,"6,955",53,0.762041697,65.95744681,82.9787234,78.72340426,78.72340426,87.23404255,87.5,13.04347826
C83011,Millview Medical Centre,"12,238",119,0.972381108,69.66292135,93.25842697,94.38202247,95.50561798,88.76404494,89.87341772,9.298531811
C83072,Minster Medical Practice,"9,811",98,0.998878809,68.57142857,91.42857143,80,91.42857143,85.71428571,85.71428571,12.18487395
C83039,Moulton Medical Centre,"5,585",28,0.501342883,77.77777778,88.88888889,94.44444444,88.88888889,83.33333333,81.25,12.90322581
C83022,Munro Medical Centre,"22,807",176,0.771692901,86.56716418,92.53731343,91.04477612,91.04477612,90.29850746,91.66666667,2.922077922
C83002,Navenby Cliff Villages Surgery,"9,130",53,0.580503834,0,79.06976744,46.51162791,37.20930233,62.79069767,59.45945946,2.711864407
C83031,Nettleham Medical Practice,"12,391",87,0.702122508,24.13793103,94.82758621,87.93103448,91.37931034,93.10344828,92,16.33165829
C83061,North Thoresby Surgery,"9,024",62,0.687056738,43.39622642,90.56603774,84.90566038,86.79245283,79.24528302,80.85106383,15.06849315
C83010,Parkside Medical Centre,"19,481",131,0.67245008,68.08510638,85.10638298,78.72340426,77.65957447,80.85106383,81.01265823,17.88491446
C83025,Richmond Medical Centre,"18,436",159,0.862443046,69.16666667,87.5,86.66666667,89.16666667,84.16666667,87.12871287,12.78928136
C83013,Ruskington Surgery,"7,988",45,0.563345018,75.86206897,89.65517241,86.20689655,89.65517241,79.31034483,88,6.532663317
C83023,Sleaford Medical Group,"17,561",191,1.087637378,79.61783439,84.7133758,85.98726115,89.17197452,85.35031847,86.98630137,9.283088235
C83005,Spilsby Surgery,"7,529",77,1.02271218,41.79104478,79.10447761,67.1641791,76.11940299,71.64179104,71.66666667,6.060606061
C83048,St. Johns Medical Centre,"13,411",102,0.760569682,34.40860215,74.19354839,62.3655914,66.66666667,64.51612903,61.62790698,40.0621118
C83040,St. Peters Hill Surgery,"14,630",152,1.038961039,84.16666667,88.33333333,88.33333333,88.33333333,85,82.35294118,11.80048662
C83055,Stickney Surgery,"6,049",32,0.52901306,39.13043478,65.2173913,60.86956522,56.52173913,52.17391304,57.14285714,42.7672956
C83614,Sutterton Surgery,"3,638",26,0.714678395,62.5,87.5,87.5,87.5,75,66.66666667,12.96296296
C83015,Swineshead Surgery,"8,649",70,0.80934212,69.81132075,94.33962264,88.67924528,83.01886792,88.67924528,84.61538462,8.963585434
C83008,Swingbridge Surgery,"7,480",63,0.842245989,42.37288136,88.13559322,84.74576271,77.96610169,83.05084746,80.39215686,6.419753086
C83634,Tasburgh Lodge Surgery,"4,812",43,0.893599335,65.625,93.75,81.25,93.75,84.375,85.71428571,10.45454545
C83611,The Bassingham Surgery,"7,087",41,0.578524058,52.77777778,83.33333333,88.88888889,86.11111111,75,77.41935484,16.59919028
C83026,The Deepings Practice,"23,661",145,0.612822789,34.51327434,87.61061947,86.72566372,83.18584071,83.18584071,81.63265306,22.80927835
C83038,The Glebe Practice,"8,198",63,0.768480117,51.28205128,84.61538462,82.05128205,71.79487179,84.61538462,83.78378378,0.36900369
C83024,The Glenside Country Practice,"3,783",31,0.819455459,60,90,90,90,85,84.21052632,13.66906475
C83080,The Harrowby Lane Surgery,"5,784",45,0.778008299,54.76190476,83.33333333,80.95238095,88.0952381,80.95238095,83.33333333,2.083333333
C83046,The Heath Surgery,"6,101",54,0.885100803,39.58333333,70.83333333,70.83333333,56.25,60.41666667,53.65853659,40.42553191
C83052,The Ingham Surgery,"4,004",25,0.624375624,80,100,100,93.33333333,93.33333333,100,2.884615385
C83083,The New Coningsby Surgery,"7,750",60,0.774193548,46.15384615,78.84615385,84.61538462,78.84615385,76.92307692,74.41860465,9.014084507
Y01652,The New Springwells Practice,"6,159",47,0.763110895,87.09677419,93.5483871,93.5483871,87.09677419,87.09677419,83.33333333,10.95238095
C83060,The Sidings Medical Practice,"15,849",133,0.839169664,1.020408163,84.69387755,79.59183673,83.67346939,63.26530612,58.33333333,15.75757576
C82076,The Welby Practice,"6,930",42,0.606060606,33.33333333,88.88888889,83.33333333,88.88888889,86.11111111,88.57142857,18.7250996
C83041,The Woodland Medical Practice,"7,760",68,0.87628866,60.71428571,80.35714286,71.42857143,67.85714286,71.42857143,73.46938776,27.01298701
C83650,The Wragby Surgery,"4,062",34,0.837026096,73.91304348,91.30434783,91.30434783,95.65217391,95.65217391,81.81818182,9.375
C83641,Trent Valley Surgery,"4,022",68,1.690701144,59.67741935,88.70967742,69.35483871,79.03225806,67.74193548,70.58823529,28.13238771
C83075,Vine Street Surgery,"10,412",67,0.643488283,82.75862069,86.20689655,84.48275862,86.20689655,86.20689655,85.71428571,7.304785894
C83058,Washingborough Surgery,"8,943",44,0.49200492,77.41935484,90.32258065,77.41935484,80.64516129,83.87096774,84,13.74407583
C83037,Welton Family Health Centre,"9,857",62,0.628994623,85.41666667,83.33333333,81.25,83.33333333,85.41666667,86.95652174,14.67065868
C83074,Willingham-By-Stow Surgery,"4,816",48,0.996677741,92.30769231,89.74358974,84.61538462,89.74358974,82.05128205,80,10.98484848
C83635,Woodhall Spa New Surgery,"5,339",41,0.76793407,84.375,96.875,96.875,96.875,93.75,92.85714286,0.909090909
