LSOA_Code,LSOA_Name,Total_All_Households,One-person household_Count,One-person household_Pct,One-person household: Aged 66 years and over_Count,One-person household: Aged 66 years and over_Pct,One-person household: Other_Count,One-person household: Other_Pct,Single family household_Count,Single family household_Pct,Single family household: All aged 66 years and over_Count,Single family household: All aged 66 years and over_Pct,Single family household: Married or civil partnership couple_Count,Single family household: Married or civil partnership couple_Pct,Single family household: Married or civil partnership couple: No children_Count,Single family household: Married or civil partnership couple: No children_Pct,Single family household: Married or civil partnership couple: Dependent children_Count,Single family household: Married or civil partnership couple: Dependent children_Pct,Single family household: Married or civil partnership couple: All children non-dependent_Count,Single family household: Married or civil partnership couple: All children non-dependent_Pct,Single family household: Cohabiting couple family_Count,Single family household: Cohabiting couple family_Pct,Single family household: Cohabiting couple family: No children_Count,Single family household: Cohabiting couple family: No children_Pct,Single family household: Cohabiting couple family: With dependent children_Count,Single family household: Cohabiting couple family: With dependent children_Pct,Single family household: Cohabiting couple family: All children non-dependent_Count,Single family household: Cohabiting couple family: All children non-dependent_Pct,Single family household: Lone parent family_Count,Single family household: Lone parent family_Pct,Single family household: Lone parent family: With dependent children_Count,Single family household: Lone parent family: With dependent children_Pct,Single family household: Lone parent family: All children non-dependent_Count,Single family household: Lone parent family: All children non-dependent_Pct,Single family household: Other single family household_Count,Single family household: Other single family household_Pct,Single family household: Other single family household: Other family composition_Count,Single family household: Other single family household: Other family composition_Pct,Other household types_Count,Other household types_Pct,Other household types: With dependent children_Count,Other household types: With dependent children_Pct,"Other household types: Other, including all full-time students and all aged 66 years and over_Count","Other household types: Other, including all full-time students and all aged 66 years and over_Pct"
E01026007,Boston 001A,488,119,24.4,72,14.8,47,9.6,346,70.9,86,17.6,185,37.9,100,20.5,51,10.5,34,7.0,45,9.2,22,4.5,19,3.9,4,0.8,28,5.7,21,4.3,7,1.4,2,0.4,2,0.4,23,4.7,11,2.3,12,2.5
E01026008,Boston 001B,563,152,27.0,105,18.7,47,8.3,381,67.7,92,16.3,194,34.5,92,16.3,55,9.8,47,8.3,51,9.1,23,4.1,23,4.1,5,0.9,42,7.5,26,4.6,16,2.8,2,0.4,2,0.4,30,5.3,14,2.5,16,2.8
E01026009,Boston 001C,514,120,23.3,74,14.4,46,8.9,359,69.8,89,17.3,181,35.2,87,16.9,60,11.7,34,6.6,48,9.3,26,5.1,16,3.1,6,1.2,39,7.6,19,3.7,20,3.9,2,0.4,2,0.4,35,6.8,17,3.3,18,3.5
E01026010,Boston 002A,751,213,28.4,67,8.9,146,19.4,475,63.2,18,2.4,169,22.5,55,7.3,87,11.6,27,3.6,136,18.1,44,5.9,84,11.2,8,1.1,144,19.2,113,15.0,31,4.1,8,1.1,8,1.1,63,8.4,32,4.3,31,4.1
E01026012,Boston 004A,534,181,33.9,120,22.5,61,11.4,335,62.7,85,15.9,118,22.1,53,9.9,39,7.3,26,4.9,54,10.1,20,3.7,31,5.8,3,0.6,75,14.0,51,9.6,24,4.5,3,0.6,3,0.6,18,3.4,9,1.7,9,1.7
E01026013,Boston 008A,620,156,25.2,108,17.4,48,7.7,429,69.2,114,18.4,215,34.7,98,15.8,80,12.9,37,6.0,64,10.3,27,4.4,30,4.8,7,1.1,36,5.8,15,2.4,21,3.4,0,0.0,0,0.0,35,5.6,13,2.1,22,3.5
E01026014,Boston 008B,780,158,20.3,97,12.4,61,7.8,579,74.2,104,13.3,295,37.8,123,15.8,117,15.0,55,7.1,102,13.1,52,6.7,43,5.5,7,0.9,74,9.5,54,6.9,20,2.6,4,0.5,4,0.5,43,5.5,18,2.3,25,3.2
E01026015,Boston 004B,698,172,24.6,72,10.3,100,14.3,478,68.5,48,6.9,184,26.4,77,11.0,77,11.0,30,4.3,144,20.6,69,9.9,65,9.3,10,1.4,96,13.8,71,10.2,25,3.6,6,0.9,6,0.9,48,6.9,24,3.4,24,3.4
E01026016,Boston 006A,1030,252,24.5,155,15.0,97,9.4,727,70.6,156,15.1,339,32.9,161,15.6,113,11.0,65,6.3,138,13.4,69,6.7,56,5.4,13,1.3,89,8.6,50,4.9,39,3.8,5,0.5,5,0.5,51,5.0,20,1.9,31,3.0
E01026017,Boston 007A,699,177,25.3,113,16.2,64,9.2,482,69.0,91,13.0,235,33.6,113,16.2,75,10.7,47,6.7,82,11.7,52,7.4,27,3.9,3,0.4,71,10.2,34,4.9,37,5.3,3,0.4,3,0.4,40,5.7,17,2.4,23,3.3
E01026018,Boston 007B,734,183,24.9,111,15.1,72,9.8,512,69.8,134,18.3,273,37.2,148,20.2,83,11.3,42,5.7,54,7.4,36,4.9,13,1.8,5,0.7,46,6.3,21,2.9,25,3.4,5,0.7,5,0.7,39,5.3,16,2.2,23,3.1
E01026019,Boston 007C,1153,324,28.1,177,15.4,147,12.7,746,64.7,91,7.9,325,28.2,125,10.8,142,12.3,58,5.0,150,13.0,58,5.0,79,6.9,13,1.1,173,15.0,129,11.2,44,3.8,7,0.6,7,0.6,83,7.2,38,3.3,45,3.9
E01026020,Boston 007D,1184,282,23.8,125,10.6,157,13.3,845,71.4,148,12.5,361,30.5,136,11.5,149,12.6,76,6.4,212,17.9,112,9.5,89,7.5,11,0.9,118,10.0,90,7.6,28,2.4,6,0.5,6,0.5,57,4.8,24,2.0,33,2.8
E01026021,Boston 003B,797,265,33.2,128,16.1,137,17.2,479,60.1,87,10.9,225,28.2,71,8.9,110,13.8,44,5.5,88,11.0,47,5.9,35,4.4,6,0.8,74,9.3,48,6.0,26,3.3,5,0.6,5,0.6,53,6.6,24,3.0,29,3.6
E01026022,Boston 008C,918,223,24.3,161,17.5,62,6.8,627,68.3,161,17.5,320,34.9,114,12.4,157,17.1,49,5.3,86,9.4,48,5.2,32,3.5,6,0.7,56,6.1,29,3.2,27,2.9,4,0.4,4,0.4,68,7.4,36,3.9,32,3.5
E01026023,Boston 001D,603,151,25.0,102,16.9,49,8.1,411,68.2,118,19.6,189,31.3,98,16.3,57,9.5,34,5.6,64,10.6,42,7.0,16,2.7,6,1.0,38,6.3,24,4.0,14,2.3,2,0.3,2,0.3,41,6.8,16,2.7,25,4.1
E01026024,Boston 001E,925,229,24.8,139,15.0,90,9.7,633,68.4,119,12.9,326,35.2,146,15.8,114,12.3,66,7.1,101,10.9,51,5.5,45,4.9,5,0.5,85,9.2,54,5.8,31,3.4,2,0.2,2,0.2,63,6.8,28,3.0,35,3.8
E01026025,Boston 003C,1085,387,35.7,84,7.7,303,27.9,580,53.5,32,2.9,237,21.8,81,7.5,121,11.2,35,3.2,153,14.1,85,7.8,59,5.4,9,0.8,136,12.5,100,9.2,36,3.3,22,2.0,22,2.0,118,10.9,46,4.2,72,6.6
E01026026,Boston 004C,899,268,29.8,137,15.2,131,14.6,529,58.8,49,5.5,231,25.7,63,7.0,127,14.1,41,4.6,116,12.9,39,4.3,69,7.7,8,0.9,130,14.5,86,9.6,44,4.9,3,0.3,3,0.3,102,11.3,59,6.6,43,4.8
E01026027,Boston 004D,748,195,26.1,100,13.4,95,12.7,477,63.8,67,9.0,209,27.9,75,10.0,104,13.9,30,4.0,113,15.1,54,7.2,51,6.8,8,1.1,79,10.6,50,6.7,29,3.9,9,1.2,9,1.2,76,10.2,40,5.3,36,4.8
E01026028,Boston 004E,858,330,38.5,174,20.3,156,18.2,456,53.1,66,7.7,198,23.1,77,9.0,85,9.9,36,4.2,95,11.1,44,5.1,41,4.8,10,1.2,91,10.6,60,7.0,31,3.6,6,0.7,6,0.7,72,8.4,31,3.6,41,4.8
E01026030,Boston 002C,1119,391,34.9,216,19.3,175,15.6,621,55.5,68,6.1,203,18.1,67,6.0,107,9.6,29,2.6,148,13.2,53,4.7,81,7.2,14,1.3,178,15.9,140,12.5,38,3.4,24,2.1,24,2.1,107,9.6,52,4.6,55,4.9
E01026031,Boston 009B,700,186,26.6,116,16.6,70,10.0,465,66.4,130,18.6,203,29.0,89,12.7,71,10.1,43,6.1,70,10.0,31,4.4,34,4.9,5,0.7,62,8.9,41,5.9,21,3.0,0,0.0,0,0.0,49,7.0,19,2.7,30,4.3
E01026032,Boston 002D,771,209,27.1,93,12.1,116,15.0,418,54.2,35,4.5,161,20.9,68,8.8,59,7.7,34,4.4,90,11.7,41,5.3,42,5.4,7,0.9,109,14.1,73,9.5,36,4.7,23,3.0,23,3.0,144,18.7,69,8.9,75,9.7
E01026033,Boston 006B,1006,234,23.3,112,11.1,122,12.1,701,69.7,133,13.2,324,32.2,151,15.0,114,11.3,59,5.9,161,16.0,104,10.3,51,5.1,6,0.6,79,7.9,53,5.3,26,2.6,4,0.4,4,0.4,71,7.1,32,3.2,39,3.9
E01026034,Boston 006C,837,271,32.4,138,16.5,133,15.9,538,64.3,117,14.0,250,29.9,112,13.4,95,11.4,43,5.1,96,11.5,54,6.5,35,4.2,7,0.8,74,8.8,49,5.9,25,3.0,1,0.1,1,0.1,28,3.3,14,1.7,14,1.7
E01026035,Boston 009C,1071,264,24.6,154,14.4,110,10.3,748,69.8,158,14.8,367,34.3,142,13.3,155,14.5,70,6.5,147,13.7,76,7.1,60,5.6,11,1.0,74,6.9,39,3.6,35,3.3,2,0.2,2,0.2,59,5.5,28,2.6,31,2.9
E01026036,Boston 003D,651,205,31.5,67,10.3,138,21.2,342,52.5,31,4.8,128,19.7,53,8.1,55,8.4,20,3.1,94,14.4,50,7.7,43,6.6,1,0.2,74,11.4,52,8.0,22,3.4,15,2.3,15,2.3,104,16.0,44,6.8,60,9.2
E01026037,Boston 002E,689,234,34.0,97,14.1,137,19.9,397,57.6,34,4.9,138,20.0,49,7.1,69,10.0,20,2.9,87,12.6,42,6.1,36,5.2,9,1.3,129,18.7,97,14.1,32,4.6,9,1.3,9,1.3,58,8.4,29,4.2,29,4.2
E01026038,Boston 008D,654,185,28.3,93,14.2,92,14.1,436,66.7,80,12.2,190,29.1,92,14.1,71,10.9,27,4.1,103,15.7,59,9.0,35,5.4,9,1.4,60,9.2,37,5.7,23,3.5,3,0.5,3,0.5,33,5.0,18,2.8,15,2.3
E01026039,Boston 009D,510,125,24.5,92,18.0,33,6.5,358,70.2,78,15.3,176,34.5,87,17.1,46,9.0,43,8.4,57,11.2,16,3.1,37,7.3,4,0.8,44,8.6,28,5.5,16,3.1,3,0.6,3,0.6,27,5.3,12,2.4,15,2.9
E01026040,Boston 008E,678,146,21.5,57,8.4,89,13.1,480,70.8,59,8.7,229,33.8,85,12.5,103,15.2,41,6.0,119,17.6,59,8.7,54,8.0,6,0.9,72,10.6,54,8.0,18,2.7,1,0.1,1,0.1,52,7.7,21,3.1,31,4.6
E01026041,Boston 007E,613,229,37.4,121,19.7,108,17.6,361,58.9,51,8.3,160,26.1,66,10.8,74,12.1,20,3.3,68,11.1,20,3.3,43,7.0,5,0.8,78,12.7,64,10.4,14,2.3,4,0.7,4,0.7,23,3.8,16,2.6,7,1.1
E01026042,East Lindsey 008A,770,253,32.9,120,15.6,133,17.3,484,62.9,81,10.5,181,23.5,81,10.5,76,9.9,24,3.1,108,14.0,45,5.8,56,7.3,7,0.9,108,14.0,76,9.9,32,4.2,6,0.8,6,0.8,33,4.3,11,1.4,22,2.9
E01026043,East Lindsey 008B,812,261,32.1,131,16.1,130,16.0,523,64.4,108,13.3,229,28.2,112,13.8,77,9.5,40,4.9,98,12.1,42,5.2,51,6.3,5,0.6,86,10.6,53,6.5,33,4.1,2,0.2,2,0.2,28,3.4,15,1.8,13,1.6
E01026044,East Lindsey 008C,612,156,25.5,104,17.0,52,8.5,422,69.0,129,21.1,210,34.3,108,17.6,52,8.5,50,8.2,46,7.5,28,4.6,17,2.8,1,0.2,35,5.7,12,2.0,23,3.8,2,0.3,2,0.3,34,5.6,14,2.3,20,3.3
E01026045,East Lindsey 001A,881,243,27.6,149,16.9,94,10.7,600,68.1,187,21.2,272,30.9,150,17.0,74,8.4,48,5.4,81,9.2,46,5.2,28,3.2,7,0.8,57,6.5,35,4.0,22,2.5,3,0.3,3,0.3,38,4.3,12,1.4,26,3.0
E01026046,East Lindsey 013A,595,164,27.6,92,15.5,72,12.1,407,68.4,83,13.9,184,30.9,93,15.6,63,10.6,28,4.7,84,14.1,41,6.9,37,6.2,6,1.0,54,9.1,37,6.2,17,2.9,2,0.3,2,0.3,24,4.0,13,2.2,11,1.8
E01026047,East Lindsey 013B,627,177,28.2,123,19.6,54,8.6,430,68.6,163,26.0,170,27.1,86,13.7,51,8.1,33,5.3,49,7.8,32,5.1,15,2.4,2,0.3,43,6.9,24,3.8,19,3.0,5,0.8,5,0.8,20,3.2,8,1.3,12,1.9
E01026048,East Lindsey 010A,784,269,34.3,161,20.5,108,13.8,482,61.5,142,18.1,193,24.6,121,15.4,39,5.0,33,4.2,78,9.9,43,5.5,33,4.2,2,0.3,63,8.0,34,4.3,29,3.7,6,0.8,6,0.8,33,4.2,12,1.5,21,2.7
E01026049,East Lindsey 010B,749,237,31.6,155,20.7,82,10.9,476,63.6,131,17.5,220,29.4,134,17.9,43,5.7,43,5.7,82,10.9,45,6.0,32,4.3,5,0.7,39,5.2,18,2.4,21,2.8,4,0.5,4,0.5,36,4.8,13,1.7,23,3.1
E01026050,East Lindsey 010C,818,259,31.7,192,23.5,67,8.2,518,63.3,211,25.8,195,23.8,124,15.2,32,3.9,39,4.8,63,7.7,43,5.3,14,1.7,6,0.7,43,5.3,16,2.0,27,3.3,6,0.7,6,0.7,41,5.0,14,1.7,27,3.3
E01026051,East Lindsey 016A,611,165,27.0,77,12.6,88,14.4,421,68.9,85,13.9,209,34.2,95,15.5,79,12.9,35,5.7,76,12.4,38,6.2,34,5.6,4,0.7,49,8.0,32,5.2,17,2.8,2,0.3,2,0.3,25,4.1,10,1.6,15,2.5
E01026052,East Lindsey 016B,844,219,25.9,98,11.6,121,14.3,601,71.2,127,15.0,312,37.0,125,14.8,150,17.8,37,4.4,100,11.8,53,6.3,46,5.5,1,0.1,59,7.0,43,5.1,16,1.9,3,0.4,3,0.4,24,2.8,10,1.2,14,1.7
E01026053,East Lindsey 016C,777,153,19.7,66,8.5,87,11.2,585,75.3,82,10.6,337,43.4,126,16.2,176,22.7,35,4.5,99,12.7,44,5.7,48,6.2,7,0.9,65,8.4,44,5.7,21,2.7,2,0.3,2,0.3,39,5.0,16,2.1,23,3.0
E01026054,East Lindsey 016D,713,249,34.9,104,14.6,145,20.3,434,60.9,81,11.4,187,26.2,71,10.0,83,11.6,33,4.6,64,9.0,37,5.2,25,3.5,2,0.3,97,13.6,61,8.6,36,5.0,5,0.7,5,0.7,30,4.2,16,2.2,14,2.0
E01026055,East Lindsey 013C,493,114,23.1,74,15.0,40,8.1,349,70.8,83,16.8,199,40.4,109,22.1,53,10.8,37,7.5,47,9.5,27,5.5,14,2.8,6,1.2,20,4.1,7,1.4,13,2.6,0,0.0,0,0.0,30,6.1,15,3.0,15,3.0
E01026056,East Lindsey 017A,518,103,19.9,63,12.2,40,7.7,373,72.0,90,17.4,187,36.1,83,16.0,59,11.4,45,8.7,73,14.1,39,7.5,28,5.4,6,1.2,22,4.2,8,1.5,14,2.7,1,0.2,1,0.2,42,8.1,23,4.4,19,3.7
E01026057,East Lindsey 018A,868,241,27.8,129,14.9,112,12.9,582,67.1,126,14.5,303,34.9,157,18.1,91,10.5,55,6.3,95,10.9,59,6.8,29,3.3,7,0.8,55,6.3,26,3.0,29,3.3,3,0.3,3,0.3,45,5.2,27,3.1,18,2.1
E01026058,East Lindsey 002A,1017,246,24.2,145,14.3,101,9.9,729,71.7,165,16.2,369,36.3,184,18.1,132,13.0,53,5.2,123,12.1,64,6.3,52,5.1,7,0.7,71,7.0,41,4.0,30,2.9,1,0.1,1,0.1,42,4.1,15,1.5,27,2.7
E01026059,East Lindsey 013D,493,115,23.3,73,14.8,42,8.5,345,70.0,85,17.2,187,37.9,100,20.3,54,11.0,33,6.7,46,9.3,24,4.9,20,4.1,2,0.4,24,4.9,11,2.2,13,2.6,3,0.6,3,0.6,33,6.7,14,2.8,19,3.9
E01026060,East Lindsey 009A,574,136,23.7,85,14.8,51,8.9,414,72.1,111,19.3,218,38.0,125,21.8,60,10.5,33,5.7,54,9.4,36,6.3,17,3.0,1,0.2,27,4.7,12,2.1,15,2.6,4,0.7,4,0.7,24,4.2,12,2.1,12,2.1
E01026061,East Lindsey 001B,501,112,22.4,69,13.8,43,8.6,369,73.7,93,18.6,182,36.3,97,19.4,53,10.6,32,6.4,54,10.8,28,5.6,24,4.8,2,0.4,38,7.6,24,4.8,14,2.8,2,0.4,2,0.4,20,4.0,10,2.0,10,2.0
E01026062,East Lindsey 001C,520,167,32.1,83,16.0,84,16.2,329,63.3,63,12.1,168,32.3,70,13.5,60,11.5,38,7.3,49,9.4,23,4.4,21,4.0,5,1.0,47,9.0,34,6.5,13,2.5,2,0.4,2,0.4,24,4.6,13,2.5,11,2.1
E01026063,East Lindsey 001D,693,172,24.8,107,15.4,65,9.4,501,72.3,132,19.0,238,34.3,110,15.9,89,12.8,39,5.6,82,11.8,52,7.5,29,4.2,1,0.1,47,6.8,32,4.6,15,2.2,2,0.3,2,0.3,20,2.9,8,1.2,12,1.7
E01026064,East Lindsey 011A,711,211,29.7,88,12.4,123,17.3,487,68.5,53,7.5,209,29.4,80,11.3,91,12.8,38,5.3,100,14.1,43,6.0,53,7.5,4,0.6,121,17.0,83,11.7,38,5.3,4,0.6,4,0.6,13,1.8,4,0.6,9,1.3
E01026065,East Lindsey 011B,893,289,32.4,186,20.8,103,11.5,571,63.9,163,18.3,254,28.4,123,13.8,95,10.6,36,4.0,88,9.9,49,5.5,35,3.9,4,0.4,62,6.9,40,4.5,22,2.5,4,0.4,4,0.4,33,3.7,9,1.0,24,2.7
E01026066,East Lindsey 011C,966,265,27.4,160,16.6,105,10.9,670,69.4,177,18.3,317,32.8,161,16.7,117,12.1,39,4.0,114,11.8,71,7.3,38,3.9,5,0.5,60,6.2,41,4.2,19,2.0,2,0.2,2,0.2,31,3.2,11,1.1,20,2.1
E01026067,East Lindsey 011D,974,438,45.0,182,18.7,256,26.3,505,51.8,78,8.0,202,20.7,100,10.3,73,7.5,29,3.0,119,12.2,66,6.8,46,4.7,7,0.7,102,10.5,63,6.5,39,4.0,4,0.4,4,0.4,31,3.2,13,1.3,18,1.8
E01026068,East Lindsey 009B,948,227,23.9,131,13.8,96,10.1,669,70.6,167,17.6,309,32.6,169,17.8,89,9.4,51,5.4,125,13.2,81,8.5,36,3.8,8,0.8,68,7.2,40,4.2,28,3.0,0,0.0,0,0.0,52,5.5,21,2.2,31,3.3
E01026069,East Lindsey 010D,1061,347,32.7,197,18.6,150,14.1,668,63.0,184,17.3,267,25.2,170,16.0,46,4.3,51,4.8,110,10.4,59,5.6,46,4.3,5,0.5,103,9.7,68,6.4,35,3.3,4,0.4,4,0.4,46,4.3,11,1.0,35,3.3
E01026070,East Lindsey 009C,949,221,23.3,125,13.2,96,10.1,678,71.4,154,16.2,350,36.9,167,17.6,125,13.2,58,6.1,106,11.2,69,7.3,33,3.5,4,0.4,66,7.0,42,4.4,24,2.5,2,0.2,2,0.2,50,5.3,14,1.5,36,3.8
E01026071,East Lindsey 007A,953,231,24.2,132,13.9,99,10.4,679,71.2,176,18.5,354,37.1,191,20.0,88,9.2,75,7.9,87,9.1,53,5.6,33,3.5,1,0.1,57,6.0,29,3.0,28,2.9,5,0.5,5,0.5,43,4.5,14,1.5,29,3.0
E01026072,East Lindsey 005A,1013,325,32.1,188,18.6,137,13.5,623,61.5,163,16.1,214,21.1,110,10.9,61,6.0,43,4.2,116,11.5,39,3.8,72,7.1,5,0.5,124,12.2,78,7.7,46,4.5,6,0.6,6,0.6,65,6.4,25,2.5,40,3.9
E01026073,East Lindsey 005B,960,390,40.6,214,22.3,176,18.3,506,52.7,138,14.4,201,20.9,124,12.9,45,4.7,32,3.3,82,8.5,50,5.2,29,3.0,3,0.3,77,8.0,43,4.5,34,3.5,8,0.8,8,0.8,64,6.7,29,3.0,35,3.6
E01026074,East Lindsey 005C,1057,336,31.8,210,19.9,126,11.9,678,64.1,197,18.6,268,25.4,166,15.7,52,4.9,50,4.7,104,9.8,60,5.7,37,3.5,7,0.7,100,9.5,46,4.4,54,5.1,9,0.9,9,0.9,43,4.1,16,1.5,27,2.6
E01026075,East Lindsey 018B,953,229,24.0,131,13.7,98,10.3,678,71.1,181,19.0,337,35.4,172,18.0,114,12.0,51,5.4,101,10.6,63,6.6,29,3.0,9,0.9,55,5.8,33,3.5,22,2.3,4,0.4,4,0.4,46,4.8,17,1.8,29,3.0
E01026076,East Lindsey 002B,973,220,22.6,130,13.4,90,9.2,697,71.6,184,18.9,367,37.7,198,20.3,103,10.6,66,6.8,87,8.9,47,4.8,36,3.7,4,0.4,58,6.0,30,3.1,28,2.9,1,0.1,1,0.1,56,5.8,24,2.5,32,3.3
E01026077,East Lindsey 003A,651,160,24.6,88,13.5,72,11.1,461,70.8,80,12.3,191,29.3,86,13.2,74,11.4,31,4.8,80,12.3,34,5.2,41,6.3,5,0.8,110,16.9,78,12.0,32,4.9,0,0.0,0,0.0,30,4.6,11,1.7,19,2.9
E01026078,East Lindsey 003B,475,171,36.0,81,17.1,90,18.9,291,61.3,45,9.5,136,28.6,55,11.6,56,11.8,25,5.3,52,10.9,24,5.1,25,5.3,3,0.6,56,11.8,40,8.4,16,3.4,2,0.4,2,0.4,13,2.7,5,1.1,8,1.7
E01026079,East Lindsey 002C,866,229,26.4,152,17.6,77,8.9,573,66.2,155,17.9,258,29.8,132,15.2,68,7.9,58,6.7,102,11.8,53,6.1,42,4.8,7,0.8,56,6.5,31,3.6,25,2.9,2,0.2,2,0.2,64,7.4,23,2.7,41,4.7
E01026080,East Lindsey 001E,903,231,25.6,151,16.7,80,8.9,639,70.8,186,20.6,312,34.6,168,18.6,87,9.6,57,6.3,83,9.2,49,5.4,29,3.2,5,0.6,56,6.2,40,4.4,16,1.8,2,0.2,2,0.2,33,3.7,16,1.8,17,1.9
E01026081,East Lindsey 004A,1192,521,43.7,228,19.1,293,24.6,647,54.3,107,9.0,253,21.2,121,10.2,97,8.1,35,2.9,149,12.5,81,6.8,59,4.9,9,0.8,133,11.2,87,7.3,46,3.9,5,0.4,5,0.4,24,2.0,9,0.8,15,1.3
E01026082,East Lindsey 007B,1034,249,24.1,161,15.6,88,8.5,735,71.1,219,21.2,368,35.6,184,17.8,107,10.3,77,7.4,95,9.2,57,5.5,28,2.7,10,1.0,51,4.9,22,2.1,29,2.8,2,0.2,2,0.2,50,4.8,18,1.7,32,3.1
E01026083,East Lindsey 015A,789,280,35.5,144,18.3,136,17.2,467,59.2,70,8.9,170,21.5,69,8.7,68,8.6,33,4.2,86,10.9,31,3.9,49,6.2,6,0.8,139,17.6,89,11.3,50,6.3,2,0.3,2,0.3,42,5.3,20,2.5,22,2.8
E01026084,East Lindsey 012A,711,225,31.6,110,15.5,115,16.2,438,61.6,76,10.7,166,23.3,63,8.9,62,8.7,41,5.8,106,14.9,56,7.9,46,6.5,4,0.6,82,11.5,51,7.2,31,4.4,8,1.1,8,1.1,48,6.8,19,2.7,29,4.1
E01026087,East Lindsey 003C,629,188,29.9,78,12.4,110,17.5,427,67.9,42,6.7,163,25.9,59,9.4,81,12.9,23,3.7,123,19.6,49,7.8,64,10.2,10,1.6,99,15.7,80,12.7,19,3.0,0,0.0,0,0.0,14,2.2,5,0.8,9,1.4
E01026088,East Lindsey 003D,626,187,29.9,104,16.6,83,13.3,417,66.6,106,16.9,189,30.2,93,14.9,73,11.7,23,3.7,75,12.0,42,6.7,27,4.3,6,1.0,46,7.3,26,4.2,20,3.2,1,0.2,1,0.2,22,3.5,6,1.0,16,2.6
E01026089,East Lindsey 004C,995,364,36.6,212,21.3,152,15.3,602,60.5,156,15.7,272,27.3,128,12.9,90,9.0,54,5.4,90,9.0,57,5.7,27,2.7,6,0.6,80,8.0,46,4.6,34,3.4,4,0.4,4,0.4,29,2.9,9,0.9,20,2.0
E01026090,East Lindsey 003E,622,212,34.1,135,21.7,77,12.4,392,63.0,98,15.8,170,27.3,78,12.5,52,8.4,40,6.4,59,9.5,27,4.3,30,4.8,2,0.3,61,9.8,36,5.8,25,4.0,4,0.6,4,0.6,18,2.9,10,1.6,8,1.3
E01026091,East Lindsey 003F,500,134,26.8,71,14.2,63,12.6,347,69.4,62,12.4,172,34.4,69,13.8,82,16.4,21,4.2,69,13.8,35,7.0,32,6.4,2,0.4,44,8.8,32,6.4,12,2.4,0,0.0,0,0.0,19,3.8,6,1.2,13,2.6
E01026092,East Lindsey 014A,645,239,37.1,86,13.3,153,23.7,363,56.3,38,5.9,156,24.2,63,9.8,67,10.4,26,4.0,97,15.0,44,6.8,49,7.6,4,0.6,66,10.2,48,7.4,18,2.8,6,0.9,6,0.9,43,6.7,18,2.8,25,3.9
E01026093,East Lindsey 014B,919,467,50.8,142,15.5,325,35.4,380,41.3,42,4.6,138,15.0,71,7.7,43,4.7,24,2.6,122,13.3,69,7.5,47,5.1,6,0.7,66,7.2,43,4.7,23,2.5,12,1.3,12,1.3,72,7.8,27,2.9,45,4.9
E01026094,East Lindsey 015B,1069,393,36.8,222,20.8,171,16.0,645,60.3,119,11.1,218,20.4,111,10.4,68,6.4,39,3.6,141,13.2,50,4.7,85,8.0,6,0.6,166,15.5,134,12.5,32,3.0,1,0.1,1,0.1,31,2.9,11,1.0,20,1.9
E01026095,East Lindsey 014C,596,258,43.3,99,16.6,159,26.7,304,51.0,54,9.1,136,22.8,61,10.2,45,7.6,30,5.0,70,11.7,40,6.7,25,4.2,5,0.8,44,7.4,31,5.2,13,2.2,0,0.0,0,0.0,34,5.7,20,3.4,14,2.3
E01026096,East Lindsey 015C,618,124,20.1,70,11.3,54,8.7,461,74.6,95,15.4,241,39.0,108,17.5,96,15.5,37,6.0,68,11.0,37,6.0,26,4.2,5,0.8,54,8.7,37,6.0,17,2.8,3,0.5,3,0.5,33,5.3,13,2.1,20,3.2
E01026097,East Lindsey 015D,751,297,39.5,198,26.4,99,13.2,417,55.5,110,14.6,152,20.2,67,8.9,53,7.1,32,4.3,80,10.7,51,6.8,26,3.5,3,0.4,72,9.6,36,4.8,36,4.8,3,0.4,3,0.4,37,4.9,13,1.7,24,3.2
E01026098,East Lindsey 018C,903,240,26.6,153,16.9,87,9.6,627,69.4,148,16.4,319,35.3,143,15.8,118,13.1,58,6.4,89,9.9,53,5.9,33,3.7,3,0.3,68,7.5,36,4.0,32,3.5,3,0.3,3,0.3,36,4.0,20,2.2,16,1.8
E01026099,East Lindsey 005D,900,229,25.4,143,15.9,86,9.6,615,68.3,170,18.9,294,32.7,160,17.8,76,8.4,58,6.4,94,10.4,59,6.6,30,3.3,5,0.6,55,6.1,27,3.0,28,3.1,2,0.2,2,0.2,56,6.2,23,2.6,33,3.7
E01026100,East Lindsey 013E,845,268,31.7,114,13.5,154,18.2,558,66.0,103,12.2,204,24.1,95,11.2,79,9.3,30,3.6,150,17.8,72,8.5,71,8.4,7,0.8,99,11.7,70,8.3,29,3.4,2,0.2,2,0.2,19,2.2,7,0.8,12,1.4
E01026101,East Lindsey 013F,615,248,40.3,145,23.6,103,16.7,340,55.3,63,10.2,139,22.6,47,7.6,67,10.9,25,4.1,70,11.4,25,4.1,41,6.7,4,0.7,65,10.6,44,7.2,21,3.4,3,0.5,3,0.5,27,4.4,11,1.8,16,2.6
E01026102,East Lindsey 018D,992,247,24.9,134,13.5,113,11.4,672,67.7,165,16.6,316,31.9,165,16.6,91,9.2,60,6.0,115,11.6,69,7.0,36,3.6,10,1.0,71,7.2,40,4.0,31,3.1,5,0.5,5,0.5,73,7.4,27,2.7,46,4.6
E01026103,East Lindsey 006A,1002,367,36.6,261,26.0,106,10.6,590,58.9,231,23.1,237,23.7,159,15.9,39,3.9,39,3.9,60,6.0,38,3.8,19,1.9,3,0.3,58,5.8,27,2.7,31,3.1,4,0.4,4,0.4,45,4.5,17,1.7,28,2.8
E01026104,East Lindsey 006B,1077,286,26.6,226,21.0,60,5.6,753,69.9,321,29.8,290,26.9,200,18.6,36,3.3,54,5.0,74,6.9,35,3.2,33,3.1,6,0.6,66,6.1,37,3.4,29,2.7,2,0.2,2,0.2,38,3.5,9,0.8,29,2.7
E01026105,East Lindsey 009D,996,244,24.5,155,15.6,89,8.9,713,71.6,189,19.0,367,36.8,212,21.3,113,11.3,42,4.2,92,9.2,62,6.2,28,2.8,2,0.2,61,6.1,32,3.2,29,2.9,4,0.4,4,0.4,39,3.9,15,1.5,24,2.4
E01026106,East Lindsey 001F,528,126,23.9,75,14.2,51,9.7,384,72.7,94,17.8,190,36.0,93,17.6,55,10.4,42,8.0,56,10.6,33,6.2,19,3.6,4,0.8,43,8.1,20,3.8,23,4.4,1,0.2,1,0.2,18,3.4,7,1.3,11,2.1
E01026107,East Lindsey 001G,503,103,20.5,43,8.5,60,11.9,377,75.0,68,13.5,198,39.4,93,18.5,70,13.9,35,7.0,65,12.9,33,6.6,29,5.8,3,0.6,43,8.5,26,5.2,17,3.4,3,0.6,3,0.6,23,4.6,11,2.2,12,2.4
E01026108,East Lindsey 003G,1093,369,33.8,150,13.7,219,20.0,685,62.7,85,7.8,297,27.2,118,10.8,138,12.6,41,3.8,140,12.8,69,6.3,57,5.2,14,1.3,151,13.8,91,8.3,60,5.5,12,1.1,12,1.1,39,3.6,17,1.6,22,2.0
E01026109,East Lindsey 006C,1116,405,36.3,251,22.5,154,13.8,665,59.6,260,23.3,263,23.6,199,17.8,33,3.0,31,2.8,83,7.4,62,5.6,17,1.5,4,0.4,57,5.1,21,1.9,36,3.2,2,0.2,2,0.2,46,4.1,13,1.2,33,3.0
E01026110,East Lindsey 017B,689,200,29.0,127,18.4,73,10.6,454,65.9,126,18.3,208,30.2,113,16.4,49,7.1,46,6.7,77,11.2,39,5.7,32,4.6,6,0.9,42,6.1,30,4.4,12,1.7,1,0.1,1,0.1,35,5.1,16,2.3,19,2.8
E01026111,East Lindsey 017C,672,173,25.7,105,15.6,68,10.1,455,67.7,117,17.4,216,32.1,102,15.2,61,9.1,53,7.9,61,9.1,28,4.2,28,4.2,5,0.7,56,8.3,33,4.9,23,3.4,5,0.7,5,0.7,44,6.5,19,2.8,25,3.7
E01026112,East Lindsey 017D,499,153,30.7,74,14.8,79,15.8,314,62.9,32,6.4,137,27.5,57,11.4,52,10.4,28,5.6,70,14.0,33,6.6,33,6.6,4,0.8,73,14.6,55,11.0,18,3.6,2,0.4,2,0.4,32,6.4,17,3.4,15,3.0
E01026113,East Lindsey 008D,921,260,28.2,160,17.4,100,10.9,612,66.4,186,20.2,290,31.5,165,17.9,78,8.5,47,5.1,79,8.6,46,5.0,21,2.3,12,1.3,54,5.9,24,2.6,30,3.3,3,0.3,3,0.3,49,5.3,21,2.3,28,3.0
E01026114,East Lindsey 014D,782,317,40.5,126,16.1,191,24.4,410,52.4,68,8.7,147,18.8,77,9.8,47,6.0,23,2.9,110,14.1,57,7.3,48,6.1,5,0.6,81,10.4,46,5.9,35,4.5,4,0.5,4,0.5,55,7.0,23,2.9,32,4.1
E01026115,East Lindsey 012C,821,287,35.0,186,22.7,101,12.3,494,60.2,119,14.5,202,24.6,111,13.5,56,6.8,35,4.3,91,11.1,53,6.5,32,3.9,6,0.7,77,9.4,42,5.1,35,4.3,5,0.6,5,0.6,40,4.9,17,2.1,23,2.8
E01026116,East Lindsey 012D,728,197,27.1,89,12.2,108,14.8,486,66.8,92,12.6,221,30.4,105,14.4,67,9.2,49,6.7,96,13.2,43,5.9,45,6.2,8,1.1,75,10.3,48,6.6,27,3.7,2,0.3,2,0.3,45,6.2,20,2.7,25,3.4
E01026117,East Lindsey 008E,870,230,26.4,142,16.3,88,10.1,587,67.5,172,19.8,282,32.4,163,18.7,75,8.6,44,5.1,83,9.5,45,5.2,25,2.9,13,1.5,45,5.2,16,1.8,29,3.3,5,0.6,5,0.6,53,6.1,20,2.3,33,3.8
E01026118,East Lindsey 016E,853,227,26.6,175,20.5,52,6.1,601,70.5,227,26.6,268,31.4,136,15.9,90,10.6,42,4.9,63,7.4,32,3.8,26,3.0,5,0.6,43,5.0,19,2.2,24,2.8,0,0.0,0,0.0,25,2.9,4,0.5,21,2.5
E01026119,East Lindsey 016F,511,139,27.2,110,21.5,29,5.7,356,69.7,143,28.0,174,34.1,89,17.4,62,12.1,23,4.5,29,5.7,20,3.9,8,1.6,1,0.2,8,1.6,1,0.2,7,1.4,2,0.4,2,0.4,16,3.1,7,1.4,9,1.8
E01026120,East Lindsey 016G,736,299,40.6,176,23.9,123,16.7,410,55.7,104,14.1,183,24.9,78,10.6,71,9.6,34,4.6,56,7.6,41,5.6,13,1.8,2,0.3,65,8.8,45,6.1,20,2.7,2,0.3,2,0.3,27,3.7,10,1.4,17,2.3
E01026121,East Lindsey 007C,1157,340,29.4,177,15.3,163,14.1,774,66.9,177,15.3,350,30.3,162,14.0,128,11.1,60,5.2,151,13.1,91,7.9,53,4.6,7,0.6,83,7.2,51,4.4,32,2.8,13,1.1,13,1.1,43,3.7,21,1.8,22,1.9
E01026122,Lincoln 004A,804,324,40.3,56,7.0,268,33.3,350,43.5,22,2.7,141,17.5,61,7.6,61,7.6,19,2.4,119,14.8,93,11.6,21,2.6,5,0.6,54,6.7,36,4.5,18,2.2,14,1.7,14,1.7,130,16.2,17,2.1,113,14.1
E01026123,Lincoln 004B,1056,346,32.8,74,7.0,272,25.8,624,59.1,35,3.3,272,25.8,80,7.6,163,15.4,29,2.7,143,13.5,71,6.7,66,6.2,6,0.6,164,15.5,126,11.9,38,3.6,10,0.9,10,0.9,86,8.1,35,3.3,51,4.8
E01026124,Lincoln 004C,749,237,31.6,45,6.0,192,25.6,386,51.5,13,1.7,136,18.2,53,7.1,68,9.1,15,2.0,136,18.2,87,11.6,43,5.7,6,0.8,84,11.2,62,8.3,22,2.9,17,2.3,17,2.3,126,16.8,25,3.3,101,13.5
E01026125,Lincoln 003A,519,166,32.0,45,8.7,121,23.3,313,60.3,34,6.6,124,23.9,46,8.9,55,10.6,23,4.4,88,17.0,68,13.1,16,3.1,4,0.8,57,11.0,38,7.3,19,3.7,10,1.9,10,1.9,40,7.7,14,2.7,26,5.0
E01026126,Lincoln 004D,917,429,46.8,91,9.9,338,36.9,362,39.5,23,2.5,107,11.7,46,5.0,44,4.8,17,1.9,116,12.6,79,8.6,33,3.6,4,0.4,101,11.0,69,7.5,32,3.5,15,1.6,15,1.6,126,13.7,21,2.3,105,11.5
E01026127,Lincoln 007A,632,215,34.0,87,13.8,128,20.3,386,61.1,23,3.6,117,18.5,43,6.8,49,7.8,25,4.0,102,16.1,50,7.9,44,7.0,8,1.3,140,22.2,109,17.2,31,4.9,4,0.6,4,0.6,31,4.9,19,3.0,12,1.9
E01026129,Lincoln 007C,723,219,30.3,44,6.1,175,24.2,461,63.8,16,2.2,141,19.5,47,6.5,69,9.5,25,3.5,120,16.6,47,6.5,58,8.0,15,2.1,182,25.2,142,19.6,40,5.5,2,0.3,2,0.3,43,5.9,12,1.7,31,4.3
E01026130,Lincoln 009A,625,168,26.9,108,17.3,60,9.6,436,69.8,113,18.1,202,32.3,98,15.7,71,11.4,33,5.3,70,11.2,34,5.4,34,5.4,2,0.3,48,7.7,22,3.5,26,4.2,3,0.5,3,0.5,21,3.4,9,1.4,12,1.9
E01026131,Lincoln 007D,604,180,29.8,86,14.2,94,15.6,391,64.7,68,11.3,170,28.1,65,10.8,56,9.3,49,8.1,85,14.1,35,5.8,45,7.5,5,0.8,65,10.8,45,7.5,20,3.3,3,0.5,3,0.5,33,5.5,11,1.8,22,3.6
E01026132,Lincoln 005A,779,377,48.4,73,9.4,304,39.0,271,34.8,15,1.9,83,10.7,44,5.6,32,4.1,7,0.9,114,14.6,101,13.0,13,1.7,0,0.0,45,5.8,27,3.5,18,2.3,14,1.8,14,1.8,131,16.8,10,1.3,121,15.5
E01026134,Lincoln 006A,941,394,41.9,101,10.7,293,31.1,413,43.9,11,1.2,144,15.3,65,6.9,61,6.5,18,1.9,167,17.7,117,12.4,45,4.8,5,0.5,71,7.5,42,4.5,29,3.1,20,2.1,20,2.1,134,14.2,23,2.4,111,11.8
E01026135,Lincoln 008B,758,189,24.9,105,13.9,84,11.1,538,71.0,107,14.1,273,36.0,109,14.4,107,14.1,57,7.5,92,12.1,56,7.4,30,4.0,6,0.8,66,8.7,34,4.5,32,4.2,0,0.0,0,0.0,31,4.1,10,1.3,21,2.8
E01026136,Lincoln 008C,786,217,27.6,104,13.2,113,14.4,535,68.1,85,10.8,237,30.2,95,12.1,94,12.0,48,6.1,130,16.5,80,10.2,39,5.0,11,1.4,79,10.1,49,6.2,30,3.8,4,0.5,4,0.5,34,4.3,17,2.2,17,2.2
E01026137,Lincoln 011A,479,122,25.5,57,11.9,65,13.6,331,69.1,45,9.4,182,38.0,65,13.6,69,14.4,48,10.0,57,11.9,24,5.0,29,6.1,4,0.8,46,9.6,26,5.4,20,4.2,1,0.2,1,0.2,26,5.4,11,2.3,15,3.1
E01026138,Lincoln 011B,624,157,25.2,94,15.1,63,10.1,445,71.3,92,14.7,215,34.5,95,15.2,75,12.0,45,7.2,85,13.6,33,5.3,47,7.5,5,0.8,53,8.5,32,5.1,21,3.4,0,0.0,0,0.0,22,3.5,13,2.1,9,1.4
E01026139,Lincoln 011C,568,120,21.1,73,12.9,47,8.3,425,74.8,77,13.6,208,36.6,84,14.8,97,17.1,27,4.8,83,14.6,42,7.4,35,6.2,6,1.1,56,9.9,37,6.5,19,3.3,1,0.2,1,0.2,23,4.0,7,1.2,16,2.8
E01026140,Lincoln 011D,626,232,37.1,86,13.7,146,23.3,368,58.8,34,5.4,152,24.3,65,10.4,57,9.1,30,4.8,94,15.0,54,8.6,36,5.8,4,0.6,87,13.9,60,9.6,27,4.3,1,0.2,1,0.2,26,4.2,9,1.4,17,2.7
E01026141,Lincoln 011E,594,103,17.3,51,8.6,52,8.8,464,78.1,61,10.3,261,43.9,80,13.5,126,21.2,55,9.3,81,13.6,28,4.7,48,8.1,5,0.8,61,10.3,32,5.4,29,4.9,0,0.0,0,0.0,27,4.5,10,1.7,17,2.9
E01026142,Lincoln 011F,506,138,27.3,61,12.1,77,15.2,339,67.0,48,9.5,149,29.4,58,11.5,61,12.1,30,5.9,65,12.8,36,7.1,22,4.3,7,1.4,75,14.8,55,10.9,20,4.0,2,0.4,2,0.4,29,5.7,10,2.0,19,3.8
E01026144,Lincoln 003B,885,265,29.9,74,8.4,191,21.6,396,44.7,20,2.3,194,21.9,60,6.8,106,12.0,28,3.2,96,10.8,70,7.9,22,2.5,4,0.5,79,8.9,55,6.2,24,2.7,7,0.8,7,0.8,224,25.3,12,1.4,212,24.0
E01026145,Lincoln 005C,656,213,32.5,57,8.7,156,23.8,300,45.7,33,5.0,139,21.2,67,10.2,54,8.2,18,2.7,88,13.4,67,10.2,18,2.7,3,0.5,37,5.6,22,3.4,15,2.3,3,0.5,3,0.5,143,21.8,12,1.8,131,20.0
E01026146,Lincoln 005D,736,293,39.8,106,14.4,187,25.4,187,25.4,11,1.5,50,6.8,19,2.6,19,2.6,12,1.6,75,10.2,59,8.0,13,1.8,3,0.4,40,5.4,29,3.9,11,1.5,11,1.5,11,1.5,256,34.8,7,1.0,249,33.8
E01026147,Lincoln 003C,1069,314,29.4,119,11.1,195,18.2,668,62.5,79,7.4,324,30.3,131,12.3,157,14.7,36,3.4,183,17.1,135,12.6,47,4.4,1,0.1,72,6.7,41,3.8,31,2.9,10,0.9,10,0.9,87,8.1,20,1.9,67,6.3
E01026148,Lincoln 003D,973,432,44.4,142,14.6,290,29.8,419,43.1,40,4.1,124,12.7,68,7.0,40,4.1,16,1.6,145,14.9,115,11.8,28,2.9,2,0.2,97,10.0,58,6.0,39,4.0,13,1.3,13,1.3,122,12.5,8,0.8,114,11.7
E01026149,Lincoln 001A,781,286,36.6,107,13.7,179,22.9,456,58.4,50,6.4,195,25.0,83,10.6,83,10.6,29,3.7,98,12.5,52,6.7,39,5.0,7,0.9,110,14.1,73,9.3,37,4.7,3,0.4,3,0.4,39,5.0,13,1.7,26,3.3
E01026150,Lincoln 001B,857,373,43.5,102,11.9,271,31.6,449,52.4,30,3.5,143,16.7,55,6.4,66,7.7,22,2.6,113,13.2,60,7.0,49,5.7,4,0.5,149,17.4,112,13.1,37,4.3,14,1.6,14,1.6,35,4.1,10,1.2,25,2.9
E01026151,Lincoln 003E,965,341,35.3,165,17.1,176,18.2,558,57.8,79,8.2,221,22.9,81,8.4,109,11.3,31,3.2,159,16.5,107,11.1,46,4.8,6,0.6,89,9.2,64,6.6,25,2.6,10,1.0,10,1.0,66,6.8,22,2.3,44,4.6
E01026152,Lincoln 004E,569,137,24.1,50,8.8,87,15.3,389,68.4,14,2.5,123,21.6,31,5.4,69,12.1,23,4.0,92,16.2,21,3.7,62,10.9,9,1.6,156,27.4,104,18.3,52,9.1,4,0.7,4,0.7,43,7.6,21,3.7,22,3.9
E01026153,Lincoln 002A,1096,362,33.0,150,13.7,212,19.3,666,60.8,82,7.5,327,29.8,121,11.0,156,14.2,50,4.6,170,15.5,92,8.4,71,6.5,7,0.6,81,7.4,51,4.7,30,2.7,6,0.5,6,0.5,68,6.2,23,2.1,45,4.1
E01026154,Lincoln 004F,528,118,22.3,49,9.3,69,13.1,373,70.6,37,7.0,162,30.7,49,9.3,77,14.6,36,6.8,72,13.6,26,4.9,34,6.4,12,2.3,95,18.0,61,11.6,34,6.4,7,1.3,7,1.3,37,7.0,16,3.0,21,4.0
E01026155,Lincoln 002B,813,236,29.0,85,10.5,151,18.6,541,66.5,61,7.5,267,32.8,109,13.4,121,14.9,37,4.6,135,16.6,86,10.6,42,5.2,7,0.9,76,9.3,56,6.9,20,2.5,2,0.2,2,0.2,36,4.4,12,1.5,24,3.0
E01026156,Lincoln 004G,489,109,22.3,47,9.6,62,12.7,345,70.6,26,5.3,147,30.1,49,10.0,68,13.9,30,6.1,76,15.5,30,6.1,39,8.0,7,1.4,96,19.6,53,10.8,43,8.8,0,0.0,0,0.0,35,7.2,17,3.5,18,3.7
E01026157,Lincoln 002C,641,222,34.6,105,16.4,117,18.3,397,61.9,73,11.4,136,21.2,69,10.8,43,6.7,24,3.7,80,12.5,29,4.5,46,7.2,5,0.8,104,16.2,70,10.9,34,5.3,4,0.6,4,0.6,22,3.4,6,0.9,16,2.5
E01026158,Lincoln 009B,657,209,31.8,124,18.9,85,12.9,425,64.7,122,18.6,181,27.5,81,12.3,56,8.5,44,6.7,77,11.7,50,7.6,22,3.3,5,0.8,43,6.5,21,3.2,22,3.3,2,0.3,2,0.3,23,3.5,10,1.5,13,2.0
E01026159,Lincoln 009C,657,209,31.8,77,11.7,132,20.1,425,64.7,42,6.4,194,29.5,84,12.8,76,11.6,34,5.2,102,15.5,57,8.7,40,6.1,5,0.8,85,12.9,65,9.9,20,3.0,2,0.3,2,0.3,23,3.5,11,1.7,12,1.8
E01026160,Lincoln 009D,611,173,28.3,69,11.3,104,17.0,420,68.7,87,14.2,188,30.8,84,13.7,72,11.8,32,5.2,91,14.9,56,9.2,32,5.2,3,0.5,53,8.7,29,4.7,24,3.9,1,0.2,1,0.2,18,2.9,7,1.1,11,1.8
E01026161,Lincoln 010A,659,281,42.6,98,14.9,183,27.8,348,52.8,35,5.3,135,20.5,71,10.8,47,7.1,17,2.6,69,10.5,37,5.6,29,4.4,3,0.5,100,15.2,74,11.2,26,3.9,9,1.4,9,1.4,30,4.6,16,2.4,14,2.1
E01026162,Lincoln 009E,643,192,29.9,107,16.6,85,13.2,418,65.0,85,13.2,193,30.0,87,13.5,72,11.2,34,5.3,74,11.5,21,3.3,49,7.6,4,0.6,61,9.5,35,5.4,26,4.0,5,0.8,5,0.8,33,5.1,17,2.6,16,2.5
E01026163,Lincoln 009F,602,177,29.4,64,10.6,113,18.8,407,67.6,69,11.5,190,31.6,85,14.1,69,11.5,36,6.0,104,17.3,62,10.3,37,6.1,5,0.8,41,6.8,26,4.3,15,2.5,3,0.5,3,0.5,18,3.0,8,1.3,10,1.7
E01026164,Lincoln 003F,565,159,28.1,91,16.1,68,12.0,373,66.0,71,12.6,215,38.1,86,15.2,91,16.1,38,6.7,50,8.8,26,4.6,21,3.7,3,0.5,34,6.0,18,3.2,16,2.8,3,0.5,3,0.5,33,5.8,5,0.9,28,5.0
E01026165,Lincoln 002D,832,330,39.7,160,19.2,170,20.4,469,56.4,55,6.6,161,19.4,71,8.5,58,7.0,32,3.8,136,16.3,74,8.9,59,7.1,3,0.4,111,13.3,78,9.4,33,4.0,6,0.7,6,0.7,33,4.0,12,1.4,21,2.5
E01026166,Lincoln 001C,603,189,31.3,74,12.3,115,19.1,365,60.5,38,6.3,126,20.9,44,7.3,55,9.1,27,4.5,73,12.1,26,4.3,45,7.5,2,0.3,118,19.6,80,13.3,38,6.3,10,1.7,10,1.7,49,8.1,17,2.8,32,5.3
E01026167,Lincoln 003G,809,312,38.6,148,18.3,164,20.3,442,54.6,101,12.5,226,27.9,113,14.0,86,10.6,27,3.3,87,10.8,70,8.7,17,2.1,0,0.0,26,3.2,15,1.9,11,1.4,2,0.2,2,0.2,55,6.8,13,1.6,42,5.2
E01026168,Lincoln 001D,694,204,29.4,43,6.2,161,23.2,456,65.7,28,4.0,147,21.2,42,6.1,68,9.8,37,5.3,117,16.9,42,6.1,69,9.9,6,0.9,154,22.2,111,16.0,43,6.2,10,1.4,10,1.4,34,4.9,11,1.6,23,3.3
E01026169,Lincoln 011G,724,204,28.2,117,16.2,87,12.0,473,65.3,106,14.6,225,31.1,86,11.9,83,11.5,56,7.7,74,10.2,41,5.7,29,4.0,4,0.6,67,9.3,30,4.1,37,5.1,1,0.1,1,0.1,47,6.5,24,3.3,23,3.2
E01026170,Lincoln 010B,646,160,24.8,70,10.8,90,13.9,459,71.1,52,8.0,190,29.4,90,13.9,68,10.5,32,5.0,111,17.2,51,7.9,54,8.4,6,0.9,103,15.9,71,11.0,32,5.0,3,0.5,3,0.5,27,4.2,12,1.9,15,2.3
E01026171,Lincoln 011H,694,208,30.0,134,19.3,74,10.7,459,66.1,123,17.7,213,30.7,92,13.3,81,11.7,40,5.8,77,11.1,41,5.9,30,4.3,6,0.9,45,6.5,16,2.3,29,4.2,1,0.1,1,0.1,27,3.9,9,1.3,18,2.6
E01026172,Lincoln 010C,643,196,30.5,75,11.7,121,18.8,398,61.9,26,4.0,189,29.4,62,9.6,86,13.4,41,6.4,88,13.7,29,4.5,58,9.0,1,0.2,91,14.2,65,10.1,26,4.0,4,0.6,4,0.6,49,7.6,24,3.7,25,3.9
E01026173,Lincoln 010D,695,256,36.8,67,9.6,189,27.2,403,58.0,16,2.3,115,16.5,35,5.0,61,8.8,19,2.7,94,13.5,25,3.6,59,8.5,10,1.4,173,24.9,116,16.7,57,8.2,5,0.7,5,0.7,36,5.2,19,2.7,17,2.4
E01026174,Lincoln 008D,659,243,36.9,44,6.7,199,30.2,355,53.9,17,2.6,134,20.3,54,8.2,55,8.3,25,3.8,124,18.8,73,11.1,48,7.3,3,0.5,69,10.5,42,6.4,27,4.1,11,1.7,11,1.7,61,9.3,17,2.6,44,6.7
E01026175,Lincoln 010E,933,405,43.4,85,9.1,320,34.3,432,46.3,17,1.8,122,13.1,51,5.5,53,5.7,18,1.9,172,18.4,111,11.9,59,6.3,2,0.2,112,12.0,85,9.1,27,2.9,9,1.0,9,1.0,96,10.3,31,3.3,65,7.0
E01026176,Lincoln 006B,1014,471,46.4,63,6.2,408,40.2,354,34.9,12,1.2,98,9.7,37,3.6,53,5.2,8,0.8,149,14.7,103,10.2,42,4.1,4,0.4,66,6.5,46,4.5,20,2.0,29,2.9,29,2.9,189,18.6,28,2.8,161,15.9
E01026177,Lincoln 006C,816,203,24.9,34,4.2,169,20.7,361,44.2,10,1.2,120,14.7,36,4.4,71,8.7,13,1.6,125,15.3,75,9.2,44,5.4,6,0.7,85,10.4,62,7.6,23,2.8,21,2.6,21,2.6,252,30.9,52,6.4,200,24.5
E01026178,Lincoln 006D,801,257,32.1,68,8.5,189,23.6,357,44.6,26,3.2,124,15.5,49,6.1,57,7.1,18,2.2,118,14.7,90,11.2,22,2.7,6,0.7,74,9.2,40,5.0,34,4.2,15,1.9,15,1.9,187,23.3,29,3.6,158,19.7
E01026179,North Kesteven 008A,417,71,17.0,30,7.2,41,9.8,338,81.1,44,10.6,231,55.4,79,18.9,137,32.9,15,3.6,36,8.6,19,4.6,16,3.8,1,0.2,26,6.2,17,4.1,9,2.2,1,0.2,1,0.2,8,1.9,3,0.7,5,1.2
E01026180,North Kesteven 007A,617,157,25.4,83,13.5,74,12.0,430,69.7,98,15.9,234,37.9,109,17.7,91,14.7,34,5.5,53,8.6,32,5.2,15,2.4,6,1.0,44,7.1,22,3.6,22,3.6,1,0.2,1,0.2,30,4.9,12,1.9,18,2.9
E01026182,North Kesteven 003B,633,170,26.9,80,12.6,90,14.2,438,69.2,91,14.4,241,38.1,85,13.4,105,16.6,51,8.1,61,9.6,35,5.5,26,4.1,0,0.0,44,7.0,27,4.3,17,2.7,1,0.2,1,0.2,25,3.9,11,1.7,14,2.2
E01026183,North Kesteven 007B,1190,354,29.7,180,15.1,174,14.6,786,66.1,158,13.3,390,32.8,191,16.1,128,10.8,71,6.0,127,10.7,53,4.5,65,5.5,9,0.8,109,9.2,80,6.7,29,2.4,2,0.2,2,0.2,50,4.2,25,2.1,25,2.1
E01026184,North Kesteven 004A,584,95,16.3,39,6.7,56,9.6,479,82.0,31,5.3,329,56.3,95,16.3,218,37.3,16,2.7,84,14.4,53,9.1,29,5.0,2,0.3,31,5.3,21,3.6,10,1.7,4,0.7,4,0.7,10,1.7,6,1.0,4,0.7
E01026185,North Kesteven 004B,993,315,31.7,175,17.6,140,14.1,643,64.8,111,11.2,325,32.7,137,13.8,126,12.7,62,6.2,134,13.5,76,7.7,50,5.0,8,0.8,71,7.2,38,3.8,33,3.3,2,0.2,2,0.2,35,3.5,12,1.2,23,2.3
E01026186,North Kesteven 001A,740,186,25.1,107,14.5,79,10.7,523,70.7,122,16.5,262,35.4,125,16.9,95,12.8,42,5.7,69,9.3,43,5.8,25,3.4,1,0.1,65,8.8,47,6.4,18,2.4,5,0.7,5,0.7,31,4.2,13,1.8,18,2.4
E01026187,North Kesteven 001B,774,168,21.7,53,6.8,115,14.9,578,74.7,48,6.2,334,43.2,121,15.6,144,18.6,69,8.9,119,15.4,76,9.8,43,5.6,0,0.0,73,9.4,52,6.7,21,2.7,4,0.5,4,0.5,28,3.6,9,1.2,19,2.5
E01026188,North Kesteven 004C,1032,371,35.9,185,17.9,186,18.0,621,60.2,84,8.1,285,27.6,118,11.4,127,12.3,40,3.9,137,13.3,67,6.5,63,6.1,7,0.7,109,10.6,75,7.3,34,3.3,6,0.6,6,0.6,40,3.9,15,1.5,25,2.4
E01026189,North Kesteven 001C,818,215,26.3,141,17.2,74,9.0,583,71.3,175,21.4,285,34.8,148,18.1,95,11.6,42,5.1,70,8.6,47,5.7,22,2.7,1,0.1,50,6.1,24,2.9,26,3.2,3,0.4,3,0.4,20,2.4,7,0.9,13,1.6
E01026190,North Kesteven 004D,815,242,29.7,136,16.7,106,13.0,550,67.5,101,12.4,244,29.9,88,10.8,120,14.7,36,4.4,106,13.0,60,7.4,40,4.9,6,0.7,95,11.7,77,9.4,18,2.2,4,0.5,4,0.5,23,2.8,12,1.5,11,1.3
E01026191,North Kesteven 005A,792,183,23.1,93,11.7,90,11.4,580,73.2,94,11.9,302,38.1,123,15.5,125,15.8,54,6.8,117,14.8,65,8.2,48,6.1,4,0.5,66,8.3,45,5.7,21,2.7,1,0.1,1,0.1,29,3.7,15,1.9,14,1.8
E01026192,North Kesteven 006A,529,137,25.9,70,13.2,67,12.7,368,69.6,86,16.3,197,37.2,91,17.2,69,13.0,37,7.0,60,11.3,30,5.7,28,5.3,2,0.4,25,4.7,19,3.6,6,1.1,0,0.0,0,0.0,24,4.5,9,1.7,15,2.8
E01026193,North Kesteven 003C,647,132,20.4,75,11.6,57,8.8,492,76.0,106,16.4,282,43.6,126,19.5,106,16.4,50,7.7,72,11.1,50,7.7,18,2.8,4,0.6,30,4.6,15,2.3,15,2.3,2,0.3,2,0.3,23,3.6,5,0.8,18,2.8
E01026194,North Kesteven 006B,930,255,27.4,149,16.0,106,11.4,656,70.5,161,17.3,322,34.6,124,13.3,140,15.1,58,6.2,98,10.5,51,5.5,46,4.9,1,0.1,72,7.7,41,4.4,31,3.3,3,0.3,3,0.3,19,2.0,6,0.6,13,1.4
E01026195,North Kesteven 006C,829,198,23.9,120,14.5,78,9.4,599,72.3,156,18.8,326,39.3,145,17.5,118,14.2,63,7.6,76,9.2,41,4.9,29,3.5,6,0.7,40,4.8,22,2.7,18,2.2,1,0.1,1,0.1,32,3.9,10,1.2,22,2.7
E01026196,North Kesteven 006D,656,183,27.9,113,17.2,70,10.7,453,69.1,122,18.6,237,36.1,106,16.2,82,12.5,49,7.5,63,9.6,39,5.9,21,3.2,3,0.5,31,4.7,12,1.8,19,2.9,0,0.0,0,0.0,20,3.0,8,1.2,12,1.8
E01026197,North Kesteven 008B,639,171,26.8,74,11.6,97,15.2,446,69.8,102,16.0,248,38.8,114,17.8,101,15.8,33,5.2,57,8.9,33,5.2,23,3.6,1,0.2,36,5.6,25,3.9,11,1.7,3,0.5,3,0.5,22,3.4,6,0.9,16,2.5
E01026198,North Kesteven 008C,467,98,21.0,9,1.9,89,19.1,357,76.4,12,2.6,242,51.8,70,15.0,152,32.5,20,4.3,59,12.6,43,9.2,16,3.4,0,0.0,42,9.0,35,7.5,7,1.5,2,0.4,2,0.4,12,2.6,4,0.9,8,1.7
E01026199,North Kesteven 003D,1081,256,23.7,141,13.0,115,10.6,779,72.1,169,15.6,424,39.2,168,15.5,166,15.4,90,8.3,109,10.1,62,5.7,42,3.9,5,0.5,75,6.9,42,3.9,33,3.1,2,0.2,2,0.2,46,4.3,17,1.6,29,2.7
E01026200,North Kesteven 012A,813,237,29.2,106,13.0,131,16.1,542,66.7,114,14.0,273,33.6,146,18.0,76,9.3,51,6.3,92,11.3,56,6.9,30,3.7,6,0.7,57,7.0,41,5.0,16,2.0,6,0.7,6,0.7,34,4.2,12,1.5,22,2.7
E01026201,North Kesteven 012B,894,212,23.7,128,14.3,84,9.4,651,72.8,176,19.7,320,35.8,149,16.7,113,12.6,58,6.5,87,9.7,43,4.8,34,3.8,10,1.1,67,7.5,38,4.3,29,3.2,1,0.1,1,0.1,31,3.5,9,1.0,22,2.5
E01026202,North Kesteven 012C,919,312,33.9,211,23.0,101,11.0,585,63.7,178,19.4,264,28.7,127,13.8,87,9.5,50,5.4,82,8.9,40,4.4,36,3.9,6,0.7,58,6.3,37,4.0,21,2.3,3,0.3,3,0.3,22,2.4,11,1.2,11,1.2
E01026203,North Kesteven 001D,888,261,29.4,164,18.5,97,10.9,601,67.7,190,21.4,273,30.7,106,11.9,123,13.9,44,5.0,87,9.8,51,5.7,32,3.6,4,0.5,47,5.3,26,2.9,21,2.4,4,0.5,4,0.5,26,2.9,11,1.2,15,1.7
E01026204,North Kesteven 001E,753,207,27.5,135,17.9,72,9.6,530,70.4,169,22.4,251,33.3,126,16.7,83,11.0,42,5.6,62,8.2,32,4.2,25,3.3,5,0.7,46,6.1,24,3.2,22,2.9,2,0.3,2,0.3,16,2.1,8,1.1,8,1.1
E01026205,North Kesteven 005B,738,215,29.1,131,17.8,84,11.4,498,67.5,106,14.4,223,30.2,96,13.0,97,13.1,30,4.1,90,12.2,44,6.0,37,5.0,9,1.2,75,10.2,45,6.1,30,4.1,4,0.5,4,0.5,25,3.4,16,2.2,9,1.2
E01026206,North Kesteven 001F,777,188,24.2,111,14.3,77,9.9,565,72.7,112,14.4,316,40.7,115,14.8,141,18.1,60,7.7,84,10.8,49,6.3,30,3.9,5,0.6,49,6.3,30,3.9,19,2.4,4,0.5,4,0.5,24,3.1,7,0.9,17,2.2
E01026207,North Kesteven 012D,549,143,26.0,87,15.8,56,10.2,376,68.5,96,17.5,185,33.7,82,14.9,61,11.1,42,7.7,60,10.9,36,6.6,21,3.8,3,0.5,35,6.4,18,3.3,17,3.1,0,0.0,0,0.0,30,5.5,9,1.6,21,3.8
E01026208,North Kesteven 012E,690,150,21.7,82,11.9,68,9.9,510,73.9,95,13.8,292,42.3,148,21.4,104,15.1,40,5.8,79,11.4,43,6.2,28,4.1,8,1.2,42,6.1,25,3.6,17,2.5,2,0.3,2,0.3,30,4.3,14,2.0,16,2.3
E01026209,North Kesteven 009A,971,282,29.0,192,19.8,90,9.3,669,68.9,209,21.5,344,35.4,178,18.3,99,10.2,67,6.9,58,6.0,32,3.3,21,2.2,5,0.5,55,5.7,26,2.7,29,3.0,3,0.3,3,0.3,20,2.1,7,0.7,13,1.3
E01026210,North Kesteven 007C,1031,244,23.7,123,11.9,121,11.7,739,71.7,157,15.2,378,36.7,182,17.7,125,12.1,71,6.9,133,12.9,76,7.4,51,4.9,6,0.6,68,6.6,43,4.2,25,2.4,3,0.3,3,0.3,48,4.7,25,2.4,23,2.2
E01026211,North Kesteven 005C,810,158,19.5,74,9.1,84,10.4,630,77.8,110,13.6,351,43.3,151,18.6,150,18.5,50,6.2,112,13.8,65,8.0,41,5.1,6,0.7,57,7.0,36,4.4,21,2.6,0,0.0,0,0.0,22,2.7,9,1.1,13,1.6
E01026212,North Kesteven 005D,660,185,28.0,102,15.5,83,12.6,450,68.2,95,14.4,227,34.4,95,14.4,88,13.3,44,6.7,83,12.6,46,7.0,34,5.2,3,0.5,43,6.5,28,4.2,15,2.3,2,0.3,2,0.3,25,3.8,12,1.8,13,2.0
E01026213,North Kesteven 005E,808,284,35.1,187,23.1,97,12.0,508,62.9,124,15.3,215,26.6,101,12.5,72,8.9,42,5.2,96,11.9,46,5.7,46,5.7,4,0.5,72,8.9,38,4.7,34,4.2,1,0.1,1,0.1,16,2.0,7,0.9,9,1.1
E01026214,North Kesteven 014A,514,159,30.9,84,16.3,75,14.6,345,67.1,64,12.5,172,33.5,82,16.0,67,13.0,23,4.5,53,10.3,31,6.0,17,3.3,5,1.0,56,10.9,32,6.2,24,4.7,0,0.0,0,0.0,10,1.9,4,0.8,6,1.2
E01026215,North Kesteven 014B,460,124,27.0,101,22.0,23,5.0,325,70.7,84,18.3,169,36.7,71,15.4,60,13.0,38,8.3,44,9.6,19,4.1,21,4.6,4,0.9,26,5.7,19,4.1,7,1.5,2,0.4,2,0.4,11,2.4,2,0.4,9,2.0
E01026218,North Kesteven 014C,581,208,35.8,128,22.0,80,13.8,354,60.9,118,20.3,151,26.0,80,13.8,44,7.6,27,4.6,47,8.1,33,5.7,12,2.1,2,0.3,37,6.4,17,2.9,20,3.4,1,0.2,1,0.2,19,3.3,7,1.2,12,2.1
E01026219,North Kesteven 014D,510,148,29.0,108,21.2,40,7.8,352,69.0,87,17.1,167,32.7,67,13.1,66,12.9,34,6.7,61,12.0,26,5.1,32,6.3,3,0.6,35,6.9,17,3.3,18,3.5,2,0.4,2,0.4,10,2.0,5,1.0,5,1.0
E01026220,North Kesteven 013A,1039,316,30.4,220,21.2,96,9.2,687,66.1,214,20.6,294,28.3,148,14.2,93,9.0,53,5.1,91,8.8,48,4.6,34,3.3,9,0.9,85,8.2,47,4.5,38,3.7,3,0.3,3,0.3,36,3.5,14,1.3,22,2.1
E01026221,North Kesteven 009B,1096,281,25.6,146,13.3,135,12.3,770,70.3,150,13.7,434,39.6,215,19.6,151,13.8,68,6.2,104,9.5,60,5.5,38,3.5,6,0.5,79,7.2,53,4.8,26,2.4,3,0.3,3,0.3,45,4.1,18,1.6,27,2.5
E01026222,North Kesteven 009C,876,290,33.1,175,20.0,115,13.1,557,63.6,177,20.2,236,26.9,104,11.9,84,9.6,48,5.5,96,11.0,55,6.3,34,3.9,7,0.8,44,5.0,22,2.5,22,2.5,4,0.5,4,0.5,29,3.3,9,1.0,20,2.3
E01026223,North Kesteven 008D,914,252,27.6,141,15.4,111,12.1,634,69.4,150,16.4,326,35.7,153,16.7,105,11.5,68,7.4,87,9.5,53,5.8,28,3.1,6,0.7,64,7.0,37,4.0,27,3.0,7,0.8,7,0.8,28,3.1,12,1.3,16,1.8
E01026224,North Kesteven 007D,794,242,30.5,155,19.5,87,11.0,521,65.6,86,10.8,235,29.6,92,11.6,94,11.8,49,6.2,94,11.8,45,5.7,36,4.5,13,1.6,104,13.1,74,9.3,30,3.8,2,0.3,2,0.3,31,3.9,11,1.4,20,2.5
E01026225,North Kesteven 003E,742,209,28.2,91,12.3,118,15.9,503,67.8,65,8.8,265,35.7,100,13.5,118,15.9,47,6.3,92,12.4,51,6.9,36,4.9,5,0.7,77,10.4,49,6.6,28,3.8,4,0.5,4,0.5,30,4.0,16,2.2,14,1.9
E01026226,North Kesteven 003F,834,227,27.2,168,20.1,59,7.1,580,69.5,175,21.0,297,35.6,154,18.5,88,10.6,55,6.6,62,7.4,34,4.1,25,3.0,3,0.4,44,5.3,24,2.9,20,2.4,2,0.2,2,0.2,27,3.2,8,1.0,19,2.3
E01026227,North Kesteven 010A,813,399,49.1,158,19.4,241,29.6,372,45.8,32,3.9,128,15.7,50,6.2,57,7.0,21,2.6,101,12.4,46,5.7,49,6.0,6,0.7,99,12.2,64,7.9,35,4.3,12,1.5,12,1.5,42,5.2,11,1.4,31,3.8
E01026228,North Kesteven 011A,730,175,24.0,53,7.3,122,16.7,524,71.8,57,7.8,247,33.8,94,12.9,117,16.0,36,4.9,119,16.3,76,10.4,42,5.8,1,0.1,94,12.9,72,9.9,22,3.0,7,1.0,7,1.0,31,4.2,11,1.5,20,2.7
E01026229,North Kesteven 011B,759,193,25.4,74,9.7,119,15.7,543,71.5,63,8.3,288,37.9,117,15.4,134,17.7,37,4.9,95,12.5,42,5.5,47,6.2,6,0.8,95,12.5,71,9.4,24,3.2,2,0.3,2,0.3,23,3.0,11,1.4,12,1.6
E01026230,North Kesteven 010B,764,235,30.8,77,10.1,158,20.7,492,64.4,55,7.2,198,25.9,63,8.2,108,14.1,27,3.5,130,17.0,70,9.2,57,7.5,3,0.4,106,13.9,81,10.6,25,3.3,3,0.4,3,0.4,37,4.8,12,1.6,25,3.3
E01026231,North Kesteven 010C,1173,306,26.1,121,10.3,185,15.8,822,70.1,127,10.8,417,35.5,162,13.8,175,14.9,80,6.8,167,14.2,88,7.5,74,6.3,5,0.4,109,9.3,77,6.6,32,2.7,2,0.2,2,0.2,45,3.8,20,1.7,25,2.1
E01026232,North Kesteven 010D,1023,419,41.0,203,19.8,216,21.1,581,56.8,109,10.7,271,26.5,114,11.1,116,11.3,41,4.0,110,10.8,74,7.2,34,3.3,2,0.2,88,8.6,61,6.0,27,2.6,3,0.3,3,0.3,23,2.2,8,0.8,15,1.5
E01026233,North Kesteven 011C,723,171,23.7,95,13.1,76,10.5,524,72.5,103,14.2,299,41.4,116,16.0,136,18.8,47,6.5,75,10.4,45,6.2,30,4.1,0,0.0,46,6.4,29,4.0,17,2.4,1,0.1,1,0.1,28,3.9,14,1.9,14,1.9
E01026235,North Kesteven 010E,773,293,37.9,120,15.5,173,22.4,446,57.7,71,9.2,164,21.2,61,7.9,80,10.3,23,3.0,87,11.3,45,5.8,39,5.0,3,0.4,118,15.3,85,11.0,33,4.3,6,0.8,6,0.8,34,4.4,15,1.9,19,2.5
E01026236,North Kesteven 011E,537,189,35.2,120,22.3,69,12.8,334,62.2,93,17.3,148,27.6,66,12.3,61,11.4,21,3.9,56,10.4,25,4.7,22,4.1,9,1.7,35,6.5,25,4.7,10,1.9,2,0.4,2,0.4,14,2.6,6,1.1,8,1.5
E01026237,North Kesteven 004E,511,133,26.0,86,16.8,47,9.2,345,67.5,88,17.2,169,33.1,80,15.7,55,10.8,34,6.7,58,11.4,30,5.9,26,5.1,2,0.4,28,5.5,18,3.5,10,2.0,2,0.4,2,0.4,33,6.5,12,2.3,21,4.1
E01026238,North Kesteven 004F,628,148,23.6,72,11.5,76,12.1,461,73.4,57,9.1,239,38.1,86,13.7,103,16.4,50,8.0,113,18.0,51,8.1,57,9.1,5,0.8,51,8.1,37,5.9,14,2.2,1,0.2,1,0.2,19,3.0,6,1.0,13,2.1
E01026239,South Holland 011A,918,282,30.7,113,12.3,169,18.4,602,65.6,94,10.2,298,32.5,115,12.5,126,13.7,57,6.2,135,14.7,75,8.2,53,5.8,7,0.8,70,7.6,49,5.3,21,2.3,5,0.5,5,0.5,34,3.7,13,1.4,21,2.3
E01026240,South Holland 011B,1143,249,21.8,133,11.6,116,10.1,853,74.6,158,13.8,419,36.7,171,15.0,168,14.7,80,7.0,180,15.7,103,9.0,69,6.0,8,0.7,96,8.4,63,5.5,33,2.9,0,0.0,0,0.0,41,3.6,20,1.7,21,1.8
E01026241,South Holland 005A,752,133,17.7,55,7.3,78,10.4,563,74.9,68,9.0,314,41.8,139,18.5,135,18.0,40,5.3,111,14.8,46,6.1,55,7.3,10,1.3,67,8.9,43,5.7,24,3.2,3,0.4,3,0.4,56,7.4,27,3.6,29,3.9
E01026242,South Holland 001A,777,205,26.4,109,14.0,96,12.4,551,70.9,113,14.5,251,32.3,112,14.4,97,12.5,42,5.4,96,12.4,46,5.9,43,5.5,7,0.9,86,11.1,53,6.8,33,4.2,5,0.6,5,0.6,21,2.7,8,1.0,13,1.7
E01026243,South Holland 001B,593,173,29.2,101,17.0,72,12.1,387,65.3,64,10.8,179,30.2,74,12.5,73,12.3,32,5.4,65,11.0,33,5.6,27,4.6,5,0.8,78,13.2,58,9.8,20,3.4,1,0.2,1,0.2,33,5.6,17,2.9,16,2.7
E01026244,South Holland 001C,554,120,21.7,83,15.0,37,6.7,396,71.5,98,17.7,210,37.9,111,20.0,69,12.5,30,5.4,51,9.2,25,4.5,23,4.2,3,0.5,34,6.1,21,3.8,13,2.3,3,0.5,3,0.5,38,6.9,13,2.3,25,4.5
E01026245,South Holland 010A,1076,289,26.9,176,16.4,113,10.5,725,67.4,194,18.0,322,29.9,155,14.4,104,9.7,63,5.9,139,12.9,85,7.9,44,4.1,10,0.9,66,6.1,38,3.5,28,2.6,4,0.4,4,0.4,62,5.8,21,2.0,41,3.8
E01026246,South Holland 002A,981,239,24.4,126,12.8,113,11.5,685,69.8,153,15.6,334,34.0,159,16.2,102,10.4,73,7.4,117,11.9,62,6.3,46,4.7,9,0.9,80,8.2,40,4.1,40,4.1,1,0.1,1,0.1,57,5.8,26,2.7,31,3.2
E01026247,South Holland 001D,843,248,29.4,153,18.1,95,11.3,546,64.8,123,14.6,274,32.5,145,17.2,75,8.9,54,6.4,86,10.2,43,5.1,36,4.3,7,0.8,60,7.1,30,3.6,30,3.6,3,0.4,3,0.4,49,5.8,23,2.7,26,3.1
E01026248,South Holland 002B,945,202,21.4,95,10.1,107,11.3,674,71.3,109,11.5,371,39.3,198,21.0,109,11.5,64,6.8,115,12.2,61,6.5,46,4.9,8,0.8,75,7.9,32,3.4,43,4.6,4,0.4,4,0.4,69,7.3,27,2.9,42,4.4
E01026249,South Holland 010B,857,182,21.2,96,11.2,86,10.0,621,72.5,144,16.8,300,35.0,159,18.6,84,9.8,57,6.7,116,13.5,75,8.8,36,4.2,5,0.6,56,6.5,32,3.7,24,2.8,5,0.6,5,0.6,54,6.3,26,3.0,28,3.3
E01026250,South Holland 003A,1003,368,36.7,151,15.1,217,21.6,572,57.0,71,7.1,219,21.8,87,8.7,99,9.9,33,3.3,147,14.7,77,7.7,63,6.3,7,0.7,126,12.6,96,9.6,30,3.0,9,0.9,9,0.9,63,6.3,32,3.2,31,3.1
E01026251,South Holland 003B,815,235,28.8,150,18.4,85,10.4,543,66.6,145,17.8,262,32.1,112,13.7,97,11.9,53,6.5,83,10.2,40,4.9,36,4.4,7,0.9,51,6.3,26,3.2,25,3.1,2,0.2,2,0.2,37,4.5,14,1.7,23,2.8
E01026252,South Holland 003C,825,289,35.0,184,22.3,105,12.7,491,59.5,123,14.9,234,28.4,105,12.7,84,10.2,45,5.5,82,9.9,37,4.5,40,4.8,5,0.6,49,5.9,29,3.5,20,2.4,3,0.4,3,0.4,45,5.5,19,2.3,26,3.2
E01026253,South Holland 003D,894,291,32.6,162,18.1,129,14.4,562,62.9,95,10.6,243,27.2,118,13.2,74,8.3,51,5.7,126,14.1,43,4.8,70,7.8,13,1.5,96,10.7,62,6.9,34,3.8,2,0.2,2,0.2,41,4.6,26,2.9,15,1.7
E01026254,South Holland 008A,862,303,35.2,192,22.3,111,12.9,517,60.0,145,16.8,246,28.5,123,14.3,74,8.6,49,5.7,74,8.6,36,4.2,27,3.1,11,1.3,52,6.0,24,2.8,28,3.2,0,0.0,0,0.0,42,4.9,18,2.1,24,2.8
E01026255,South Holland 008B,905,296,32.7,136,15.0,160,17.7,565,62.4,140,15.5,233,25.7,105,11.6,80,8.8,48,5.3,105,11.6,57,6.3,43,4.8,5,0.6,82,9.1,49,5.4,33,3.6,5,0.6,5,0.6,44,4.9,18,2.0,26,2.9
E01026256,South Holland 008C,725,195,26.9,126,17.4,69,9.5,494,68.1,112,15.4,227,31.3,103,14.2,75,10.3,49,6.8,87,12.0,44,6.1,35,4.8,8,1.1,64,8.8,40,5.5,24,3.3,4,0.6,4,0.6,36,5.0,13,1.8,23,3.2
E01026257,South Holland 002C,970,273,28.1,198,20.4,75,7.7,659,67.9,191,19.7,282,29.1,125,12.9,100,10.3,57,5.9,99,10.2,49,5.1,43,4.4,7,0.7,85,8.8,60,6.2,25,2.6,2,0.2,2,0.2,38,3.9,10,1.0,28,2.9
E01026258,South Holland 005B,975,236,24.2,140,14.4,96,9.8,689,70.7,157,16.1,327,33.5,138,14.2,130,13.3,59,6.1,133,13.6,68,7.0,63,6.5,2,0.2,68,7.0,41,4.2,27,2.8,4,0.4,4,0.4,50,5.1,23,2.4,27,2.8
E01026259,South Holland 005C,715,142,19.9,66,9.2,76,10.6,526,73.6,97,13.6,261,36.5,118,16.5,88,12.3,55,7.7,104,14.5,61,8.5,37,5.2,6,0.8,59,8.3,32,4.5,27,3.8,5,0.7,5,0.7,47,6.6,15,2.1,32,4.5
E01026260,South Holland 005D,859,264,30.7,150,17.5,114,13.3,559,65.1,121,14.1,235,27.4,87,10.1,104,12.1,44,5.1,110,12.8,53,6.2,49,5.7,8,0.9,91,10.6,64,7.5,27,3.1,2,0.2,2,0.2,36,4.2,19,2.2,17,2.0
E01026262,South Holland 009A,643,151,23.5,80,12.4,71,11.0,454,70.6,121,18.8,220,34.2,106,16.5,75,11.7,39,6.1,66,10.3,32,5.0,32,5.0,2,0.3,37,5.8,18,2.8,19,3.0,10,1.6,10,1.6,38,5.9,16,2.5,22,3.4
E01026263,South Holland 009B,971,247,25.4,126,13.0,121,12.5,653,67.3,76,7.8,312,32.1,112,11.5,161,16.6,39,4.0,169,17.4,84,8.7,82,8.4,3,0.3,88,9.1,61,6.3,27,2.8,8,0.8,8,0.8,71,7.3,41,4.2,30,3.1
E01026264,South Holland 009C,654,157,24.0,85,13.0,72,11.0,419,64.1,57,8.7,174,26.6,64,9.8,76,11.6,34,5.2,103,15.7,48,7.3,46,7.0,9,1.4,74,11.3,47,7.2,27,4.1,11,1.7,11,1.7,78,11.9,34,5.2,44,6.7
E01026265,South Holland 009D,538,127,23.6,65,12.1,62,11.5,371,69.0,82,15.2,174,32.3,71,13.2,63,11.7,40,7.4,69,12.8,31,5.8,32,5.9,6,1.1,42,7.8,26,4.8,16,3.0,4,0.7,4,0.7,40,7.4,15,2.8,25,4.6
E01026266,South Holland 006B,1066,389,36.5,139,13.0,250,23.5,553,51.9,43,4.0,208,19.5,84,7.9,97,9.1,27,2.5,185,17.4,115,10.8,62,5.8,8,0.8,98,9.2,65,6.1,33,3.1,19,1.8,19,1.8,124,11.6,37,3.5,87,8.2
E01026268,South Holland 007A,878,296,33.7,164,18.7,132,15.0,513,58.4,93,10.6,190,21.6,73,8.3,90,10.3,27,3.1,116,13.2,61,6.9,51,5.8,4,0.5,107,12.2,68,7.7,39,4.4,7,0.8,7,0.8,69,7.9,36,4.1,33,3.8
E01026269,South Holland 007B,943,255,27.0,151,16.0,104,11.0,633,67.1,170,18.0,288,30.5,119,12.6,118,12.5,51,5.4,103,10.9,58,6.2,37,3.9,8,0.8,64,6.8,35,3.7,29,3.1,8,0.8,8,0.8,55,5.8,27,2.9,28,3.0
E01026270,South Holland 007C,726,179,24.7,68,9.4,111,15.3,452,62.3,54,7.4,171,23.6,49,6.7,80,11.0,42,5.8,110,15.2,47,6.5,58,8.0,5,0.7,110,15.2,71,9.8,39,5.4,7,1.0,7,1.0,95,13.1,44,6.1,51,7.0
E01026271,South Holland 007D,760,251,33.0,129,17.0,122,16.1,418,55.0,42,5.5,170,22.4,64,8.4,76,10.0,30,3.9,96,12.6,42,5.5,46,6.1,8,1.1,104,13.7,69,9.1,35,4.6,6,0.8,6,0.8,91,12.0,38,5.0,53,7.0
E01026272,South Holland 007E,604,187,31.0,86,14.2,101,16.7,355,58.8,64,10.6,164,27.2,67,11.1,62,10.3,35,5.8,69,11.4,38,6.3,24,4.0,7,1.2,54,8.9,29,4.8,25,4.1,4,0.7,4,0.7,62,10.3,25,4.1,37,6.1
E01026273,South Holland 006C,738,190,25.7,136,18.4,54,7.3,504,68.3,122,16.5,255,34.6,95,12.9,116,15.7,44,6.0,78,10.6,41,5.6,33,4.5,4,0.5,42,5.7,19,2.6,23,3.1,7,0.9,7,0.9,44,6.0,25,3.4,19,2.6
E01026275,South Holland 006E,1114,286,25.7,152,13.6,134,12.0,700,62.8,82,7.4,312,28.0,102,9.2,164,14.7,46,4.1,185,16.6,98,8.8,81,7.3,6,0.5,111,10.0,76,6.8,35,3.1,10,0.9,10,0.9,128,11.5,50,4.5,78,7.0
E01026276,South Holland 001E,981,205,20.9,128,13.0,77,7.8,710,72.4,157,16.0,381,38.8,196,20.0,111,11.3,74,7.5,99,10.1,61,6.2,29,3.0,9,0.9,71,7.2,41,4.2,30,3.1,2,0.2,2,0.2,66,6.7,28,2.9,38,3.9
E01026277,South Holland 008D,717,247,34.4,112,15.6,135,18.8,424,59.1,62,8.6,168,23.4,60,8.4,79,11.0,29,4.0,107,14.9,40,5.6,62,8.6,5,0.7,85,11.9,63,8.8,22,3.1,2,0.3,2,0.3,46,6.4,25,3.5,21,2.9
E01026278,South Holland 008E,634,156,24.6,94,14.8,62,9.8,437,68.9,83,13.1,206,32.5,100,15.8,69,10.9,37,5.8,86,13.6,44,6.9,34,5.4,8,1.3,55,8.7,30,4.7,25,3.9,7,1.1,7,1.1,41,6.5,17,2.7,24,3.8
E01026279,South Holland 008F,623,207,33.2,119,19.1,88,14.1,386,62.0,74,11.9,162,26.0,85,13.6,45,7.2,32,5.1,80,12.8,33,5.3,41,6.6,6,1.0,66,10.6,41,6.6,25,4.0,4,0.6,4,0.6,30,4.8,11,1.8,19,3.0
E01026280,South Holland 010C,1116,258,23.1,141,12.6,117,10.5,780,69.9,138,12.4,407,36.5,201,18.0,122,10.9,84,7.5,148,13.3,80,7.2,67,6.0,1,0.1,81,7.3,45,4.0,36,3.2,6,0.5,6,0.5,78,7.0,39,3.5,39,3.5
E01026281,South Holland 004A,585,137,23.4,81,13.8,56,9.6,425,72.6,81,13.8,242,41.4,125,21.4,82,14.0,35,6.0,62,10.6,37,6.3,19,3.2,6,1.0,37,6.3,23,3.9,14,2.4,3,0.5,3,0.5,23,3.9,14,2.4,9,1.5
E01026282,South Holland 004B,760,186,24.5,123,16.2,63,8.3,533,70.1,120,15.8,260,34.2,114,15.0,102,13.4,44,5.8,87,11.4,40,5.3,38,5.0,9,1.2,60,7.9,41,5.4,19,2.5,6,0.8,6,0.8,41,5.4,20,2.6,21,2.8
E01026283,South Holland 004C,748,184,24.6,107,14.3,77,10.3,532,71.1,122,16.3,284,38.0,120,16.0,106,14.2,58,7.8,73,9.8,42,5.6,23,3.1,8,1.1,50,6.7,33,4.4,17,2.3,3,0.4,3,0.4,32,4.3,14,1.9,18,2.4
E01026284,South Holland 011C,972,211,21.7,106,10.9,105,10.8,714,73.5,129,13.3,356,36.6,162,16.7,135,13.9,59,6.1,163,16.8,87,9.0,66,6.8,10,1.0,62,6.4,45,4.6,17,1.7,4,0.4,4,0.4,47,4.8,14,1.4,33,3.4
E01026285,South Holland 004D,619,140,22.6,84,13.6,56,9.0,454,73.3,110,17.8,224,36.2,118,19.1,72,11.6,34,5.5,76,12.3,42,6.8,25,4.0,9,1.5,42,6.8,17,2.7,25,4.0,2,0.3,2,0.3,25,4.0,14,2.3,11,1.8
E01026286,South Holland 004E,528,133,25.2,76,14.4,57,10.8,358,67.8,76,14.4,178,33.7,76,14.4,66,12.5,36,6.8,59,11.2,36,6.8,20,3.8,3,0.6,45,8.5,23,4.4,22,4.2,0,0.0,0,0.0,37,7.0,16,3.0,21,4.0
E01026287,South Kesteven 015A,610,195,32.0,84,13.8,111,18.2,387,63.4,85,13.9,163,26.7,74,12.1,57,9.3,32,5.2,67,11.0,33,5.4,30,4.9,4,0.7,71,11.6,37,6.1,34,5.6,1,0.2,1,0.2,28,4.6,11,1.8,17,2.8
E01026288,South Kesteven 015B,746,262,35.1,112,15.0,150,20.1,445,59.7,55,7.4,162,21.7,63,8.4,69,9.2,30,4.0,103,13.8,58,7.8,42,5.6,3,0.4,118,15.8,85,11.4,33,4.4,7,0.9,7,0.9,39,5.2,14,1.9,25,3.4
E01026289,South Kesteven 015C,992,271,27.3,125,12.6,146,14.7,680,68.5,94,9.5,332,33.5,119,12.0,163,16.4,50,5.0,128,12.9,69,7.0,51,5.1,8,0.8,122,12.3,87,8.8,35,3.5,4,0.4,4,0.4,41,4.1,14,1.4,27,2.7
E01026290,South Kesteven 008A,938,208,22.2,112,11.9,96,10.2,672,71.6,178,19.0,345,36.8,169,18.0,110,11.7,66,7.0,92,9.8,46,4.9,41,4.4,5,0.5,52,5.5,33,3.5,19,2.0,5,0.5,5,0.5,58,6.2,17,1.8,41,4.4
E01026291,South Kesteven 002A,893,255,28.6,170,19.0,85,9.5,620,69.4,162,18.1,329,36.8,128,14.3,140,15.7,61,6.8,91,10.2,52,5.8,35,3.9,4,0.4,38,4.3,22,2.5,16,1.8,0,0.0,0,0.0,18,2.0,8,0.9,10,1.1
E01026292,South Kesteven 007A,632,177,28.0,85,13.4,92,14.6,439,69.5,106,16.8,208,32.9,95,15.0,69,10.9,44,7.0,65,10.3,40,6.3,20,3.2,5,0.8,58,9.2,32,5.1,26,4.1,2,0.3,2,0.3,16,2.5,10,1.6,6,0.9
E01026293,South Kesteven 007B,870,207,23.8,92,10.6,115,13.2,624,71.7,112,12.9,294,33.8,128,14.7,123,14.1,43,4.9,142,16.3,81,9.3,47,5.4,14,1.6,76,8.7,50,5.7,26,3.0,0,0.0,0,0.0,39,4.5,19,2.2,20,2.3
E01026294,South Kesteven 007C,657,142,21.6,54,8.2,88,13.4,489,74.4,53,8.1,268,40.8,107,16.3,124,18.9,37,5.6,107,16.3,57,8.7,43,6.5,7,1.1,61,9.3,45,6.8,16,2.4,0,0.0,0,0.0,26,4.0,13,2.0,13,2.0
E01026296,South Kesteven 011B,660,152,23.0,105,15.9,47,7.1,484,73.3,147,22.3,249,37.7,113,17.1,84,12.7,52,7.9,49,7.4,19,2.9,27,4.1,3,0.5,39,5.9,16,2.4,23,3.5,0,0.0,0,0.0,24,3.6,11,1.7,13,2.0
E01026297,South Kesteven 011C,666,222,33.3,162,24.3,60,9.0,415,62.3,101,15.2,196,29.4,81,12.2,84,12.6,31,4.7,54,8.1,23,3.5,27,4.1,4,0.6,56,8.4,29,4.4,27,4.1,8,1.2,8,1.2,29,4.4,9,1.4,20,3.0
E01026298,South Kesteven 011D,1051,460,43.8,199,18.9,261,24.8,552,52.5,60,5.7,213,20.3,83,7.9,96,9.1,34,3.2,138,13.1,70,6.7,54,5.1,14,1.3,136,12.9,99,9.4,37,3.5,5,0.5,5,0.5,39,3.7,15,1.4,24,2.3
E01026299,South Kesteven 010A,746,258,34.6,154,20.6,104,13.9,454,60.9,78,10.5,205,27.5,72,9.7,86,11.5,47,6.3,77,10.3,34,4.6,39,5.2,4,0.5,90,12.1,64,8.6,26,3.5,4,0.5,4,0.5,34,4.6,14,1.9,20,2.7
E01026300,South Kesteven 010B,634,142,22.4,100,15.8,42,6.6,467,73.7,132,20.8,257,40.5,112,17.7,98,15.5,47,7.4,50,7.9,29,4.6,16,2.5,5,0.8,28,4.4,11,1.7,17,2.7,0,0.0,0,0.0,25,3.9,9,1.4,16,2.5
E01026302,South Kesteven 010D,493,133,27.0,67,13.6,66,13.4,339,68.8,60,12.2,169,34.3,66,13.4,71,14.4,32,6.5,57,11.6,25,5.1,26,5.3,6,1.2,51,10.3,30,6.1,21,4.3,2,0.4,2,0.4,21,4.3,11,2.2,10,2.0
E01026303,South Kesteven 014A,526,124,23.6,53,10.1,71,13.5,385,73.2,53,10.1,208,39.5,82,15.6,90,17.1,36,6.8,77,14.6,44,8.4,33,6.3,0,0.0,44,8.4,29,5.5,15,2.9,3,0.6,3,0.6,17,3.2,6,1.1,11,2.1
E01026304,South Kesteven 014B,625,140,22.4,68,10.9,72,11.5,459,73.4,108,17.3,246,39.4,97,15.5,99,15.8,50,8.0,64,10.2,29,4.6,31,5.0,4,0.6,39,6.2,19,3.0,20,3.2,2,0.3,2,0.3,26,4.2,13,2.1,13,2.1
E01026305,South Kesteven 014C,607,178,29.3,44,7.2,134,22.1,419,69.0,52,8.6,240,39.5,119,19.6,88,14.5,33,5.4,80,13.2,53,8.7,24,4.0,3,0.5,46,7.6,29,4.8,17,2.8,1,0.2,1,0.2,10,1.6,4,0.7,6,1.0
E01026306,South Kesteven 014D,819,249,30.4,145,17.7,104,12.7,543,66.3,96,11.7,241,29.4,84,10.3,110,13.4,47,5.7,100,12.2,36,4.4,60,7.3,4,0.5,101,12.3,62,7.6,39,4.8,5,0.6,5,0.6,27,3.3,11,1.3,16,2.0
E01026307,South Kesteven 014E,555,144,25.9,78,14.1,66,11.9,391,70.5,100,18.0,182,32.8,77,13.9,77,13.9,28,5.0,63,11.4,37,6.7,22,4.0,4,0.7,44,7.9,25,4.5,19,3.4,2,0.4,2,0.4,20,3.6,9,1.6,11,2.0
E01026308,South Kesteven 005A,624,118,18.9,37,5.9,81,13.0,472,75.6,17,2.7,166,26.6,51,8.2,85,13.6,30,4.8,83,13.3,18,2.9,60,9.6,5,0.8,202,32.4,171,27.4,31,5.0,4,0.6,4,0.6,34,5.4,20,3.2,14,2.2
E01026309,South Kesteven 005B,725,240,33.1,107,14.8,133,18.3,452,62.3,74,10.2,181,25.0,69,9.5,83,11.4,29,4.0,97,13.4,46,6.3,44,6.1,7,1.0,97,13.4,63,8.7,34,4.7,3,0.4,3,0.4,33,4.6,9,1.2,24,3.3
E01026310,South Kesteven 005C,450,105,23.3,55,12.2,50,11.1,319,70.9,60,13.3,135,30.0,48,10.7,63,14.0,24,5.3,62,13.8,21,4.7,36,8.0,5,1.1,60,13.3,42,9.3,18,4.0,2,0.4,2,0.4,26,5.8,14,3.1,12,2.7
E01026311,South Kesteven 005D,679,185,27.2,76,11.2,109,16.1,452,66.6,53,7.8,201,29.6,72,10.6,86,12.7,43,6.3,88,13.0,33,4.9,48,7.1,7,1.0,105,15.5,73,10.8,32,4.7,5,0.7,5,0.7,42,6.2,17,2.5,25,3.7
E01026312,South Kesteven 005E,449,69,15.4,31,6.9,38,8.5,348,77.5,10,2.2,146,32.5,42,9.4,70,15.6,34,7.6,71,15.8,9,2.0,46,10.2,16,3.6,115,25.6,82,18.3,33,7.3,6,1.3,6,1.3,32,7.1,16,3.6,16,3.6
E01026313,South Kesteven 001A,628,158,25.2,113,18.0,45,7.2,449,71.5,99,15.8,267,42.5,106,16.9,112,17.8,49,7.8,52,8.3,30,4.8,18,2.9,4,0.6,30,4.8,14,2.2,16,2.5,1,0.2,1,0.2,21,3.3,8,1.3,13,2.1
E01026314,South Kesteven 001B,588,161,27.4,98,16.7,63,10.7,404,68.7,76,12.9,204,34.7,96,16.3,80,13.6,28,4.8,68,11.6,36,6.1,29,4.9,3,0.5,51,8.7,33,5.6,18,3.1,5,0.9,5,0.9,23,3.9,9,1.5,14,2.4
E01026315,South Kesteven 009A,967,251,26.0,145,15.0,106,11.0,691,71.5,160,16.5,346,35.8,152,15.7,139,14.4,55,5.7,122,12.6,78,8.1,38,3.9,6,0.6,60,6.2,36,3.7,24,2.5,3,0.3,3,0.3,25,2.6,9,0.9,16,1.7
E01026316,South Kesteven 007D,1060,239,22.5,141,13.3,98,9.2,781,73.7,194,18.3,413,39.0,192,18.1,154,14.5,67,6.3,105,9.9,60,5.7,35,3.3,10,0.9,65,6.1,34,3.2,31,2.9,4,0.4,4,0.4,40,3.8,14,1.3,26,2.5
E01026317,South Kesteven 006A,1120,428,38.2,80,7.1,348,31.1,625,55.8,28,2.5,248,22.1,93,8.3,123,11.0,32,2.9,217,19.4,137,12.2,67,6.0,13,1.2,117,10.4,86,7.7,31,2.8,15,1.3,15,1.3,67,6.0,22,2.0,45,4.0
E01026318,South Kesteven 006B,1022,364,35.6,87,8.5,277,27.1,590,57.7,29,2.8,204,20.0,78,7.6,99,9.7,27,2.6,178,17.4,99,9.7,67,6.6,12,1.2,173,16.9,120,11.7,53,5.2,6,0.6,6,0.6,68,6.7,26,2.5,42,4.1
E01026319,South Kesteven 006C,1110,332,29.9,131,11.8,201,18.1,728,65.6,112,10.1,337,30.4,123,11.1,159,14.3,55,5.0,161,14.5,86,7.7,71,6.4,4,0.4,112,10.1,75,6.8,37,3.3,6,0.5,6,0.5,50,4.5,22,2.0,28,2.5
E01026321,South Kesteven 004B,596,165,27.7,103,17.3,62,10.4,418,70.1,97,16.3,210,35.2,80,13.4,90,15.1,40,6.7,56,9.4,27,4.5,25,4.2,4,0.7,54,9.1,29,4.9,25,4.2,1,0.2,1,0.2,13,2.2,6,1.0,7,1.2
E01026322,South Kesteven 004C,591,197,33.3,98,16.6,99,16.8,370,62.6,84,14.2,156,26.4,77,13.0,53,9.0,26,4.4,82,13.9,49,8.3,33,5.6,0,0.0,42,7.1,31,5.2,11,1.9,6,1.0,6,1.0,24,4.1,10,1.7,14,2.4
E01026323,South Kesteven 004D,1060,538,50.8,161,15.2,377,35.6,488,46.0,81,7.6,213,20.1,89,8.4,91,8.6,33,3.1,102,9.6,63,5.9,35,3.3,4,0.4,90,8.5,61,5.8,29,2.7,2,0.2,2,0.2,34,3.2,12,1.1,22,2.1
E01026324,South Kesteven 004E,879,202,23.0,112,12.7,90,10.2,647,73.6,118,13.4,352,40.0,144,16.4,139,15.8,69,7.8,107,12.2,53,6.0,47,5.3,7,0.8,67,7.6,45,5.1,22,2.5,3,0.3,3,0.3,30,3.4,15,1.7,15,1.7
E01026325,South Kesteven 003A,621,147,23.7,79,12.7,68,11.0,434,69.9,40,6.4,218,35.1,78,12.6,97,15.6,43,6.9,80,12.9,22,3.5,51,8.2,7,1.1,91,14.7,51,8.2,40,6.4,5,0.8,5,0.8,40,6.4,19,3.1,21,3.4
E01026326,South Kesteven 003B,621,180,29.0,118,19.0,62,10.0,412,66.3,78,12.6,199,32.0,77,12.4,81,13.0,41,6.6,70,11.3,33,5.3,33,5.3,4,0.6,65,10.5,45,7.2,20,3.2,0,0.0,0,0.0,29,4.7,11,1.8,18,2.9
E01026327,South Kesteven 003C,618,174,28.2,92,14.9,82,13.3,424,68.6,79,12.8,195,31.6,90,14.6,64,10.4,41,6.6,66,10.7,29,4.7,32,5.2,5,0.8,81,13.1,50,8.1,31,5.0,3,0.5,3,0.5,20,3.2,11,1.8,9,1.5
E01026328,South Kesteven 003D,600,161,26.8,71,11.8,90,15.0,412,68.7,43,7.2,180,30.0,53,8.8,90,15.0,37,6.2,86,14.3,30,5.0,43,7.2,13,2.2,101,16.8,75,12.5,26,4.3,2,0.3,2,0.3,27,4.5,13,2.2,14,2.3
E01026329,South Kesteven 001C,804,212,26.4,132,16.4,80,10.0,572,71.1,144,17.9,289,35.9,122,15.2,113,14.1,54,6.7,72,9.0,46,5.7,23,2.9,3,0.4,66,8.2,39,4.9,27,3.4,1,0.1,1,0.1,20,2.5,6,0.7,14,1.7
E01026330,South Kesteven 012A,863,169,19.6,104,12.1,65,7.5,661,76.6,146,16.9,388,45.0,154,17.8,160,18.5,74,8.6,82,9.5,40,4.6,36,4.2,6,0.7,43,5.0,23,2.7,20,2.3,2,0.2,2,0.2,33,3.8,11,1.3,22,2.5
E01026331,South Kesteven 009B,1109,303,27.3,168,15.1,135,12.2,761,68.6,161,14.5,382,34.4,181,16.3,128,11.5,73,6.6,123,11.1,63,5.7,55,5.0,5,0.5,90,8.1,52,4.7,38,3.4,5,0.5,5,0.5,45,4.1,15,1.4,30,2.7
E01026332,South Kesteven 007E,935,226,24.2,136,14.5,90,9.6,663,70.9,167,17.9,347,37.1,178,19.0,115,12.3,54,5.8,98,10.5,57,6.1,40,4.3,1,0.1,46,4.9,25,2.7,21,2.2,5,0.5,5,0.5,46,4.9,24,2.6,22,2.4
E01026333,South Kesteven 001D,1079,227,21.0,120,11.1,107,9.9,809,75.0,151,14.0,468,43.4,232,21.5,158,14.6,78,7.2,123,11.4,75,7.0,37,3.4,11,1.0,66,6.1,39,3.6,27,2.5,1,0.1,1,0.1,43,4.0,21,1.9,22,2.0
E01026334,South Kesteven 013A,641,114,17.8,64,10.0,50,7.8,500,78.0,95,14.8,312,48.7,141,22.0,118,18.4,53,8.3,50,7.8,30,4.7,19,3.0,1,0.2,40,6.2,21,3.3,19,3.0,3,0.5,3,0.5,27,4.2,3,0.5,24,3.7
E01026335,South Kesteven 013B,718,251,35.0,149,20.8,102,14.2,435,60.6,129,18.0,180,25.1,78,10.9,60,8.4,42,5.8,69,9.6,40,5.6,24,3.3,5,0.7,57,7.9,35,4.9,22,3.1,0,0.0,0,0.0,32,4.5,13,1.8,19,2.6
E01026336,South Kesteven 013C,808,287,35.5,123,15.2,164,20.3,491,60.8,77,9.5,213,26.4,96,11.9,84,10.4,33,4.1,102,12.6,56,6.9,43,5.3,3,0.4,94,11.6,60,7.4,34,4.2,5,0.6,5,0.6,30,3.7,16,2.0,14,1.7
E01026337,South Kesteven 013D,941,245,26.0,131,13.9,114,12.1,662,70.4,129,13.7,325,34.5,108,11.5,178,18.9,39,4.1,112,11.9,43,4.6,65,6.9,4,0.4,92,9.8,73,7.8,19,2.0,4,0.4,4,0.4,34,3.6,17,1.8,17,1.8
E01026338,South Kesteven 009C,541,128,23.7,69,12.8,59,10.9,394,72.8,74,13.7,212,39.2,109,20.1,77,14.2,26,4.8,68,12.6,31,5.7,30,5.5,7,1.3,39,7.2,23,4.3,16,3.0,1,0.2,1,0.2,19,3.5,7,1.3,12,2.2
E01026339,South Kesteven 009D,570,193,33.9,69,12.1,124,21.8,353,61.9,28,4.9,163,28.6,67,11.8,72,12.6,24,4.2,104,18.2,65,11.4,36,6.3,3,0.5,58,10.2,37,6.5,21,3.7,0,0.0,0,0.0,24,4.2,7,1.2,17,3.0
E01026340,South Kesteven 002B,1005,304,30.2,190,18.9,114,11.3,667,66.4,161,16.0,339,33.7,143,14.2,140,13.9,56,5.6,87,8.7,52,5.2,31,3.1,4,0.4,78,7.8,49,4.9,29,2.9,2,0.2,2,0.2,34,3.4,11,1.1,23,2.3
E01026341,South Kesteven 008B,666,159,23.9,100,15.0,59,8.9,474,71.2,120,18.0,246,36.9,98,14.7,98,14.7,50,7.5,61,9.2,30,4.5,25,3.8,6,0.9,45,6.8,31,4.7,14,2.1,2,0.3,2,0.3,33,5.0,10,1.5,23,3.5
E01026342,South Kesteven 008C,586,146,24.9,56,9.6,90,15.4,419,71.5,62,10.6,253,43.2,93,15.9,105,17.9,55,9.4,64,10.9,32,5.5,30,5.1,2,0.3,37,6.3,19,3.2,18,3.1,3,0.5,3,0.5,21,3.6,11,1.9,10,1.7
E01026343,South Kesteven 006D,939,411,43.8,107,11.4,304,32.4,457,48.7,44,4.7,154,16.4,63,6.7,64,6.8,27,2.9,142,15.1,94,10.0,42,4.5,6,0.6,109,11.6,80,8.5,29,3.1,8,0.9,8,0.9,71,7.6,15,1.6,56,6.0
E01026344,South Kesteven 006E,666,205,30.8,71,10.7,134,20.1,417,62.6,52,7.8,182,27.3,75,11.3,78,11.7,29,4.4,94,14.1,47,7.1,39,5.9,8,1.2,84,12.6,60,9.0,24,3.6,5,0.8,5,0.8,44,6.6,17,2.6,27,4.1
E01026345,South Kesteven 006F,730,236,32.3,133,18.2,103,14.1,466,63.8,81,11.1,224,30.7,75,10.3,104,14.2,45,6.2,72,9.9,29,4.0,40,5.5,3,0.4,89,12.2,63,8.6,26,3.6,0,0.0,0,0.0,28,3.8,10,1.4,18,2.5
E01026346,South Kesteven 015D,517,141,27.3,64,12.4,77,14.9,354,68.5,56,10.8,165,31.9,61,11.8,73,14.1,31,6.0,74,14.3,42,8.1,27,5.2,5,1.0,57,11.0,32,6.2,25,4.8,2,0.4,2,0.4,22,4.3,6,1.2,16,3.1
E01026347,South Kesteven 015E,829,396,47.8,196,23.6,200,24.1,408,49.2,89,10.7,148,17.9,64,7.7,66,8.0,18,2.2,102,12.3,69,8.3,29,3.5,4,0.5,64,7.7,40,4.8,24,2.9,5,0.6,5,0.6,25,3.0,4,0.5,21,2.5
E01026348,South Kesteven 015F,485,94,19.4,47,9.7,47,9.7,365,75.3,38,7.8,170,35.1,59,12.2,77,15.9,34,7.0,88,18.1,38,7.8,39,8.0,11,2.3,66,13.6,43,8.9,23,4.7,3,0.6,3,0.6,26,5.4,8,1.6,18,3.7
E01026349,South Kesteven 016A,765,303,39.6,144,18.8,159,20.8,440,57.5,82,10.7,160,20.9,64,8.4,79,10.3,17,2.2,92,12.0,54,7.1,31,4.1,7,0.9,102,13.3,68,8.9,34,4.4,4,0.5,4,0.5,22,2.9,6,0.8,16,2.1
E01026350,South Kesteven 016B,989,494,49.9,234,23.7,260,26.3,470,47.5,109,11.0,189,19.1,95,9.6,69,7.0,25,2.5,100,10.1,70,7.1,23,2.3,7,0.7,67,6.8,50,5.1,17,1.7,5,0.5,5,0.5,25,2.5,7,0.7,18,1.8
E01026351,South Kesteven 016C,849,474,55.8,196,23.1,278,32.7,363,42.8,75,8.8,133,15.7,68,8.0,51,6.0,14,1.6,90,10.6,73,8.6,12,1.4,5,0.6,60,7.1,32,3.8,28,3.3,5,0.6,5,0.6,12,1.4,3,0.4,9,1.1
E01026352,South Kesteven 003E,561,158,28.2,118,21.0,40,7.1,383,68.3,114,20.3,199,35.5,70,12.5,97,17.3,32,5.7,39,7.0,23,4.1,15,2.7,1,0.2,29,5.2,13,2.3,16,2.9,2,0.4,2,0.4,20,3.6,11,2.0,9,1.6
E01026353,South Kesteven 003F,863,460,53.3,210,24.3,250,29.0,365,42.3,52,6.0,129,14.9,59,6.8,49,5.7,21,2.4,79,9.2,50,5.8,25,2.9,4,0.5,97,11.2,71,8.2,26,3.0,8,0.9,8,0.9,38,4.4,12,1.4,26,3.0
E01026354,South Kesteven 003G,488,109,22.3,79,16.2,30,6.1,368,75.4,114,23.4,175,35.9,76,15.6,72,14.8,27,5.5,35,7.2,14,2.9,14,2.9,7,1.4,41,8.4,23,4.7,18,3.7,3,0.6,3,0.6,11,2.3,5,1.0,6,1.2
E01026355,South Kesteven 002C,1109,298,26.9,192,17.3,106,9.6,772,69.6,211,19.0,406,36.6,161,14.5,179,16.1,66,6.0,84,7.6,48,4.3,29,2.6,7,0.6,68,6.1,44,4.0,24,2.2,3,0.3,3,0.3,39,3.5,10,0.9,29,2.6
E01026356,South Kesteven 016D,587,132,22.5,49,8.3,83,14.1,442,75.3,52,8.9,249,42.4,85,14.5,122,20.8,42,7.2,83,14.1,43,7.3,34,5.8,6,1.0,58,9.9,36,6.1,22,3.7,0,0.0,0,0.0,13,2.2,5,0.9,8,1.4
E01026357,South Kesteven 016E,585,154,26.3,67,11.5,87,14.9,412,70.4,74,12.6,207,35.4,88,15.0,86,14.7,33,5.6,71,12.1,34,5.8,29,5.0,8,1.4,59,10.1,38,6.5,21,3.6,1,0.2,1,0.2,19,3.2,7,1.2,12,2.1
E01026358,South Kesteven 016F,633,168,26.5,91,14.4,77,12.2,455,71.9,120,19.0,220,34.8,102,16.1,82,13.0,36,5.7,66,10.4,42,6.6,22,3.5,2,0.3,46,7.3,25,3.9,21,3.3,3,0.5,3,0.5,10,1.6,3,0.5,7,1.1
E01026359,South Kesteven 016G,1040,231,22.2,111,10.7,120,11.5,776,74.6,133,12.8,402,38.7,154,14.8,209,20.1,39,3.8,150,14.4,84,8.1,62,6.0,4,0.4,88,8.5,75,7.2,13,1.2,3,0.3,3,0.3,33,3.2,13,1.2,20,1.9
E01026360,South Kesteven 012B,918,217,23.6,120,13.1,97,10.6,662,72.1,154,16.8,368,40.1,155,16.9,148,16.1,65,7.1,73,8.0,36,3.9,35,3.8,2,0.2,64,7.0,36,3.9,28,3.1,3,0.3,3,0.3,39,4.2,16,1.7,23,2.5
E01026361,South Kesteven 008D,1180,347,29.4,170,14.4,177,15.0,792,67.1,168,14.2,399,33.8,186,15.8,146,12.4,67,5.7,142,12.0,85,7.2,49,4.2,8,0.7,79,6.7,42,3.6,37,3.1,4,0.3,4,0.3,41,3.5,21,1.8,20,1.7
E01026362,South Kesteven 012C,696,140,20.1,83,11.9,57,8.2,538,77.3,94,13.5,311,44.7,119,17.1,147,21.1,45,6.5,76,10.9,37,5.3,37,5.3,2,0.3,56,8.0,33,4.7,23,3.3,1,0.1,1,0.1,18,2.6,7,1.0,11,1.6
E01026363,South Kesteven 012D,862,232,26.9,107,12.4,125,14.5,602,69.8,148,17.2,338,39.2,195,22.6,98,11.4,45,5.2,81,9.4,58,6.7,15,1.7,8,0.9,35,4.1,18,2.1,17,2.0,0,0.0,0,0.0,28,3.2,4,0.5,24,2.8
E01026364,South Kesteven 012E,814,202,24.8,121,14.9,81,10.0,578,71.0,156,19.2,312,38.3,129,15.8,132,16.2,51,6.3,60,7.4,37,4.5,20,2.5,3,0.4,48,5.9,24,2.9,24,2.9,2,0.2,2,0.2,34,4.2,14,1.7,20,2.5
E01026365,South Kesteven 002D,1023,233,22.8,161,15.7,72,7.0,750,73.3,246,24.0,384,37.5,198,19.4,129,12.6,57,5.6,77,7.5,48,4.7,24,2.3,5,0.5,40,3.9,20,2.0,20,2.0,3,0.3,3,0.3,40,3.9,19,1.9,21,2.1
E01026366,West Lindsey 011A,1073,288,26.8,118,11.0,170,15.8,747,69.6,159,14.8,354,33.0,168,15.7,132,12.3,54,5.0,128,11.9,75,7.0,45,4.2,8,0.7,106,9.9,64,6.0,42,3.9,0,0.0,0,0.0,38,3.5,16,1.5,22,2.1
E01026367,West Lindsey 001A,801,310,38.7,151,18.9,159,19.9,468,58.4,85,10.6,224,28.0,121,15.1,57,7.1,46,5.7,82,10.2,55,6.9,22,2.7,5,0.6,71,8.9,39,4.9,32,4.0,6,0.7,6,0.7,23,2.9,8,1.0,15,1.9
E01026368,West Lindsey 001B,840,222,26.4,110,13.1,112,13.3,587,69.9,110,13.1,272,32.4,116,13.8,119,14.2,37,4.4,102,12.1,50,6.0,49,5.8,3,0.4,100,11.9,73,8.7,27,3.2,3,0.4,3,0.4,31,3.7,19,2.3,12,1.4
E01026369,West Lindsey 011B,593,186,31.4,116,19.6,70,11.8,392,66.1,88,14.8,162,27.3,62,10.5,70,11.8,30,5.1,76,12.8,38,6.4,34,5.7,4,0.7,65,11.0,38,6.4,27,4.6,1,0.2,1,0.2,15,2.5,9,1.5,6,1.0
E01026370,West Lindsey 011C,1154,320,27.7,167,14.5,153,13.3,791,68.5,185,16.0,376,32.6,159,13.8,162,14.0,55,4.8,137,11.9,90,7.8,45,3.9,2,0.2,92,8.0,52,4.5,40,3.5,1,0.1,1,0.1,43,3.7,13,1.1,30,2.6
E01026371,West Lindsey 011D,528,134,25.4,91,17.2,43,8.1,370,70.1,103,19.5,185,35.0,70,13.3,85,16.1,30,5.7,56,10.6,26,4.9,25,4.7,5,0.9,25,4.7,15,2.8,10,1.9,1,0.2,1,0.2,24,4.5,12,2.3,12,2.3
E01026372,West Lindsey 008A,1082,278,25.7,156,14.4,122,11.3,771,71.3,163,15.1,408,37.7,165,15.2,165,15.2,78,7.2,99,9.1,45,4.2,46,4.3,8,0.7,100,9.2,65,6.0,35,3.2,1,0.1,1,0.1,33,3.0,14,1.3,19,1.8
E01026373,West Lindsey 011E,941,251,26.7,139,14.8,112,11.9,645,68.5,141,15.0,334,35.5,138,14.7,136,14.5,60,6.4,109,11.6,70,7.4,33,3.5,6,0.6,59,6.3,37,3.9,22,2.3,2,0.2,2,0.2,45,4.8,19,2.0,26,2.8
E01026374,West Lindsey 006A,617,198,32.1,70,11.3,128,20.7,399,64.7,32,5.2,105,17.0,34,5.5,48,7.8,23,3.7,120,19.4,26,4.2,88,14.3,6,1.0,137,22.2,111,18.0,26,4.2,5,0.8,5,0.8,20,3.2,11,1.8,9,1.5
E01026375,West Lindsey 006B,846,245,29.0,114,13.5,131,15.5,559,66.1,59,7.0,213,25.2,96,11.3,81,9.6,36,4.3,129,15.2,57,6.7,66,7.8,6,0.7,153,18.1,111,13.1,42,5.0,5,0.6,5,0.6,42,5.0,26,3.1,16,1.9
E01026376,West Lindsey 006C,765,273,35.7,161,21.0,112,14.6,470,61.4,86,11.2,178,23.3,79,10.3,65,8.5,34,4.4,78,10.2,35,4.6,35,4.6,8,1.0,122,15.9,79,10.3,43,5.6,6,0.8,6,0.8,22,2.9,12,1.6,10,1.3
E01026377,West Lindsey 006D,918,241,26.3,110,12.0,131,14.3,649,70.7,71,7.7,289,31.5,124,13.5,113,12.3,52,5.7,139,15.1,57,6.2,71,7.7,11,1.2,144,15.7,106,11.5,38,4.1,6,0.7,6,0.7,28,3.1,13,1.4,15,1.6
E01026378,West Lindsey 004A,738,232,31.4,70,9.5,162,22.0,475,64.4,49,6.6,169,22.9,69,9.3,63,8.5,37,5.0,112,15.2,39,5.3,60,8.1,13,1.8,141,19.1,85,11.5,56,7.6,4,0.5,4,0.5,31,4.2,17,2.3,14,1.9
E01026379,West Lindsey 004B,820,280,34.1,99,12.1,181,22.1,508,62.0,52,6.3,207,25.2,88,10.7,77,9.4,42,5.1,116,14.1,49,6.0,63,7.7,4,0.5,129,15.7,92,11.2,37,4.5,4,0.5,4,0.5,32,3.9,15,1.8,17,2.1
E01026380,West Lindsey 002A,1079,270,25.0,98,9.1,172,15.9,770,71.4,88,8.2,346,32.1,132,12.2,167,15.5,47,4.4,203,18.8,113,10.5,81,7.5,9,0.8,125,11.6,87,8.1,38,3.5,8,0.7,8,0.7,39,3.6,14,1.3,25,2.3
E01026381,West Lindsey 004C,876,381,43.5,149,17.0,232,26.5,462,52.7,77,8.8,166,18.9,82,9.4,58,6.6,26,3.0,104,11.9,49,5.6,49,5.6,6,0.7,111,12.7,79,9.0,32,3.7,4,0.5,4,0.5,33,3.8,12,1.4,21,2.4
E01026382,West Lindsey 004D,784,269,34.3,114,14.5,155,19.8,492,62.8,67,8.5,217,27.7,105,13.4,69,8.8,43,5.5,105,13.4,55,7.0,45,5.7,5,0.6,100,12.8,71,9.1,29,3.7,3,0.4,3,0.4,23,2.9,9,1.1,14,1.8
E01026383,West Lindsey 004E,736,409,55.6,64,8.7,345,46.9,275,37.4,17,2.3,82,11.1,38,5.2,28,3.8,16,2.2,90,12.2,55,7.5,27,3.7,8,1.1,79,10.7,61,8.3,18,2.4,7,1.0,7,1.0,52,7.1,15,2.0,37,5.0
E01026384,West Lindsey 004F,1102,551,50.0,179,16.2,372,33.8,504,45.7,58,5.3,168,15.2,77,7.0,61,5.5,30,2.7,132,12.0,62,5.6,64,5.8,6,0.5,139,12.6,100,9.1,39,3.5,7,0.6,7,0.6,47,4.3,17,1.5,30,2.7
E01026385,West Lindsey 005A,496,133,26.8,83,16.7,50,10.1,345,69.6,87,17.5,181,36.5,88,17.7,59,11.9,34,6.9,44,8.9,30,6.0,13,2.6,1,0.2,30,6.0,16,3.2,14,2.8,3,0.6,3,0.6,18,3.6,7,1.4,11,2.2
E01026386,West Lindsey 005B,535,148,27.7,49,9.2,99,18.5,359,67.1,50,9.3,179,33.5,82,15.3,64,12.0,33,6.2,68,12.7,35,6.5,28,5.2,5,0.9,58,10.8,35,6.5,23,4.3,4,0.7,4,0.7,28,5.2,11,2.1,17,3.2
E01026387,West Lindsey 001C,1142,252,22.1,127,11.1,125,10.9,832,72.9,169,14.8,482,42.2,239,20.9,171,15.0,72,6.3,118,10.3,69,6.0,40,3.5,9,0.8,60,5.3,35,3.1,25,2.2,3,0.3,3,0.3,58,5.1,29,2.5,29,2.5
E01026388,West Lindsey 007A,962,268,27.9,167,17.4,101,10.5,662,68.8,170,17.7,344,35.8,184,19.1,104,10.8,56,5.8,99,10.3,56,5.8,29,3.0,14,1.5,49,5.1,25,2.6,24,2.5,0,0.0,0,0.0,32,3.3,11,1.1,21,2.2
E01026389,West Lindsey 003A,906,419,46.2,143,15.8,276,30.5,458,50.6,78,8.6,171,18.9,79,8.7,63,7.0,29,3.2,104,11.5,60,6.6,40,4.4,4,0.4,100,11.0,66,7.3,34,3.8,5,0.6,5,0.6,29,3.2,12,1.3,17,1.9
E01026390,West Lindsey 003B,874,323,37.0,177,20.3,146,16.7,524,60.0,110,12.6,217,24.8,111,12.7,66,7.6,40,4.6,93,10.6,44,5.0,42,4.8,7,0.8,102,11.7,62,7.1,40,4.6,2,0.2,2,0.2,27,3.1,6,0.7,21,2.4
E01026391,West Lindsey 003C,898,239,26.6,157,17.5,82,9.1,632,70.4,158,17.6,328,36.5,159,17.7,117,13.0,52,5.8,92,10.2,53,5.9,35,3.9,4,0.4,54,6.0,31,3.5,23,2.6,0,0.0,0,0.0,27,3.0,13,1.4,14,1.6
E01026392,West Lindsey 003D,1336,377,28.2,246,18.4,131,9.8,907,67.9,209,15.6,484,36.2,210,15.7,190,14.2,84,6.3,144,10.8,76,5.7,61,4.6,7,0.5,70,5.2,39,2.9,31,2.3,0,0.0,0,0.0,52,3.9,21,1.6,31,2.3
E01026393,West Lindsey 010A,689,176,25.5,137,19.9,39,5.7,498,72.3,149,21.6,249,36.1,102,14.8,96,13.9,51,7.4,60,8.7,31,4.5,22,3.2,7,1.0,38,5.5,19,2.8,19,2.8,2,0.3,2,0.3,15,2.2,7,1.0,8,1.2
E01026394,West Lindsey 010B,992,245,24.7,116,11.7,129,13.0,709,71.5,105,10.6,351,35.4,138,13.9,164,16.5,49,4.9,177,17.8,104,10.5,66,6.7,7,0.7,74,7.5,53,5.3,21,2.1,2,0.2,2,0.2,38,3.8,19,1.9,19,1.9
E01026395,West Lindsey 010C,749,264,35.2,190,25.4,74,9.9,469,62.6,166,22.2,202,27.0,87,11.6,84,11.2,31,4.1,63,8.4,38,5.1,23,3.1,2,0.3,36,4.8,23,3.1,13,1.7,2,0.3,2,0.3,16,2.1,5,0.7,11,1.5
E01026396,West Lindsey 009A,639,207,32.4,141,22.1,66,10.3,415,64.9,131,20.5,191,29.9,87,13.6,58,9.1,46,7.2,57,8.9,36,5.6,18,2.8,3,0.5,34,5.3,16,2.5,18,2.8,2,0.3,2,0.3,17,2.7,4,0.6,13,2.0
E01026398,West Lindsey 009C,785,290,36.9,171,21.8,119,15.2,473,60.3,111,14.1,208,26.5,105,13.4,70,8.9,33,4.2,72,9.2,47,6.0,22,2.8,3,0.4,80,10.2,56,7.1,24,3.1,2,0.3,2,0.3,22,2.8,3,0.4,19,2.4
E01026399,West Lindsey 005C,654,164,25.1,80,12.2,84,12.8,467,71.4,97,14.8,247,37.8,115,17.6,91,13.9,41,6.3,77,11.8,45,6.9,31,4.7,1,0.2,44,6.7,28,4.3,16,2.4,2,0.3,2,0.3,23,3.5,11,1.7,12,1.8
E01026400,West Lindsey 009D,608,130,21.4,28,4.6,102,16.8,455,74.8,44,7.2,272,44.7,94,15.5,146,24.0,32,5.3,89,14.6,58,9.5,29,4.8,2,0.3,48,7.9,36,5.9,12,2.0,2,0.3,2,0.3,23,3.8,12,2.0,11,1.8
E01026401,West Lindsey 002B,654,132,20.2,81,12.4,51,7.8,499,76.3,115,17.6,287,43.9,126,19.3,106,16.2,55,8.4,60,9.2,29,4.4,25,3.8,6,0.9,36,5.5,23,3.5,13,2.0,1,0.2,1,0.2,23,3.5,11,1.7,12,1.8
E01026402,West Lindsey 002C,851,268,31.5,149,17.5,119,14.0,552,64.9,134,15.7,277,32.5,121,14.2,117,13.7,39,4.6,84,9.9,43,5.1,35,4.1,6,0.7,56,6.6,34,4.0,22,2.6,1,0.1,1,0.1,31,3.6,17,2.0,14,1.6
E01026403,West Lindsey 002D,557,124,22.3,70,12.6,54,9.7,404,72.5,86,15.4,217,39.0,102,18.3,81,14.5,34,6.1,72,12.9,36,6.5,26,4.7,10,1.8,27,4.8,14,2.5,13,2.3,2,0.4,2,0.4,29,5.2,15,2.7,14,2.5
E01026404,West Lindsey 007B,1054,298,28.3,159,15.1,139,13.2,708,67.2,156,14.8,357,33.9,169,16.0,135,12.8,53,5.0,115,10.9,77,7.3,33,3.1,5,0.5,77,7.3,51,4.8,26,2.5,3,0.3,3,0.3,48,4.6,24,2.3,24,2.3
E01026405,West Lindsey 010D,604,125,20.7,63,10.4,62,10.3,461,76.3,94,15.6,250,41.4,83,13.7,125,20.7,42,7.0,70,11.6,43,7.1,25,4.1,2,0.3,47,7.8,35,5.8,12,2.0,0,0.0,0,0.0,18,3.0,10,1.7,8,1.3
E01026406,West Lindsey 010E,518,123,23.7,79,15.3,44,8.5,382,73.7,103,19.9,210,40.5,83,16.0,92,17.8,35,6.8,41,7.9,19,3.7,18,3.5,4,0.8,27,5.2,9,1.7,18,3.5,1,0.2,1,0.2,13,2.5,7,1.4,6,1.2
E01026407,West Lindsey 002E,594,168,28.3,86,14.5,82,13.8,386,65.0,65,10.9,188,31.6,97,16.3,52,8.8,39,6.6,78,13.1,39,6.6,29,4.9,10,1.7,52,8.8,31,5.2,21,3.5,3,0.5,3,0.5,40,6.7,19,3.2,21,3.5
E01026408,West Lindsey 002F,600,173,28.8,99,16.5,74,12.3,410,68.3,104,17.3,200,33.3,96,16.0,68,11.3,36,6.0,66,11.0,34,5.7,28,4.7,4,0.7,36,6.0,20,3.3,16,2.7,4,0.7,4,0.7,17,2.8,8,1.3,9,1.5
E01026409,West Lindsey 007C,564,140,24.8,69,12.2,71,12.6,405,71.8,92,16.3,212,37.6,119,21.1,62,11.0,31,5.5,74,13.1,46,8.2,23,4.1,5,0.9,26,4.6,22,3.9,4,0.7,1,0.2,1,0.2,19,3.4,7,1.2,12,2.1
E01026410,West Lindsey 007D,784,220,28.1,147,18.8,73,9.3,538,68.6,242,30.9,212,27.0,127,16.2,50,6.4,35,4.5,45,5.7,31,4.0,10,1.3,4,0.5,39,5.0,15,1.9,24,3.1,0,0.0,0,0.0,26,3.3,14,1.8,12,1.5
E01026411,West Lindsey 005D,1101,293,26.6,145,13.2,148,13.4,761,69.1,162,14.7,412,37.4,215,19.5,126,11.4,71,6.4,117,10.6,61,5.5,48,4.4,8,0.7,67,6.1,35,3.2,32,2.9,3,0.3,3,0.3,47,4.3,18,1.6,29,2.6
E01026412,West Lindsey 008B,847,255,30.1,147,17.4,108,12.8,570,67.3,102,12.0,290,34.2,100,11.8,146,17.2,44,5.2,91,10.7,43,5.1,45,5.3,3,0.4,87,10.3,61,7.2,26,3.1,0,0.0,0,0.0,22,2.6,11,1.3,11,1.3
E01026413,West Lindsey 008C,893,222,24.9,124,13.9,98,11.0,643,72.0,137,15.3,355,39.8,124,13.9,174,19.5,57,6.4,84,9.4,36,4.0,41,4.6,7,0.8,66,7.4,47,5.3,19,2.1,1,0.1,1,0.1,28,3.1,15,1.7,13,1.5
E01026414,West Lindsey 008D,811,197,24.3,101,12.5,96,11.8,579,71.4,111,13.7,298,36.7,115,14.2,131,16.2,52,6.4,98,12.1,54,6.7,40,4.9,4,0.5,69,8.5,45,5.5,24,3.0,3,0.4,3,0.4,35,4.3,14,1.7,21,2.6
E01026415,West Lindsey 003E,493,156,31.6,64,13.0,92,18.7,314,63.7,63,12.8,142,28.8,78,15.8,47,9.5,17,3.4,70,14.2,31,6.3,33,6.7,6,1.2,38,7.7,30,6.1,8,1.6,1,0.2,1,0.2,23,4.7,10,2.0,13,2.6
E01026416,West Lindsey 001D,572,159,27.8,85,14.9,74,12.9,388,67.8,85,14.9,204,35.7,101,17.7,75,13.1,28,4.9,55,9.6,33,5.8,21,3.7,1,0.2,41,7.2,22,3.8,19,3.3,3,0.5,3,0.5,25,4.4,9,1.6,16,2.8
E01032683,West Lindsey 001G,1030,336,32.6,180,17.5,156,15.1,662,64.3,157,15.2,341,33.1,158,15.3,133,12.9,50,4.9,104,10.1,62,6.0,42,4.1,0,0.0,58,5.6,38,3.7,20,1.9,2,0.2,2,0.2,32,3.1,12,1.2,20,1.9
E01032986,East Lindsey 004D,597,277,46.4,103,17.3,174,29.1,301,50.4,58,9.7,113,18.9,72,12.1,32,5.4,9,1.5,66,11.1,45,7.5,17,2.8,4,0.7,62,10.4,37,6.2,25,4.2,2,0.3,2,0.3,19,3.2,6,1.0,13,2.2
E01032987,East Lindsey 004E,706,286,40.5,134,19.0,152,21.5,396,56.1,52,7.4,146,20.7,63,8.9,64,9.1,19,2.7,94,13.3,54,7.6,36,5.1,4,0.6,103,14.6,85,12.0,18,2.5,1,0.1,1,0.1,24,3.4,6,0.8,18,2.5
E01032988,North Kesteven 013B,798,212,26.6,82,10.3,130,16.3,557,69.8,47,5.9,255,32.0,95,11.9,126,15.8,34,4.3,139,17.4,78,9.8,53,6.6,8,1.0,113,14.2,71,8.9,42,5.3,3,0.4,3,0.4,29,3.6,9,1.1,20,2.5
E01032989,North Kesteven 013C,812,171,21.1,14,1.7,157,19.3,612,75.4,19,2.3,315,38.8,86,10.6,197,24.3,32,3.9,167,20.6,106,13.1,59,7.3,2,0.2,109,13.4,92,11.3,17,2.1,2,0.2,2,0.2,29,3.6,12,1.5,17,2.1
E01032991,North Kesteven 014E,935,244,26.1,107,11.4,137,14.7,641,68.6,87,9.3,311,33.3,104,11.1,172,18.4,35,3.7,151,16.1,81,8.7,63,6.7,7,0.7,88,9.4,59,6.3,29,3.1,4,0.4,4,0.4,50,5.3,18,1.9,32,3.4
E01032992,North Kesteven 014F,687,239,34.8,133,19.4,106,15.4,427,62.2,85,12.4,207,30.1,84,12.2,79,11.5,44,6.4,78,11.4,45,6.6,28,4.1,5,0.7,54,7.9,41,6.0,13,1.9,3,0.4,3,0.4,21,3.1,4,0.6,17,2.5
E01032993,North Kesteven 013D,1050,253,24.1,118,11.2,135,12.9,764,72.8,122,11.6,432,41.1,153,14.6,221,21.0,58,5.5,130,12.4,67,6.4,59,5.6,4,0.4,79,7.5,54,5.1,25,2.4,1,0.1,1,0.1,33,3.1,11,1.0,22,2.1
E01032994,North Kesteven 003H,668,168,25.1,74,11.1,94,14.1,477,71.4,79,11.8,221,33.1,100,15.0,82,12.3,39,5.8,97,14.5,65,9.7,27,4.0,5,0.7,79,11.8,59,8.8,20,3.0,1,0.1,1,0.1,23,3.4,10,1.5,13,1.9
E01032995,South Holland 006F,726,318,43.8,135,18.6,183,25.2,319,43.9,50,6.9,99,13.6,44,6.1,45,6.2,10,1.4,96,13.2,54,7.4,40,5.5,2,0.3,67,9.2,45,6.2,22,3.0,7,1.0,7,1.0,89,12.3,23,3.2,66,9.1
E01032996,South Holland 006G,570,129,22.6,74,13.0,55,9.6,396,69.5,90,15.8,196,34.4,82,14.4,79,13.9,35,6.1,59,10.4,26,4.6,25,4.4,8,1.4,45,7.9,26,4.6,19,3.3,6,1.1,6,1.1,45,7.9,19,3.3,26,4.6
E01032997,South Kesteven 011E,492,111,22.6,33,6.7,78,15.9,359,73.0,33,6.7,172,35.0,55,11.2,97,19.7,20,4.1,75,15.2,41,8.3,33,6.7,1,0.2,78,15.9,64,13.0,14,2.8,1,0.2,1,0.2,22,4.5,9,1.8,13,2.6
E01032998,South Kesteven 011F,739,187,25.3,31,4.2,156,21.1,529,71.6,30,4.1,281,38.0,75,10.1,179,24.2,27,3.7,119,16.1,65,8.8,50,6.8,4,0.5,93,12.6,70,9.5,23,3.1,6,0.8,6,0.8,23,3.1,11,1.5,12,1.6
E01032999,South Kesteven 011G,569,163,28.6,97,17.0,66,11.6,380,66.8,94,16.5,169,29.7,65,11.4,72,12.7,32,5.6,63,11.1,33,5.8,27,4.7,3,0.5,50,8.8,30,5.3,20,3.5,4,0.7,4,0.7,26,4.6,8,1.4,18,3.2
E01034679,Boston 002F,554,127,22.9,39,7.0,88,15.9,341,61.6,40,7.2,144,26.0,62,11.2,55,9.9,27,4.9,85,15.3,39,7.0,42,7.6,4,0.7,67,12.1,47,8.5,20,3.6,5,0.9,5,0.9,86,15.5,44,7.9,42,7.6
E01034680,Boston 002G,565,120,21.2,51,9.0,69,12.2,357,63.2,17,3.0,138,24.4,36,6.4,77,13.6,25,4.4,94,16.6,38,6.7,50,8.8,6,1.1,100,17.7,65,11.5,35,6.2,8,1.4,8,1.4,88,15.6,48,8.5,40,7.1
E01034681,Boston 003E,600,212,35.3,37,6.2,175,29.2,307,51.2,10,1.7,108,18.0,41,6.8,52,8.7,15,2.5,100,16.7,50,8.3,49,8.2,1,0.2,80,13.3,57,9.5,23,3.8,9,1.5,9,1.5,81,13.5,33,5.5,48,8.0
E01034682,Boston 003F,657,195,29.7,37,5.6,158,24.0,341,51.9,16,2.4,105,16.0,46,7.0,44,6.7,15,2.3,130,19.8,61,9.3,62,9.4,7,1.1,71,10.8,54,8.2,17,2.6,19,2.9,19,2.9,121,18.4,54,8.2,67,10.2
E01034683,Boston 009E,573,110,19.2,54,9.4,56,9.8,420,73.3,68,11.9,201,35.1,70,12.2,96,16.8,35,6.1,84,14.7,38,6.6,42,7.3,4,0.7,64,11.2,41,7.2,23,4.0,3,0.5,3,0.5,43,7.5,11,1.9,32,5.6
E01034684,Boston 009F,563,112,19.9,43,7.6,69,12.3,411,73.0,31,5.5,199,35.3,63,11.2,107,19.0,29,5.2,112,19.9,52,9.2,52,9.2,8,1.4,65,11.5,50,8.9,15,2.7,4,0.7,4,0.7,40,7.1,26,4.6,14,2.5
E01034685,East Lindsey 012E,643,214,33.3,154,24.0,60,9.3,410,63.8,163,25.3,164,25.5,113,17.6,24,3.7,27,4.2,53,8.2,37,5.8,14,2.2,2,0.3,28,4.4,12,1.9,16,2.5,2,0.3,2,0.3,19,3.0,6,0.9,13,2.0
E01034686,East Lindsey 012F,747,209,28.0,93,12.4,116,15.5,498,66.7,69,9.2,179,24.0,87,11.6,61,8.2,31,4.1,155,20.7,75,10.0,79,10.6,1,0.1,90,12.0,70,9.4,20,2.7,5,0.7,5,0.7,40,5.4,22,2.9,18,2.4
E01034687,Lincoln 005E,462,138,29.9,31,6.7,107,23.2,169,36.6,13,2.8,74,16.0,28,6.1,33,7.1,13,2.8,60,13.0,54,11.7,6,1.3,0,0.0,15,3.2,10,2.2,5,1.1,7,1.5,7,1.5,155,33.5,2,0.4,153,33.1
E01034688,Lincoln 005F,434,191,44.0,27,6.2,164,37.8,150,34.6,17,3.9,54,12.4,32,7.4,18,4.1,4,0.9,54,12.4,50,11.5,3,0.7,1,0.2,17,3.9,10,2.3,7,1.6,8,1.8,8,1.8,93,21.4,6,1.4,87,20.0
E01034689,Lincoln 007E,520,142,27.3,38,7.3,104,20.0,353,67.9,30,5.8,127,24.4,54,10.4,62,11.9,11,2.1,114,21.9,67,12.9,41,7.9,6,1.2,82,15.8,61,11.7,21,4.0,0,0.0,0,0.0,25,4.8,10,1.9,15,2.9
E01034690,Lincoln 007F,694,211,30.4,96,13.8,115,16.6,445,64.1,69,9.9,185,26.7,75,10.8,81,11.7,29,4.2,111,16.0,65,9.4,39,5.6,7,1.0,78,11.2,43,6.2,35,5.0,2,0.3,2,0.3,38,5.5,21,3.0,17,2.4
E01034691,Lincoln 008E,456,166,36.4,25,5.5,141,30.9,258,56.6,22,4.8,84,18.4,30,6.6,41,9.0,13,2.9,70,15.4,45,9.9,24,5.3,1,0.2,67,14.7,57,12.5,10,2.2,15,3.3,15,3.3,32,7.0,8,1.8,24,5.3
E01034692,Lincoln 008F,640,213,33.3,66,10.3,147,23.0,322,50.3,23,3.6,108,16.9,44,6.9,49,7.7,15,2.3,109,17.0,74,11.6,33,5.2,2,0.3,71,11.1,50,7.8,21,3.3,11,1.7,11,1.7,105,16.4,15,2.3,90,14.1
E01034693,North Kesteven 003I,677,119,17.6,17,2.5,102,15.1,538,79.5,27,4.0,294,43.4,81,12.0,191,28.2,22,3.2,155,22.9,82,12.1,68,10.0,5,0.7,57,8.4,50,7.4,7,1.0,5,0.7,5,0.7,20,3.0,10,1.5,10,1.5
E01034694,North Kesteven 003J,710,148,20.8,15,2.1,133,18.7,534,75.2,22,3.1,290,40.8,83,11.7,191,26.9,16,2.3,138,19.4,80,11.3,51,7.2,7,1.0,84,11.8,66,9.3,18,2.5,0,0.0,0,0.0,28,3.9,13,1.8,15,2.1
E01034695,North Kesteven 011F,747,162,21.7,28,3.7,134,17.9,537,71.9,28,3.7,336,45.0,99,13.3,213,28.5,24,3.2,113,15.1,56,7.5,50,6.7,7,0.9,54,7.2,42,5.6,12,1.6,6,0.8,6,0.8,48,6.4,23,3.1,25,3.3
E01034696,North Kesteven 011G,623,132,21.2,80,12.8,52,8.3,473,75.9,106,17.0,297,47.7,113,18.1,119,19.1,65,10.4,36,5.8,20,3.2,13,2.1,3,0.5,34,5.5,18,2.9,16,2.6,0,0.0,0,0.0,18,2.9,7,1.1,11,1.8
E01034697,South Holland 006H,650,165,25.4,76,11.7,89,13.7,440,67.7,57,8.8,210,32.3,74,11.4,106,16.3,30,4.6,98,15.1,46,7.1,49,7.5,3,0.5,66,10.2,50,7.7,16,2.5,9,1.4,9,1.4,45,6.9,22,3.4,23,3.5
E01034698,South Holland 006I,632,96,15.2,21,3.3,75,11.9,459,72.6,36,5.7,253,40.0,68,10.8,156,24.7,29,4.6,96,15.2,42,6.6,51,8.1,3,0.5,65,10.3,55,8.7,10,1.6,9,1.4,9,1.4,77,12.2,45,7.1,32,5.1
E01034699,South Holland 009F,548,128,23.4,43,7.8,85,15.5,348,63.5,36,6.6,154,28.1,57,10.4,83,15.1,14,2.6,80,14.6,32,5.8,44,8.0,4,0.7,74,13.5,54,9.9,20,3.6,4,0.7,4,0.7,72,13.1,33,6.0,39,7.1
E01034700,South Holland 009G,667,222,33.3,115,17.2,107,16.0,408,61.2,107,16.0,172,25.8,76,11.4,68,10.2,28,4.2,67,10.0,40,6.0,25,3.7,2,0.3,58,8.7,30,4.5,28,4.2,4,0.6,4,0.6,37,5.5,18,2.7,19,2.8
E01034701,South Kesteven 004F,602,111,18.4,25,4.2,86,14.3,474,78.7,18,3.0,223,37.0,66,11.0,145,24.1,12,2.0,158,26.2,86,14.3,70,11.6,2,0.3,72,12.0,60,10.0,12,2.0,3,0.5,3,0.5,17,2.8,6,1.0,11,1.8
E01034702,South Kesteven 004G,649,126,19.4,64,9.9,62,9.6,501,77.2,104,16.0,288,44.4,106,16.3,121,18.6,61,9.4,70,10.8,30,4.6,29,4.5,11,1.7,39,6.0,27,4.2,12,1.8,0,0.0,0,0.0,22,3.4,10,1.5,12,1.8
E01034703,South Kesteven 010E,571,168,29.4,113,19.8,55,9.6,384,67.3,117,20.5,188,32.9,81,14.2,70,12.3,37,6.5,40,7.0,18,3.2,19,3.3,3,0.5,36,6.3,13,2.3,23,4.0,3,0.5,3,0.5,19,3.3,7,1.2,12,2.1
E01034704,South Kesteven 010F,552,123,22.3,16,2.9,107,19.4,395,71.6,19,3.4,185,33.5,51,9.2,125,22.6,9,1.6,124,22.5,67,12.1,56,10.1,1,0.2,62,11.2,53,9.6,9,1.6,5,0.9,5,0.9,34,6.2,16,2.9,18,3.3
E01034705,South Kesteven 010G,550,105,19.1,32,5.8,73,13.3,421,76.5,29,5.3,193,35.1,51,9.3,135,24.5,7,1.3,130,23.6,80,14.5,48,8.7,2,0.4,64,11.6,51,9.3,13,2.4,5,0.9,5,0.9,24,4.4,12,2.2,12,2.2
E01034706,West Lindsey 009E,648,128,19.8,47,7.3,81,12.5,508,78.4,75,11.6,260,40.1,91,14.0,128,19.8,41,6.3,105,16.2,58,9.0,42,6.5,5,0.8,67,10.3,45,6.9,22,3.4,1,0.2,1,0.2,12,1.9,2,0.3,10,1.5
E01034707,West Lindsey 009F,612,199,32.5,80,13.1,119,19.4,395,64.5,95,15.5,210,34.3,133,21.7,46,7.5,31,5.1,64,10.5,55,9.0,9,1.5,0,0.0,24,3.9,16,2.6,8,1.3,2,0.3,2,0.3,18,2.9,2,0.3,16,2.6
