LSOA_CODE,LSOA_NAME,LAD_CODE,LAD_NAME,ONS_Pop_Total_2024,ONS_Pop_0to17,ONS_Pop_18to64,ONS_Pop_65plus,ONS_Pop_18plus,Pct_18plus,Pct_65plus,Pct_0to17,Pct_18to64,GP_Registered_Patients,GP_Registration_Rate_Pct,Registration_Gap_Est,List_Inflation_Est
E01026178,Lincoln 006D,E07000138,Lincoln,2201,337,1632,232,1864,84.68877782825989,10.540663334847796,15.311222171740118,74.14811449341208,2130,96.7741935483871,71,0
E01026177,Lincoln 006C,E07000138,Lincoln,2539,467,1948,124,2072,81.60693186293817,4.8838125246159905,18.393068137061835,76.72311933832218,2753,108.42851516345019,0,214
E01026176,Lincoln 006B,E07000138,Lincoln,2157,312,1736,109,1845,85.53546592489569,5.053314789058878,14.464534075104313,80.48215113583682,2544,117.94158553546592,0,387
E01026175,Lincoln 010E,E07000138,Lincoln,1952,407,1341,204,1545,79.14959016393442,10.450819672131148,20.850409836065573,68.69877049180327,1975,101.17827868852459,0,23
E01026166,Lincoln 001C,E07000138,Lincoln,1461,371,912,178,1090,74.60643394934976,12.183436002737851,25.39356605065024,62.422997946611915,1508,103.21697467488022,0,47
E01026165,Lincoln 002D,E07000138,Lincoln,1806,408,1094,304,1398,77.40863787375415,16.832779623477297,22.591362126245848,60.57585825027686,1870,103.54374307862679,0,64
E01026164,Lincoln 003F,E07000138,Lincoln,1599,267,938,394,1332,83.30206378986867,24.640400250156347,16.69793621013133,58.661663539712315,1440,90.0562851782364,159,0
E01026163,Lincoln 009F,E07000138,Lincoln,1341,224,800,317,1117,83.29604772557792,23.639075316927666,16.703952274422072,59.65697240865027,1336,99.62714392244594,5,0
E01026170,Lincoln 010B,E07000138,Lincoln,1604,405,931,268,1199,74.75062344139651,16.708229426433917,25.249376558603494,58.042394014962596,1703,106.17206982543641,0,99
E01026169,Lincoln 011G,E07000138,Lincoln,1764,271,940,553,1493,84.63718820861678,31.349206349206348,15.362811791383221,53.28798185941043,1804,102.26757369614512,0,40
E01026168,Lincoln 001D,E07000138,Lincoln,1742,503,1066,173,1239,71.12514351320321,9.931113662456946,28.874856486796784,61.19402985074627,1744,100.11481056257176,0,2
E01026167,Lincoln 003G,E07000138,Lincoln,1896,277,1121,498,1619,85.3902953586498,26.265822784810126,14.609704641350211,59.12447257383966,1703,89.82067510548524,193,0
E01026225,North Kesteven 003E,E07000139,North Kesteven,1761,372,1099,290,1389,78.87563884156728,16.467915956842702,21.12436115843271,62.40772288472459,1829,103.86144236229416,0,68
E01026224,North Kesteven 007D,E07000139,North Kesteven,1842,409,998,435,1433,77.79587404994571,23.615635179153095,22.204125950054287,54.18023887079262,1742,94.57111834961998,100,0
E01026223,North Kesteven 008D,E07000139,North Kesteven,2080,289,1204,587,1791,86.10576923076924,28.221153846153847,13.89423076923077,57.88461538461539,2203,105.91346153846153,0,123
E01026222,North Kesteven 009C,E07000139,North Kesteven,1804,224,920,660,1580,87.58314855875831,36.58536585365854,12.416851441241686,50.99778270509978,1805,100.05543237250554,0,1
E01026229,North Kesteven 011B,E07000139,North Kesteven,1897,460,1113,324,1437,75.7511860832894,17.079599367422247,24.248813916710596,58.671586715867164,1850,97.52240379546653,47,0
E01026228,North Kesteven 011A,E07000139,North Kesteven,1730,393,1134,203,1337,77.28323699421965,11.734104046242773,22.716763005780347,65.54913294797687,1769,102.2543352601156,0,39
E01026227,North Kesteven 010A,E07000139,North Kesteven,1610,304,1036,270,1306,81.11801242236025,16.77018633540373,18.88198757763975,64.34782608695652,1493,92.73291925465838,117,0
E01026226,North Kesteven 003F,E07000139,North Kesteven,1848,212,888,748,1636,88.52813852813853,40.476190476190474,11.471861471861471,48.05194805194805,1840,99.56709956709958,8,0
E01026215,North Kesteven 014B,E07000139,North Kesteven,1026,174,514,338,852,83.04093567251462,32.94346978557505,16.95906432748538,50.097465886939574,1086,105.84795321637428,0,60
E01026214,North Kesteven 014A,E07000139,North Kesteven,1095,194,619,282,901,82.28310502283105,25.753424657534246,17.716894977168952,56.529680365296805,1073,97.99086757990868,22,0
E01026213,North Kesteven 005E,E07000139,North Kesteven,1679,319,846,514,1360,81.00059559261466,30.613460393091124,18.99940440738535,50.38713519952353,1660,98.868374032162,19,0
E01034706,West Lindsey 009E,E07000142,West Lindsey,2044,473,1206,365,1571,76.85909980430529,17.857142857142858,23.140900195694716,59.00195694716243,2238,109.49119373776908,0,194
E01026212,North Kesteven 005D,E07000139,North Kesteven,1594,254,951,389,1340,84.06524466750314,24.40401505646173,15.934755332496863,59.6612296110414,1627,102.0702634880803,0,33
E01034705,South Kesteven 010G,E07000141,South Kesteven,1676,485,1041,150,1191,71.06205250596659,8.949880668257757,28.937947494033413,62.11217183770883,1696,101.19331742243436,0,20
E01026221,North Kesteven 009B,E07000139,North Kesteven,2489,355,1407,727,2134,85.73724387304138,29.208517476898354,14.262756126958617,56.52872639614303,2524,101.40618722378466,0,35
E01034704,South Kesteven 010F,E07000141,South Kesteven,2407,737,1573,97,1670,69.38097216452014,4.029912754466141,30.61902783547985,65.351059410054,2483,103.15745741587037,0,76
E01026220,North Kesteven 013A,E07000139,North Kesteven,2225,278,1120,827,1947,87.50561797752809,37.1685393258427,12.49438202247191,50.337078651685395,2338,105.07865168539325,0,113
E01034703,South Kesteven 010E,E07000141,South Kesteven,1429,281,681,467,1148,80.33589923023094,32.68019594121763,19.664100769769068,47.655703289013296,2116,148.07557732680198,0,687
E01026219,North Kesteven 014D,E07000139,North Kesteven,1146,215,630,301,931,81.239092495637,26.2652705061082,18.760907504363004,54.973821989528794,1163,101.48342059336824,0,17
E01026218,North Kesteven 014C,E07000139,North Kesteven,1171,138,570,463,1033,88.21520068317677,39.53885567890691,11.784799316823227,48.676345004269855,1076,91.8872758326217,95,0
E01026207,North Kesteven 012D,E07000139,North Kesteven,1255,185,683,387,1070,85.2589641434263,30.83665338645418,14.741035856573706,54.42231075697212,1321,105.2589641434263,0,66
E01026206,North Kesteven 001F,E07000139,North Kesteven,1832,298,1116,418,1534,83.73362445414847,22.816593886462883,16.266375545851528,60.91703056768559,1796,98.0349344978166,36,0
E01034707,West Lindsey 009F,E07000142,West Lindsey,1324,127,763,434,1197,90.40785498489427,32.779456193353475,9.592145015105741,57.62839879154078,1306,98.64048338368579,18,0
E01026205,North Kesteven 005B,E07000139,North Kesteven,1698,322,900,476,1376,81.03651354534746,28.032979976442874,18.963486454652532,53.003533568904594,1702,100.23557126030624,0,4
E01026204,North Kesteven 001E,E07000139,North Kesteven,1575,227,740,608,1348,85.5873015873016,38.60317460317461,14.412698412698413,46.98412698412698,1572,99.80952380952381,3,0
E01026211,North Kesteven 005C,E07000139,North Kesteven,2016,440,1075,501,1576,78.17460317460318,24.851190476190478,21.825396825396826,53.323412698412696,2139,106.10119047619047,0,123
E01026210,North Kesteven 007C,E07000139,North Kesteven,2493,418,1410,665,2075,83.23305254713198,26.674689129562772,16.76694745286803,56.55836341756919,2485,99.67910148415564,8,0
E01026209,North Kesteven 009A,E07000139,North Kesteven,2073,212,1048,813,1861,89.77327544621322,39.218523878437054,10.226724553786783,50.554751567776165,2037,98.26338639652677,36,0
E01026208,North Kesteven 012E,E07000139,North Kesteven,1628,254,883,491,1374,84.3980343980344,30.159705159705158,15.601965601965603,54.23832923832924,1522,93.48894348894349,106,0
E01026199,North Kesteven 003D,E07000139,North Kesteven,2715,481,1517,717,2234,82.28360957642725,26.40883977900553,17.716390423572744,55.87476979742173,1638,60.331491712707184,1077,0
E01026198,North Kesteven 008C,E07000139,North Kesteven,1822,505,1262,55,1317,72.28320526893523,3.0186608122941823,27.716794731064766,69.26454445664105,559,30.680570801317238,1263,0
E01026197,North Kesteven 008B,E07000139,North Kesteven,1468,205,907,356,1263,86.03542234332426,24.250681198910083,13.96457765667575,61.78474114441417,1386,94.4141689373297,82,0
E01026196,North Kesteven 006D,E07000139,North Kesteven,1480,201,768,511,1279,86.41891891891892,34.52702702702703,13.58108108108108,51.891891891891895,1539,103.9864864864865,0,59
E01026203,North Kesteven 001D,E07000139,North Kesteven,2274,423,1182,669,1851,81.39841688654353,29.419525065963057,18.601583113456467,51.97889182058047,2470,108.61917326297275,0,196
E01026202,North Kesteven 012C,E07000139,North Kesteven,2012,315,963,734,1697,84.34393638170974,36.48111332007952,15.656063618290258,47.862823061630216,2039,101.34194831013916,0,27
E01026201,North Kesteven 012B,E07000139,North Kesteven,2118,342,1083,693,1776,83.85269121813032,32.71954674220963,16.147308781869686,51.13314447592068,2051,96.83663833805477,67,0
E01026200,North Kesteven 012A,E07000139,North Kesteven,1833,256,1034,543,1577,86.03382433169668,29.623567921440262,13.966175668303327,56.41025641025641,1689,92.14402618657938,144,0
E01026258,South Holland 005B,E07000140,South Holland,2658,565,1419,674,2093,78.74341610233259,25.357411587659897,21.25658389766742,53.38600451467269,2826,106.32054176072234,0,168
E01026257,South Holland 002C,E07000140,South Holland,2259,448,1076,735,1811,80.16821602478973,32.536520584329345,19.83178397521027,47.63169544046038,2277,100.79681274900398,0,18
E01026256,South Holland 008C,E07000140,South Holland,1634,294,850,490,1340,82.00734394124846,29.98776009791922,17.99265605875153,52.01958384332925,1713,104.83476132190943,0,79
E01026255,South Holland 008B,E07000140,South Holland,2070,367,1057,646,1703,82.27053140096618,31.207729468599034,17.729468599033815,51.06280193236715,2074,100.19323671497584,0,4
E01026263,South Holland 009B,E07000140,South Holland,2626,597,1567,462,2029,77.26580350342726,17.593297791317593,22.734196496572736,59.67250571210967,2785,106.05483625285605,0,159
E01026262,South Holland 009A,E07000140,South Holland,1466,230,818,418,1236,84.31105047748977,28.512960436562075,15.688949522510232,55.7980900409277,1645,112.21009549795362,0,179
E01026260,South Holland 005D,E07000140,South Holland,2030,434,1114,482,1596,78.62068965517241,23.74384236453202,21.379310344827587,54.8768472906404,2042,100.5911330049261,0,12
E01026259,South Holland 005C,E07000140,South Holland,1742,293,1028,421,1449,83.18025258323766,24.167623421354765,16.819747416762343,59.01262916188289,1768,101.49253731343283,0,26
E01026250,South Holland 003A,E07000140,South Holland,2203,489,1305,409,1714,77.80299591466182,18.565592374035404,22.197004085338175,59.237403540626424,2255,102.3604176123468,0,52
E01026249,South Holland 010B,E07000140,South Holland,2332,373,1289,670,1959,84.00514579759863,28.730703259005146,15.994854202401374,55.27444253859348,2241,96.09777015437393,91,0
E01026248,South Holland 002B,E07000140,South Holland,2393,394,1396,603,1999,83.53531132469703,25.198495612202255,16.464688675302966,58.33681571249477,2393,100.0,0,0
E01026247,South Holland 001D,E07000140,South Holland,2005,298,1034,673,1707,85.13715710723191,33.566084788029926,14.86284289276808,51.571072319201996,2060,102.7431421446384,0,55
E01026254,South Holland 008A,E07000140,South Holland,1818,285,908,625,1533,84.32343234323433,34.378437843784376,15.676567656765677,49.94499449944995,1646,90.53905390539055,172,0
E01026253,South Holland 003D,E07000140,South Holland,2053,413,1171,469,1640,79.88309790550414,22.844617632732586,20.11690209449586,57.03848027277155,2137,104.0915733073551,0,84
E01026252,South Holland 003C,E07000140,South Holland,1846,302,963,581,1544,83.64030335861322,31.473456121343446,16.35969664138678,52.16684723726978,2054,111.26760563380283,0,208
E01026251,South Holland 003B,E07000140,South Holland,1947,347,1021,579,1600,82.17770929635336,29.738058551617875,17.822290703646637,52.43965074473549,2169,111.40215716486904,0,222
E01026242,South Holland 001A,E07000140,South Holland,1973,412,1052,509,1561,79.11809427268119,25.798276735935122,20.881905727318802,53.31981753674607,2107,106.79168778509884,0,134
E01026241,South Holland 005A,E07000140,South Holland,2059,452,1259,348,1607,78.04759592034969,16.901408450704224,21.952404079650314,61.14618746964546,2107,102.33122875182129,0,48
E01026240,South Holland 011B,E07000140,South Holland,3492,812,1992,688,2680,76.74684994272624,19.702176403207332,23.253150057273768,57.0446735395189,3385,96.93585337915235,107,0
E01026239,South Holland 011A,E07000140,South Holland,2138,427,1285,426,1711,80.02806361085126,19.92516370439663,19.971936389148738,60.10289990645463,2094,97.94200187090739,44,0
E01026246,South Holland 002A,E07000140,South Holland,2324,433,1206,685,1891,81.36833046471601,29.475043029259894,18.631669535283994,51.893287435456116,2314,99.5697074010327,10,0
E01026245,South Holland 010A,E07000140,South Holland,2630,418,1422,790,2212,84.10646387832699,30.038022813688215,15.893536121673005,54.06844106463878,2721,103.46007604562737,0,91
E01026244,South Holland 001C,E07000140,South Holland,1397,256,736,405,1141,81.67501789549033,28.99069434502505,18.32498210450966,52.68432355046529,1506,107.80243378668575,0,109
E01026243,South Holland 001B,E07000140,South Holland,1404,344,722,338,1060,75.49857549857549,24.074074074074073,24.501424501424502,51.42450142450142,1545,110.04273504273505,0,141
E01026233,North Kesteven 011C,E07000139,North Kesteven,1663,314,949,400,1349,81.11846061334937,24.052916416115455,18.88153938665063,57.06554419723392,1727,103.84846662657847,0,64
E01026232,North Kesteven 010D,E07000139,North Kesteven,2164,369,1150,645,1795,82.94824399260628,29.805914972273566,17.051756007393713,53.14232902033271,2296,106.09981515711647,0,132
E01026231,North Kesteven 010C,E07000139,North Kesteven,3294,672,2018,604,2622,79.59927140255009,18.336369156041286,20.40072859744991,61.2629022465088,3654,110.92896174863387,0,360
E01026230,North Kesteven 010B,E07000139,North Kesteven,2103,591,1237,275,1512,71.89728958630528,13.076557299096528,28.10271041369472,58.820732287208756,2238,106.41940085592012,0,135
E01026238,North Kesteven 004F,E07000139,North Kesteven,1631,388,971,272,1243,76.21091354996933,16.676885346413243,23.789086450030656,59.5340282035561,1612,98.83507050889025,19,0
E01026237,North Kesteven 004E,E07000139,North Kesteven,1119,172,577,370,947,84.62913315460231,33.065236818588026,15.370866845397677,51.5638963360143,1072,95.79982126899017,47,0
E01026236,North Kesteven 011E,E07000139,North Kesteven,1134,171,612,351,963,84.92063492063492,30.952380952380953,15.079365079365079,53.96825396825397,1129,99.55908289241623,5,0
E01026235,North Kesteven 010E,E07000139,North Kesteven,1646,343,972,331,1303,79.16160388821385,20.1093560145808,20.838396111786146,59.05224787363304,1679,102.0048602673147,0,33
E01026293,South Kesteven 007B,E07000141,South Kesteven,2053,393,1235,425,1660,80.85728202630297,20.701412566975158,19.142717973697028,60.15586945932782,2053,100.0,0,0
E01026292,South Kesteven 007A,E07000141,South Kesteven,1381,212,750,419,1169,84.64880521361331,30.340333091962346,15.351194786386676,54.30847212165097,1349,97.68283852280956,32,0
E01026291,South Kesteven 002A,E07000141,South Kesteven,2539,551,1375,613,1988,78.29854273335958,24.143363528948406,21.701457266640407,54.15517920441118,2631,103.62347380858606,0,92
E01026290,South Kesteven 008A,E07000141,South Kesteven,2177,388,1094,695,1789,82.1773082223243,31.924666972898486,17.8226917776757,50.252641249425814,2247,103.21543408360128,0,70
E01026298,South Kesteven 011D,E07000141,South Kesteven,2315,489,1363,463,1826,78.8768898488121,20.0,21.123110151187905,58.8768898488121,2521,108.89848812095033,0,206
E01026297,South Kesteven 011C,E07000141,South Kesteven,1513,284,735,494,1229,81.22934567085261,32.650363516192996,18.77065432914739,48.57898215465962,1451,95.90218109715796,62,0
E01026296,South Kesteven 011B,E07000141,South Kesteven,1431,178,696,557,1253,87.56114605171209,38.923829489867224,12.43885394828791,48.63731656184486,1504,105.10132774283719,0,73
E01026294,South Kesteven 007C,E07000141,South Kesteven,1551,377,912,262,1174,75.69310122501612,16.892327530625405,24.306898774983882,58.80077369439072,1570,101.22501611863315,0,19
E01026285,South Holland 004D,E07000140,South Holland,1449,228,781,440,1221,84.26501035196688,30.36576949620428,15.734989648033126,53.8992408557626,1549,106.90131124913734,0,100
E01026284,South Holland 011C,E07000140,South Holland,2414,474,1435,505,1940,80.36454018227009,20.91963545981773,19.63545981772991,59.444904722452364,2629,108.90637945318973,0,215
E01026283,South Holland 004C,E07000140,South Holland,1792,288,983,521,1504,83.92857142857143,29.073660714285715,16.071428571428573,54.85491071428571,1766,98.54910714285714,26,0
E01026282,South Holland 004B,E07000140,South Holland,2031,425,1067,539,1606,79.07434761201378,26.53865091088134,20.92565238798621,52.53569670113245,2080,102.41260462826193,0,49
E01026289,South Kesteven 015C,E07000141,South Kesteven,2309,523,1351,435,1786,77.34950194889562,18.839324382849718,22.65049805110437,58.510177566045904,2183,94.54309224772629,126,0
E01026288,South Kesteven 015B,E07000141,South Kesteven,1625,353,965,307,1272,78.27692307692308,18.892307692307693,21.723076923076924,59.38461538461538,1671,102.83076923076923,0,46
E01026287,South Kesteven 015A,E07000141,South Kesteven,1289,205,719,365,1084,84.09619860356867,28.316524437548484,15.90380139643134,55.779674166020165,1305,101.2412723041117,0,16
E01026286,South Holland 004E,E07000140,South Holland,1259,181,734,344,1078,85.62351072279587,27.323272438443208,14.37648927720413,58.30023828435266,1282,101.82684670373312,0,23
E01026277,South Holland 008D,E07000140,South Holland,1669,441,935,293,1228,73.57699221090473,17.555422408627923,26.423007789095266,56.021569802276815,1789,107.18993409227082,0,120
E01026276,South Holland 001E,E07000140,South Holland,2421,428,1272,721,1993,82.32135481206113,29.781082197439073,17.67864518793887,52.540272614622054,2735,112.96984717059067,0,314
E01026275,South Holland 006E,E07000140,South Holland,2687,583,1668,436,2104,78.30294008187569,16.226274655749904,21.697059918124303,62.076665426125786,2749,102.30740602902866,0,62
E01026273,South Holland 006C,E07000140,South Holland,1792,328,913,551,1464,81.69642857142857,30.747767857142854,18.303571428571427,50.94866071428571,1899,105.97098214285714,0,107
E01026281,South Holland 004A,E07000140,South Holland,1544,250,882,412,1294,83.80829015544042,26.683937823834196,16.191709844559586,57.12435233160622,1784,115.54404145077721,0,240
E01026280,South Holland 010C,E07000140,South Holland,2826,519,1569,738,2307,81.63481953290871,26.11464968152866,18.365180467091292,55.52016985138004,1675,59.27105449398443,1151,0
E01026279,South Holland 008F,E07000140,South Holland,1375,229,754,392,1146,83.34545454545454,28.50909090909091,16.654545454545456,54.836363636363636,1337,97.23636363636363,38,0
E01026278,South Holland 008E,E07000140,South Holland,1459,240,834,385,1219,83.55037697052776,26.387936943111722,16.449623029472242,57.16244002741604,1314,90.06168608636052,145,0
E01026268,South Holland 007A,E07000140,South Holland,2077,464,1183,430,1613,77.66008666345691,20.702936928261916,22.33991333654309,56.95714973519499,2276,109.58112662493981,0,199
E01026266,South Holland 006B,E07000140,South Holland,2348,424,1603,321,1924,81.94207836456559,13.671209540034072,18.05792163543441,68.27086882453152,2519,107.28279386712096,0,171
E01026265,South Holland 009D,E07000140,South Holland,1514,281,797,436,1233,81.43989431968296,28.797886393659184,18.56010568031704,52.64200792602378,1732,114.39894319682959,0,218
E01026264,South Holland 009C,E07000140,South Holland,1631,345,1028,258,1286,78.84733292458614,15.818516247700797,21.152667075413856,63.02881667688535,1680,103.00429184549355,0,49
E01026272,South Holland 007E,E07000140,South Holland,1424,241,851,332,1183,83.07584269662921,23.314606741573034,16.924157303370787,59.76123595505618,1497,105.12640449438202,0,73
E01026271,South Holland 007D,E07000140,South Holland,1785,388,1094,303,1397,78.26330532212886,16.974789915966387,21.73669467787115,61.28851540616247,1710,95.7983193277311,75,0
E01026270,South Holland 007C,E07000140,South Holland,1983,485,1219,279,1498,75.54210791729703,14.069591527987896,24.457892082702976,61.47251638930913,2270,114.47302067574383,0,287
E01026269,South Holland 007B,E07000140,South Holland,2140,347,1133,660,1793,83.78504672897196,30.8411214953271,16.214953271028037,52.94392523364486,2291,107.05607476635515,0,151
E01026328,South Kesteven 003D,E07000141,South Kesteven,1550,426,904,220,1124,72.51612903225806,14.193548387096774,27.483870967741936,58.322580645161295,1587,102.38709677419355,0,37
E01026327,South Kesteven 003C,E07000141,South Kesteven,1457,291,810,356,1166,80.02745367192861,24.433768016472204,19.97254632807138,55.59368565545641,1537,105.4907343857241,0,80
E01026326,South Kesteven 003B,E07000141,South Kesteven,1521,322,786,413,1199,78.82971729125575,27.153188691650232,21.17028270874425,51.67652859960552,1630,107.1663379355687,0,109
E01026325,South Kesteven 003A,E07000141,South Kesteven,1636,409,944,283,1227,75.0,17.29828850855746,25.0,57.701711491442545,1726,105.50122249388754,0,90
E01026332,South Kesteven 007E,E07000141,South Kesteven,2199,344,1175,680,1855,84.35652569349705,30.923146884947705,15.643474306502956,53.433378808549335,2240,101.86448385629832,0,41
E01026331,South Kesteven 009B,E07000141,South Kesteven,2454,403,1343,708,2051,83.57783211083944,28.850855745721272,16.422167889160555,54.726976365118176,2441,99.47025264873676,13,0
E01026330,South Kesteven 012A,E07000141,South Kesteven,2137,384,1184,569,1753,82.03088441740758,26.626111371080956,17.96911558259242,55.404773046326625,2149,100.561534861956,0,12
E01026329,South Kesteven 001C,E07000141,South Kesteven,1832,308,942,582,1524,83.1877729257642,31.768558951965066,16.812227074235807,51.419213973799124,2012,109.82532751091702,0,180
E01026319,South Kesteven 006C,E07000141,South Kesteven,2675,590,1565,520,2085,77.94392523364486,19.439252336448597,22.05607476635514,58.504672897196265,2664,99.58878504672897,11,0
E01026318,South Kesteven 006B,E07000141,South Kesteven,2266,550,1500,216,1716,75.72815533980582,9.532215357458076,24.271844660194176,66.19593998234775,2251,99.33804060017653,15,0
E01026317,South Kesteven 006A,E07000141,South Kesteven,2478,474,1731,273,2004,80.87167070217917,11.016949152542372,19.128329297820823,69.8547215496368,2644,106.69895076674737,0,166
E01026316,South Kesteven 007D,E07000141,South Kesteven,2559,419,1334,806,2140,83.62641656897225,31.49667838999609,16.373583431027743,52.12973817897616,2832,110.66822977725674,0,273
E01026324,South Kesteven 004E,E07000141,South Kesteven,2010,366,1145,499,1644,81.7910447761194,24.82587064676617,18.208955223880597,56.96517412935324,1975,98.2587064676617,35,0
E01026323,South Kesteven 004D,E07000141,South Kesteven,2068,356,1274,438,1712,82.7852998065764,21.179883945841393,17.2147001934236,61.605415860735015,2063,99.75822050290135,5,0
E01026322,South Kesteven 004C,E07000141,South Kesteven,1182,231,642,309,951,80.45685279187818,26.14213197969543,19.543147208121827,54.314720812182735,1315,111.25211505922165,0,133
E01026321,South Kesteven 004B,E07000141,South Kesteven,1443,258,760,425,1185,82.12058212058211,29.452529452529454,17.87941787941788,52.66805266805267,1508,104.5045045045045,0,65
E01026311,South Kesteven 005D,E07000141,South Kesteven,1617,397,1005,215,1220,75.44836116264688,13.296227581941867,24.551638837353124,62.152133580705005,1688,104.39084724799011,0,71
E01026310,South Kesteven 005C,E07000141,South Kesteven,1143,270,634,239,873,76.37795275590551,20.909886264216972,23.62204724409449,55.46806649168854,1158,101.31233595800524,0,15
E01026309,South Kesteven 005B,E07000141,South Kesteven,1654,356,949,349,1298,78.47642079806529,21.100362756952844,21.5235792019347,57.37605804111246,1556,94.07496977025393,98,0
E01026308,South Kesteven 005A,E07000141,South Kesteven,1667,561,965,141,1106,66.34673065386923,8.458308338332333,33.65326934613078,57.88842231553689,1756,105.33893221355729,0,89
E01026315,South Kesteven 009A,E07000141,South Kesteven,2207,359,1228,620,1848,83.73357498867242,28.092433167195285,16.26642501132759,55.64114182147711,1496,67.78432260987766,711,0
E01026314,South Kesteven 001B,E07000141,South Kesteven,1385,264,766,355,1121,80.93862815884476,25.63176895306859,19.061371841155232,55.30685920577617,1513,109.2418772563177,0,128
E01026313,South Kesteven 001A,E07000141,South Kesteven,1485,280,796,409,1205,81.14478114478115,27.54208754208754,18.855218855218855,53.602693602693606,1505,101.34680134680134,0,20
E01026312,South Kesteven 005E,E07000141,South Kesteven,1274,414,770,90,860,67.50392464678178,7.064364207221351,32.49607535321821,60.43956043956044,1505,118.13186813186813,0,231
E01026303,South Kesteven 014A,E07000141,South Kesteven,1260,249,717,294,1011,80.23809523809524,23.333333333333332,19.761904761904763,56.904761904761905,1185,94.04761904761905,75,0
E01026302,South Kesteven 010D,E07000141,South Kesteven,1057,195,615,247,862,81.5515610217597,23.36802270577105,18.448438978240304,58.18353831598865,1244,117.69157994323558,0,187
E01026300,South Kesteven 010B,E07000141,South Kesteven,1392,192,710,490,1200,86.20689655172413,35.201149425287355,13.793103448275861,51.00574712643679,1478,106.17816091954022,0,86
E01026299,South Kesteven 010A,E07000141,South Kesteven,1669,355,889,425,1314,78.72977831036549,25.464349910125822,21.27022168963451,53.26542840023967,1639,98.2025164769323,30,0
E01026307,South Kesteven 014E,E07000141,South Kesteven,1307,249,683,375,1058,80.9487375669472,28.69166029074216,19.05126243305279,52.25707727620505,1188,90.89517980107115,119,0
E01026306,South Kesteven 014D,E07000141,South Kesteven,1963,413,1067,483,1550,78.96077432501274,24.60519612837494,21.039225674987264,54.3555781966378,1818,92.61334691798268,145,0
E01026305,South Kesteven 014C,E07000141,South Kesteven,1634,326,1044,264,1308,80.04895960832313,16.156670746634028,19.951040391676866,63.8922888616891,1509,92.3500611995104,125,0
E01026304,South Kesteven 014B,E07000141,South Kesteven,1480,270,820,390,1210,81.75675675675676,26.351351351351347,18.243243243243242,55.4054054054054,1476,99.72972972972973,4,0
E01026360,South Kesteven 012B,E07000141,South Kesteven,2151,402,1149,600,1749,81.3110181311018,27.89400278940028,18.688981868898185,53.417015341701536,2182,101.441190144119,0,31
E01026359,South Kesteven 016G,E07000141,South Kesteven,2612,649,1469,494,1963,75.1531393568147,18.91271056661562,24.8468606431853,56.24042879019908,2268,86.83001531393569,344,0
E01026358,South Kesteven 016F,E07000141,South Kesteven,1382,216,718,448,1166,84.37047756874095,32.41678726483357,15.629522431259044,51.953690303907386,1156,83.64688856729377,226,0
E01026357,South Kesteven 016E,E07000141,South Kesteven,1347,280,749,318,1067,79.21306607275427,23.608017817371937,20.786933927245734,55.60504825538233,1177,87.37936154417223,170,0
E01026364,South Kesteven 012E,E07000141,South Kesteven,1853,328,970,555,1525,82.29897463572586,29.951430113329735,17.70102536427415,52.34754452239612,1798,97.0318402590394,55,0
E01026363,South Kesteven 012D,E07000141,South Kesteven,1968,213,1027,728,1755,89.17682926829268,36.99186991869919,10.823170731707316,52.1849593495935,1921,97.61178861788618,47,0
E01026362,South Kesteven 012C,E07000141,South Kesteven,1721,356,961,404,1365,79.31435212085997,23.47472399767577,20.685647879140035,55.83962812318419,1779,103.37013364323069,0,58
E01026361,South Kesteven 008D,E07000141,South Kesteven,2652,486,1436,730,2166,81.67420814479638,27.526395173454,18.32579185520362,54.14781297134238,2670,100.6787330316742,0,18
E01026352,South Kesteven 003E,E07000141,South Kesteven,1295,224,633,438,1071,82.70270270270271,33.82239382239382,17.2972972972973,48.88030888030888,1330,102.7027027027027,0,35
E01026351,South Kesteven 016C,E07000141,South Kesteven,1477,217,846,414,1260,85.30805687203792,28.029790115098173,14.691943127962084,57.27826675693974,1435,97.1563981042654,42,0
E01026350,South Kesteven 016B,E07000141,South Kesteven,2078,336,1040,702,1742,83.8306063522618,33.78248315688162,16.169393647738207,50.04812319538018,2231,107.3628488931665,0,153
E01026349,South Kesteven 016A,E07000141,South Kesteven,1485,258,835,392,1227,82.62626262626263,26.397306397306398,17.373737373737374,56.22895622895623,1346,90.63973063973064,139,0
E01026356,South Kesteven 016D,E07000141,South Kesteven,1432,319,881,232,1113,77.72346368715084,16.201117318435752,22.276536312849164,61.522346368715084,1165,81.35474860335195,267,0
E01026355,South Kesteven 002C,E07000141,South Kesteven,2588,431,1315,842,2157,83.34621329211747,32.53477588871716,16.653786707882535,50.811437403400305,2748,106.18238021638331,0,160
E01026354,South Kesteven 003G,E07000141,South Kesteven,1135,191,531,413,944,83.17180616740089,36.38766519823788,16.82819383259912,46.784140969163,1150,101.32158590308372,0,15
E01026353,South Kesteven 003F,E07000141,South Kesteven,1664,260,975,429,1404,84.375,25.78125,15.625,58.59375,1766,106.1298076923077,0,102
E01026344,South Kesteven 006E,E07000141,South Kesteven,1486,324,914,248,1162,78.19650067294751,16.689098250336475,21.80349932705249,61.50740242261104,1485,99.93270524899059,1,0
E01026343,South Kesteven 006D,E07000141,South Kesteven,1898,332,1282,284,1566,82.50790305584826,14.963119072708114,17.49209694415174,67.54478398314015,1951,102.79241306638566,0,53
E01026342,South Kesteven 008C,E07000141,South Kesteven,1362,264,859,239,1098,80.61674008810573,17.547723935389133,19.383259911894275,63.06901615271659,1389,101.98237885462555,0,27
E01026341,South Kesteven 008B,E07000141,South Kesteven,1581,299,861,421,1282,81.08791903858318,26.628716002530044,18.912080961416823,54.459203036053125,1641,103.79506641366223,0,60
E01026348,South Kesteven 015F,E07000141,South Kesteven,1248,281,794,173,967,77.48397435897436,13.862179487179487,22.516025641025642,63.62179487179487,1261,101.04166666666667,0,13
E01026347,South Kesteven 015E,E07000141,South Kesteven,1489,216,818,455,1273,85.49361987911351,30.557421087978508,14.5063801208865,54.93619879113499,1453,97.58226997985226,36,0
E01026346,South Kesteven 015D,E07000141,South Kesteven,1164,222,684,258,942,80.9278350515464,22.164948453608247,19.072164948453608,58.76288659793815,1078,92.61168384879726,86,0
E01026345,South Kesteven 006F,E07000141,South Kesteven,1750,398,878,474,1352,77.25714285714285,27.085714285714285,22.742857142857144,50.171428571428564,1791,102.34285714285714,0,41
E01026336,South Kesteven 013C,E07000141,South Kesteven,1991,434,1128,429,1557,78.20190858864892,21.54696132596685,21.79809141135108,56.654947262682064,1922,96.53440482169763,69,0
E01026335,South Kesteven 013B,E07000141,South Kesteven,1515,225,733,557,1290,85.14851485148515,36.76567656765676,14.85148514851485,48.382838283828384,1447,95.51155115511551,68,0
E01026334,South Kesteven 013A,E07000141,South Kesteven,1517,265,840,412,1252,82.53131179960448,27.158866183256425,17.46868820039552,55.37244561634805,1463,96.4403427818062,54,0
E01026333,South Kesteven 001D,E07000141,South Kesteven,2556,412,1459,685,2144,83.8810641627543,26.799687010954614,16.118935837245697,57.081377151799686,2194,85.83724569640061,362,0
E01026340,South Kesteven 002B,E07000141,South Kesteven,2305,415,1261,629,1890,81.99566160520607,27.288503253796097,18.004338394793926,54.70715835140998,2282,99.00216919739697,23,0
E01026339,South Kesteven 009D,E07000141,South Kesteven,1278,248,833,197,1030,80.59467918622848,15.414710485133021,19.405320813771517,65.17996870109546,942,73.70892018779342,336,0
E01026338,South Kesteven 009C,E07000141,South Kesteven,1271,233,684,354,1038,81.66797797010229,27.852084972462627,18.33202202989772,53.81589299763966,1245,97.9543666404406,26,0
E01026337,South Kesteven 013D,E07000141,South Kesteven,2284,537,1161,586,1747,76.48861646234676,25.65674255691769,23.51138353765324,50.83187390542907,2161,94.61471103327496,123,0
E01026392,West Lindsey 003D,E07000142,West Lindsey,3162,534,1686,942,2628,83.11195445920305,29.79127134724858,16.888045540796963,53.32068311195446,3182,100.63251106894371,0,20
E01026391,West Lindsey 003C,E07000142,West Lindsey,2056,325,1042,689,1731,84.19260700389106,33.51167315175097,15.807392996108948,50.68093385214007,2224,108.17120622568093,0,168
E01026390,West Lindsey 003B,E07000142,West Lindsey,1942,379,1024,539,1563,80.48403707518023,27.754891864057672,19.515962924819775,52.72914521112255,1861,95.82904222451081,81,0
E01026389,West Lindsey 003A,E07000142,West Lindsey,1742,251,1038,453,1491,85.59127439724455,26.00459242250287,14.408725602755453,59.58668197474167,1812,104.01836969001148,0,70
E01026396,West Lindsey 009A,E07000142,West Lindsey,1245,135,584,526,1110,89.1566265060241,42.24899598393574,10.843373493975903,46.907630522088354,1250,100.40160642570282,0,5
E01026395,West Lindsey 010C,E07000142,West Lindsey,1489,236,642,611,1253,84.15043653458697,41.034251175285426,15.84956346541303,43.11618535930155,1607,107.92478173270652,0,118
E01026394,West Lindsey 010B,E07000142,West Lindsey,2979,635,1830,514,2344,78.68412218865392,17.254112118160457,21.31587781134609,61.43001007049346,3543,118.932527693857,0,564
E01026393,West Lindsey 010A,E07000142,West Lindsey,1529,234,742,553,1295,84.69587965990843,36.167429692609545,15.304120340091561,48.52844996729889,1537,100.52321778940485,0,8
E01026384,West Lindsey 004F,E07000142,West Lindsey,2257,443,1396,418,1814,80.37217545414266,18.520159503766063,19.627824545857333,61.852015950376604,2177,96.45547186530793,80,0
E01026383,West Lindsey 004E,E07000142,West Lindsey,1472,315,1025,132,1157,78.60054347826086,8.967391304347826,21.39945652173913,69.63315217391305,1528,103.80434782608697,0,56
E01026382,West Lindsey 004D,E07000142,West Lindsey,2034,424,1206,404,1610,79.1543756145526,19.862340216322515,20.845624385447394,59.29203539823009,2657,130.6293018682399,0,623
E01026381,West Lindsey 004C,E07000142,West Lindsey,1704,313,993,398,1391,81.63145539906104,23.35680751173709,18.368544600938964,58.27464788732394,1667,97.82863849765259,37,0
E01026388,West Lindsey 007A,E07000142,West Lindsey,2262,324,1163,775,1938,85.6763925729443,34.261715296198055,14.323607427055704,51.41467727674625,2353,104.02298850574712,0,91
E01026387,West Lindsey 001C,E07000142,West Lindsey,2721,424,1472,825,2297,84.41749356854098,30.319735391400222,15.582506431459024,54.097758177140754,1103,40.53656743844175,1618,0
E01026386,West Lindsey 005B,E07000142,West Lindsey,1204,204,771,229,1000,83.05647840531562,19.019933554817275,16.943521594684384,64.03654485049833,622,51.66112956810631,582,0
E01026385,West Lindsey 005A,E07000142,West Lindsey,1088,128,592,368,960,88.23529411764706,33.82352941176471,11.76470588235294,54.41176470588235,882,81.06617647058823,206,0
E01026376,West Lindsey 006C,E07000142,West Lindsey,1634,342,889,403,1292,79.06976744186046,24.663402692778458,20.930232558139537,54.406364749082,1666,101.95838433292535,0,32
E01026375,West Lindsey 006B,E07000142,West Lindsey,2029,514,1150,365,1515,74.66732380482996,17.989157220305568,25.332676195170034,56.67816658452439,2077,102.3656973878758,0,48
E01026374,West Lindsey 006A,E07000142,West Lindsey,1678,572,964,142,1106,65.91179976162098,8.462455303933254,34.088200238379024,57.44934445768772,1689,100.65554231227651,0,11
E01026373,West Lindsey 011E,E07000142,West Lindsey,2278,388,1290,600,1890,82.9675153643547,26.33889376646181,17.032484635645304,56.628621597892895,2250,98.77085162423178,28,0
E01026380,West Lindsey 002A,E07000142,West Lindsey,2719,622,1671,426,2097,77.12394262596543,15.667524825303419,22.876057374034573,61.45641780066201,2718,99.96322177271055,1,0
E01026379,West Lindsey 004B,E07000142,West Lindsey,1903,414,1150,339,1489,78.24487651077247,17.813977929584865,21.755123489227536,60.4308985811876,1876,98.58118759852864,27,0
E01026378,West Lindsey 004A,E07000142,West Lindsey,1822,494,1059,269,1328,72.88693743139407,14.763995609220636,27.113062568605926,58.12294182217344,1804,99.01207464324918,18,0
E01026377,West Lindsey 006D,E07000142,West Lindsey,2221,535,1307,379,1686,75.91175146330482,17.064385411976588,24.088248536695183,58.84736605132823,2262,101.84601530841964,0,41
E01026368,West Lindsey 001B,E07000142,West Lindsey,2082,463,1133,486,1619,77.76176753121999,23.34293948126801,22.23823246878002,54.41882804995197,1879,90.24975984630163,203,0
E01026367,West Lindsey 001A,E07000142,West Lindsey,1674,216,897,561,1458,87.09677419354838,33.51254480286738,12.903225806451612,53.584229390681,1349,80.58542413381123,325,0
E01026366,West Lindsey 011A,E07000142,West Lindsey,2524,494,1394,636,2030,80.42789223454834,25.198098256735342,19.572107765451662,55.22979397781299,2440,96.67194928684627,84,0
E01026365,South Kesteven 002D,E07000141,South Kesteven,2291,291,1098,902,2000,87.29812309035356,39.37145351374946,12.701876909646442,47.926669576604105,2450,106.94020078568312,0,159
E01026372,West Lindsey 008A,E07000142,West Lindsey,2938,616,1613,709,2322,79.03335602450646,24.132062627637847,20.966643975493533,54.901293396868624,2969,101.05513955071477,0,31
E01026371,West Lindsey 011D,E07000142,West Lindsey,1257,239,635,383,1018,80.98647573587908,30.46937151949085,19.013524264120925,50.51710421638823,1306,103.89817024661893,0,49
E01026370,West Lindsey 011C,E07000142,West Lindsey,2657,468,1520,669,2189,82.38614979299962,25.17877305231464,17.613850207000375,57.20737674068498,2532,95.29544599171999,125,0
E01026369,West Lindsey 011B,E07000142,West Lindsey,1354,278,676,400,1076,79.4682422451994,29.542097488921716,20.53175775480059,49.926144756277694,1390,102.65878877400296,0,36
E01026416,West Lindsey 001D,E07000142,West Lindsey,1325,242,699,384,1083,81.73584905660377,28.9811320754717,18.264150943396228,52.75471698113208,1286,97.05660377358491,39,0
E01026415,West Lindsey 003E,E07000142,West Lindsey,1149,224,649,276,925,80.5047867711053,24.02088772845953,19.49521322889469,56.48389904264578,1111,96.69277632724108,38,0
E01026414,West Lindsey 008D,E07000142,West Lindsey,1919,377,1125,417,1542,80.35435122459614,21.730067743616466,19.645648775403856,58.62428348097968,1997,104.06461698801459,0,78
E01026409,West Lindsey 007C,E07000142,West Lindsey,1339,222,688,429,1117,83.42046303211352,32.038834951456316,16.579536967886483,51.38162808065721,1238,92.4570575056012,101,0
E01026408,West Lindsey 002F,E07000142,West Lindsey,1384,206,717,461,1178,85.11560693641619,33.309248554913296,14.884393063583815,51.80635838150289,1388,100.28901734104045,0,4
E01026407,West Lindsey 002E,E07000142,West Lindsey,1370,234,807,329,1136,82.91970802919708,24.014598540145986,17.080291970802918,58.9051094890511,369,26.934306569343065,1001,0
E01026406,West Lindsey 010E,E07000142,West Lindsey,1252,231,628,393,1021,81.54952076677317,31.389776357827476,18.450479233226837,50.159744408945684,1294,103.35463258785941,0,42
E01026413,West Lindsey 008C,E07000142,West Lindsey,2080,378,1136,566,1702,81.82692307692308,27.21153846153846,18.173076923076923,54.61538461538461,2094,100.67307692307692,0,14
E01026412,West Lindsey 008B,E07000142,West Lindsey,2250,548,1195,507,1702,75.64444444444445,22.53333333333333,24.355555555555554,53.11111111111111,2468,109.68888888888888,0,218
E01026411,West Lindsey 005D,E07000142,West Lindsey,2435,367,1341,727,2068,84.92813141683779,29.85626283367556,15.071868583162217,55.07186858316222,2179,89.48665297741273,256,0
E01026410,West Lindsey 007D,E07000142,West Lindsey,1602,134,689,779,1468,91.6354556803995,48.6267166042447,8.3645443196005,43.008739076154804,1598,99.75031210986268,4,0
E01026401,West Lindsey 002B,E07000142,West Lindsey,1609,291,881,437,1318,81.91423244251088,27.1597265382225,18.085767557489124,54.75450590428837,10,0.6215040397762586,1599,0
E01026400,West Lindsey 009D,E07000142,West Lindsey,1530,358,966,206,1172,76.6013071895425,13.4640522875817,23.398692810457515,63.13725490196078,1583,103.46405228758171,0,53
E01026399,West Lindsey 005C,E07000142,West Lindsey,1599,258,938,403,1341,83.86491557223265,25.203252032520325,16.135084427767353,58.661663539712315,1520,95.05941213258286,79,0
E01026398,West Lindsey 009C,E07000142,West Lindsey,1551,236,853,462,1315,84.7840103159252,29.78723404255319,15.21598968407479,54.996776273372014,1558,100.45132172791746,0,7
E01026405,West Lindsey 010D,E07000142,West Lindsey,1671,370,928,373,1301,77.85757031717534,22.32196289646918,22.142429682824655,55.53560742070617,1659,99.2818671454219,12,0
E01026404,West Lindsey 007B,E07000142,West Lindsey,2614,449,1391,774,2165,82.82325937260903,29.609793420045904,17.17674062739097,53.21346595256312,2583,98.814078041316,31,0
E01026403,West Lindsey 002D,E07000142,West Lindsey,1382,218,774,390,1164,84.22575976845152,28.21997105643994,15.77424023154848,56.00578871201157,230,16.642547033285094,1152,0
E01026402,West Lindsey 002C,E07000142,West Lindsey,1841,319,979,543,1522,82.67246061922869,29.494839760999458,17.32753938077132,53.177620858229226,18,0.9777294948397609,1823,0
E01026024,Boston 001E,E07000136,Boston,2267,434,1271,562,1833,80.85575650639612,24.79047198941332,19.14424349360388,56.06528451698279,2325,102.55844728716366,0,58
E01026023,Boston 001D,E07000136,Boston,1686,195,1015,476,1491,88.43416370106762,28.23250296559905,11.565836298932384,60.201660735468565,4797,284.51957295373666,0,3111
E01026022,Boston 008C,E07000136,Boston,2284,521,1072,691,1763,77.1891418563923,30.253940455341503,22.810858143607707,46.93520140105078,2279,99.78108581436076,5,0
E01026021,Boston 003B,E07000136,Boston,1750,340,1011,399,1410,80.57142857142857,22.8,19.428571428571427,57.77142857142857,2308,131.8857142857143,0,558
E01026028,Boston 004E,E07000136,Boston,1763,368,984,411,1395,79.12648893930799,23.312535450935904,20.873511060692003,55.81395348837209,2045,115.99546228020418,0,282
E01026027,Boston 004D,E07000136,Boston,1818,425,1080,313,1393,76.62266226622663,17.216721672167218,23.377337733773377,59.4059405940594,2054,112.98129812981298,0,236
E01026026,Boston 004C,E07000136,Boston,2311,621,1335,355,1690,73.12851579402856,15.36131544785807,26.87148420597144,57.76720034617049,2472,106.96668109043704,0,161
E01026025,Boston 003C,E07000136,Boston,2351,515,1615,221,1836,78.09442790301999,9.400255210548703,21.90557209698001,68.69417269247128,2961,125.94640578477242,0,610
E01026016,Boston 006A,E07000136,Boston,2417,442,1277,698,1975,81.71286719073231,28.87877534133223,18.287132809267685,52.834091849400075,2716,112.37070748862226,0,299
E01026015,Boston 004B,E07000136,Boston,1861,516,1111,234,1345,72.2729715206878,12.57388500806018,27.7270284793122,59.699086512627616,2096,112.62761955937668,0,235
E01026014,Boston 008B,E07000136,Boston,1877,401,1008,468,1476,78.63612147043155,24.933404368673415,21.36387852956846,53.702717101758125,2056,109.53649440596698,0,179
E01026013,Boston 008A,E07000136,Boston,1609,319,818,472,1290,80.17402113113735,29.334990677439404,19.82597886886265,50.83903045369795,2014,125.17091361093846,0,405
E01026020,Boston 007D,E07000136,Boston,3124,738,1723,663,2386,76.3764404609475,21.222791293213827,23.623559539052497,55.153649167733676,3628,116.13316261203586,0,504
E01026019,Boston 007C,E07000136,Boston,2709,649,1499,561,2060,76.04282022886673,20.70874861572536,23.957179771133262,55.334071613141376,2899,107.01365817644887,0,190
E01026018,Boston 007B,E07000136,Boston,1687,251,843,593,1436,85.12151748666271,35.15115589804386,14.878482513337286,49.97036158861885,2104,124.71843509187907,0,417
E01026017,Boston 007A,E07000136,Boston,1602,282,870,450,1320,82.39700374531836,28.08988764044944,17.60299625468165,54.30711610486891,1671,104.30711610486891,0,69
E01026007,Boston 001A,E07000136,Boston,1137,193,606,338,944,83.02550571679859,29.7273526824978,16.97449428320141,53.29815303430079,1274,112.04925241864557,0,137
E01026012,Boston 004A,E07000136,Boston,1121,217,552,352,904,80.64228367528992,31.400535236396077,19.35771632471008,49.24174843889384,1391,124.08563782337198,0,270
E01026010,Boston 002A,E07000136,Boston,1924,552,1192,180,1372,71.3097713097713,9.355509355509357,28.690228690228693,61.95426195426196,2115,109.92723492723493,0,191
E01026009,Boston 001C,E07000136,Boston,1255,188,707,360,1067,85.0199203187251,28.68525896414343,14.9800796812749,56.33466135458167,1240,98.80478087649402,15,0
E01026008,Boston 001B,E07000136,Boston,1461,210,816,435,1251,85.62628336755647,29.774127310061605,14.37371663244353,55.85215605749486,1331,91.10198494182067,130,0
E01026057,East Lindsey 018A,E07000137,East Lindsey,1996,298,1121,577,1698,85.07014028056112,28.907815631262523,14.929859719438879,56.1623246492986,1928,96.59318637274549,68,0
E01026056,East Lindsey 017A,E07000137,East Lindsey,1333,205,717,411,1128,84.62115528882221,30.83270817704426,15.378844711177795,53.78844711177795,1413,106.00150037509377,0,80
E01026055,East Lindsey 013C,E07000137,East Lindsey,1164,143,623,398,1021,87.7147766323024,34.192439862542955,12.285223367697593,53.52233676975945,1212,104.1237113402062,0,48
E01026054,East Lindsey 016D,E07000137,East Lindsey,1519,318,854,347,1201,79.06517445687953,22.8439763001975,20.934825543120475,56.22119815668203,1641,108.03159973666887,0,122
E01026061,East Lindsey 001B,E07000137,East Lindsey,1167,210,576,381,957,82.0051413881748,32.64781491002571,17.994858611825194,49.3573264781491,777,66.58097686375322,390,0
E01026060,East Lindsey 009A,E07000137,East Lindsey,1284,150,635,499,1134,88.3177570093458,38.86292834890966,11.682242990654206,49.45482866043614,1317,102.57009345794393,0,33
E01026059,East Lindsey 013D,E07000137,East Lindsey,1131,141,576,414,990,87.53315649867373,36.60477453580902,12.46684350132626,50.92838196286472,1186,104.86295313881521,0,55
E01026058,East Lindsey 002A,E07000137,East Lindsey,2413,441,1267,705,1972,81.72399502693743,29.216742644011607,18.27600497306258,52.50725238292582,2431,100.74595938665563,0,18
E01026049,East Lindsey 010B,E07000137,East Lindsey,1488,138,747,603,1350,90.7258064516129,40.524193548387096,9.274193548387096,50.201612903225815,1545,103.83064516129032,0,57
E01026048,East Lindsey 010A,E07000137,East Lindsey,1671,211,762,698,1460,87.37283064033512,41.77139437462597,12.627169359664872,45.601436265709154,1675,100.2393776181927,0,4
E01026047,East Lindsey 013B,E07000137,East Lindsey,1266,147,562,557,1119,88.38862559241706,43.99684044233807,11.61137440758294,44.39178515007899,1325,104.66034755134281,0,59
E01026046,East Lindsey 013A,E07000137,East Lindsey,1571,280,829,462,1291,82.1769573520051,29.408020369191597,17.823042647994907,52.7689369828135,1738,110.63017186505411,0,167
E01026053,East Lindsey 016C,E07000137,East Lindsey,2032,484,1181,367,1548,76.18110236220473,18.061023622047244,23.818897637795274,58.120078740157474,1715,84.3996062992126,317,0
E01026052,East Lindsey 016B,E07000137,East Lindsey,2702,457,1760,485,2245,83.08660251665432,17.949666913397483,16.91339748334567,65.13693560325684,1977,73.1680236861584,725,0
E01026051,East Lindsey 016A,E07000137,East Lindsey,1515,295,875,345,1220,80.52805280528052,22.772277227722775,19.471947194719473,57.755775577557756,1356,89.50495049504951,159,0
E01026050,East Lindsey 010C,E07000137,East Lindsey,1554,130,658,766,1424,91.63449163449164,49.29214929214929,8.365508365508365,42.34234234234234,1632,105.01930501930501,0,78
E01026041,Boston 007E,E07000136,Boston,1368,396,693,279,972,71.05263157894737,20.394736842105264,28.947368421052634,50.6578947368421,1518,110.96491228070175,0,150
E01026040,Boston 008E,E07000136,Boston,1837,446,1095,296,1391,75.72128470332063,16.113228089275992,24.27871529667937,59.608056614044635,2083,113.39139902014152,0,246
E01026039,Boston 009D,E07000136,Boston,1197,231,615,351,966,80.7017543859649,29.32330827067669,19.298245614035086,51.37844611528822,1408,117.62740183792815,0,211
E01026038,Boston 008D,E07000136,Boston,1458,271,843,344,1187,81.41289437585733,23.593964334705074,18.587105624142662,57.818930041152264,1459,100.06858710562415,0,1
E01026045,East Lindsey 001A,E07000137,East Lindsey,1817,207,885,725,1610,88.60759493670885,39.900935608145296,11.39240506329114,48.70665932856357,1765,97.13813979086406,52,0
E01026044,East Lindsey 008C,E07000137,East Lindsey,1346,146,650,550,1200,89.15304606240714,40.861812778603266,10.846953937592868,48.29123328380386,1374,102.08023774145616,0,28
E01026043,East Lindsey 008B,E07000137,East Lindsey,1967,401,1024,542,1566,79.61362480935435,27.554651753940014,20.38637519064565,52.058973055414334,2010,102.18607015760041,0,43
E01026042,East Lindsey 008A,E07000137,East Lindsey,1782,409,964,409,1373,77.0482603815937,22.951739618406286,22.951739618406286,54.09652076318743,1755,98.48484848484848,27,0
E01026033,Boston 006B,E07000136,Boston,2446,459,1364,623,1987,81.2346688470973,25.47015535568275,18.765331152902696,55.76451349141456,2654,108.50367947669666,0,208
E01026032,Boston 002D,E07000136,Boston,2073,480,1327,266,1593,76.8451519536903,12.831644958996623,23.154848046309695,64.01350699469369,2761,133.1886155330439,0,688
E01026031,Boston 009B,E07000136,Boston,1661,330,801,530,1331,80.13245033112582,31.908488862131247,19.867549668874172,48.22396146899458,1917,115.41240216736905,0,256
E01026030,Boston 002C,E07000136,Boston,2559,644,1460,455,1915,74.83391949980461,17.780382962094567,25.16608050019539,57.053536537710045,3076,120.20320437670966,0,517
E01026037,Boston 002E,E07000136,Boston,1555,387,935,233,1168,75.11254019292605,14.983922829581994,24.887459807073956,60.12861736334405,1879,120.83601286173634,0,324
E01026036,Boston 003D,E07000136,Boston,1686,413,1028,245,1273,75.5041518386714,14.531435349940688,24.49584816132859,60.972716488730725,2264,134.282325029656,0,578
E01026035,Boston 009C,E07000136,Boston,2514,512,1382,620,2002,79.6340493237868,24.66189339697693,20.365950676213206,54.97215592680986,2596,103.26173428798727,0,82
E01026034,Boston 006C,E07000136,Boston,1758,347,911,500,1411,80.26166097838453,28.441410693970422,19.738339021615474,51.8202502844141,1894,107.73606370875994,0,136
E01026091,East Lindsey 003F,E07000137,East Lindsey,1395,300,725,370,1095,78.49462365591397,26.523297491039425,21.50537634408602,51.971326164874554,1773,127.09677419354838,0,378
E01026090,East Lindsey 003E,E07000137,East Lindsey,1381,236,671,474,1145,82.91093410572049,34.32295438088342,17.089065894279507,48.587979724837076,1274,92.25199131064447,107,0
E01026089,East Lindsey 004C,E07000137,East Lindsey,1977,239,992,746,1738,87.91097622660597,37.733940313606475,12.08902377339403,50.17703591299949,1961,99.19069296914516,16,0
E01026088,East Lindsey 003D,E07000137,East Lindsey,1392,209,698,485,1183,84.98563218390804,34.84195402298851,15.014367816091953,50.143678160919535,1384,99.42528735632183,8,0
E01026095,East Lindsey 014C,E07000137,East Lindsey,1406,215,760,431,1191,84.70839260312944,30.654338549075394,15.291607396870555,54.054054054054056,1506,107.11237553342816,0,100
E01026094,East Lindsey 015B,E07000137,East Lindsey,2490,643,1267,580,1847,74.17670682730923,23.293172690763054,25.823293172690764,50.88353413654618,2890,116.06425702811245,0,400
E01026093,East Lindsey 014B,E07000137,East Lindsey,1806,252,1186,368,1554,86.04651162790698,20.376522702104097,13.953488372093023,65.66998892580288,2045,113.23366555924696,0,239
E01026092,East Lindsey 014A,E07000137,East Lindsey,1397,300,851,246,1097,78.52541159627773,17.609162491052256,21.47458840372226,60.91624910522548,1585,113.45740873299928,0,188
E01026081,East Lindsey 004A,E07000137,East Lindsey,2286,370,1361,555,1916,83.81452318460192,24.278215223097114,16.185476815398076,59.53630796150481,2481,108.53018372703411,0,195
E01026080,East Lindsey 001E,E07000137,East Lindsey,2024,300,1001,723,1724,85.17786561264822,35.72134387351779,14.82213438735178,49.45652173913043,1870,92.3913043478261,154,0
E01026079,East Lindsey 002C,E07000137,East Lindsey,1947,280,994,673,1667,85.61890087313816,34.56599897277863,14.381099126861837,51.05290190035953,1968,101.07858243451464,0,21
E01026078,East Lindsey 003B,E07000137,East Lindsey,1121,237,580,304,884,78.85816235504014,27.11864406779661,21.141837644959857,51.739518287243534,1045,93.22033898305084,76,0
E01026087,East Lindsey 003C,E07000137,East Lindsey,1631,430,988,213,1201,73.635806253832,13.059472716125075,26.364193746167995,60.57633353770693,1705,104.53709380748006,0,74
E01026084,East Lindsey 012A,E07000137,East Lindsey,1618,299,910,409,1319,81.5203955500618,25.278121137206426,18.479604449938194,56.24227441285537,1711,105.7478368355995,0,93
E01026083,East Lindsey 015A,E07000137,East Lindsey,1727,411,938,378,1316,76.20150550086856,21.887666473653734,23.798494499131444,54.313839027214826,1812,104.9218297625941,0,85
E01026082,East Lindsey 007B,E07000137,East Lindsey,2359,283,1175,901,2076,88.00339126748622,38.194150063586264,11.996608732513778,49.80924120389996,2319,98.30436625688851,40,0
E01026073,East Lindsey 005B,E07000137,East Lindsey,1900,262,1001,637,1638,86.21052631578947,33.526315789473685,13.789473684210526,52.68421052631579,2060,108.42105263157895,0,160
E01026072,East Lindsey 005A,E07000137,East Lindsey,2394,442,1157,795,1952,81.53717627401838,33.20802005012531,18.462823725981618,48.329156223893065,2494,104.17710944026734,0,100
E01026071,East Lindsey 007A,E07000137,East Lindsey,2089,240,1106,743,1849,88.51124940162757,35.56725706079464,11.488750598372427,52.943992340832935,2060,98.61177596936334,29,0
E01032998,South Kesteven 011F,E07000141,South Kesteven,1886,525,1215,146,1361,72.16330858960764,7.741251325556734,27.836691410392365,64.4220572640509,2071,109.80911983032873,0,185
E01026070,East Lindsey 009C,E07000137,East Lindsey,2314,461,1218,635,1853,80.07778738115817,27.441659464131373,19.922212618841833,52.6361279170268,2442,105.53154710458081,0,128
E01032997,South Kesteven 011E,E07000141,South Kesteven,1449,371,855,223,1078,74.39613526570048,15.38992408557626,25.60386473429952,59.006211180124225,1309,90.33816425120773,140,0
E01026077,East Lindsey 003A,E07000137,East Lindsey,1825,443,1013,369,1382,75.72602739726028,20.21917808219178,24.273972602739725,55.50684931506849,2213,121.26027397260275,0,388
E01032996,South Holland 006G,E07000140,South Holland,1443,245,842,356,1198,83.02148302148302,24.670824670824672,16.97851697851698,58.35065835065835,1404,97.2972972972973,39,0
E01026076,East Lindsey 002B,E07000137,East Lindsey,2285,323,1207,755,1962,85.86433260393873,33.04157549234136,14.135667396061269,52.822757111597376,2214,96.89277899343544,71,0
E01032995,South Holland 006F,E07000140,South Holland,1524,241,981,302,1283,84.18635170603675,19.816272965879264,15.813648293963253,64.37007874015748,1488,97.63779527559055,36,0
E01026075,East Lindsey 018B,E07000137,East Lindsey,2197,333,1155,709,1864,84.84296768320438,32.27127901684115,15.157032316795629,52.57168866636322,2327,105.91715976331362,0,130
E01026074,East Lindsey 005C,E07000137,East Lindsey,2153,268,1005,880,1885,87.55225267069206,40.873200185787276,12.447747329307942,46.67905248490478,2246,104.31955411054344,0,93
E01026065,East Lindsey 011B,E07000137,East Lindsey,2089,360,1024,705,1729,82.76687410244136,33.748204882719,17.23312589755864,49.018669219722355,2278,109.04739109621828,0,189
E01026064,East Lindsey 011A,E07000137,East Lindsey,1623,423,924,276,1200,73.93715341959334,17.005545286506468,26.062846580406656,56.931608133086876,1644,101.29390018484288,0,21
E01032999,South Kesteven 011G,E07000141,South Kesteven,1277,237,713,327,1040,81.44087705559906,25.606891151135475,18.55912294440094,55.83398590446359,1216,95.22317932654659,61,0
E01032989,North Kesteven 013C,E07000139,North Kesteven,2130,566,1443,121,1564,73.42723004694835,5.68075117370892,26.572769953051644,67.74647887323944,2202,103.38028169014083,0,72
E01026063,East Lindsey 001D,E07000137,East Lindsey,1549,284,815,450,1265,81.6655907036798,29.05100064557779,18.334409296320207,52.61459005810201,1033,66.68818592640413,516,0
E01032988,North Kesteven 013B,E07000139,North Kesteven,1939,452,1195,292,1487,76.68901495616296,15.059308922124806,23.31098504383703,61.629706034038165,2031,104.74471376998453,0,92
E01026062,East Lindsey 001C,E07000137,East Lindsey,1122,209,621,292,913,81.37254901960785,26.02495543672014,18.627450980392158,55.3475935828877,773,68.89483065953654,349,0
E01032987,East Lindsey 004E,E07000137,East Lindsey,1426,303,800,323,1123,78.75175315568022,22.6507713884993,21.248246844319777,56.100981767180926,1444,101.26227208976158,0,18
E01026069,East Lindsey 010D,E07000137,East Lindsey,2281,256,1230,795,2025,88.77685225778168,34.85313459009207,11.223147742218325,53.92371766768961,2530,110.91626479614204,0,249
E01032986,East Lindsey 004D,E07000137,East Lindsey,1162,145,671,346,1017,87.52151462994836,29.776247848537007,12.478485370051635,57.74526678141137,1112,95.69707401032701,50,0
E01026068,East Lindsey 009B,E07000137,East Lindsey,2111,273,1148,690,1838,87.06774040738986,32.68593083846518,12.932259592610137,54.38180956892468,2073,98.19990525817148,38,0
E01032994,North Kesteven 003H,E07000139,North Kesteven,1536,302,937,297,1234,80.33854166666666,19.3359375,19.661458333333336,61.002604166666664,1472,95.83333333333334,64,0
E01026067,East Lindsey 011D,E07000137,East Lindsey,1894,256,1173,465,1638,86.48363252375924,24.551214361140445,13.51636747624076,61.932418162618795,1736,91.65786694825766,158,0
E01032993,North Kesteven 013D,E07000139,North Kesteven,2499,535,1497,467,1964,78.59143657462985,18.687474989995998,21.408563425370147,59.903961584633855,2449,97.99919967987195,50,0
E01026066,East Lindsey 011C,E07000137,East Lindsey,2356,379,1220,757,1977,83.91341256366724,32.130730050933785,16.086587436332767,51.782682512733444,2613,110.90831918505941,0,257
E01032992,North Kesteven 014F,E07000139,North Kesteven,1452,248,812,392,1204,82.92011019283747,26.997245179063363,17.079889807162534,55.9228650137741,1617,111.36363636363636,0,165
E01026123,Lincoln 004B,E07000138,Lincoln,2701,694,1776,231,2007,74.30581266197704,8.552388004442799,25.694187338022957,65.75342465753424,2917,107.99703813402444,0,216
E01032991,North Kesteven 014E,E07000139,North Kesteven,2304,528,1387,389,1776,77.08333333333334,16.883680555555554,22.916666666666664,60.19965277777778,2348,101.90972222222223,0,44
E01026122,Lincoln 004A,E07000138,Lincoln,2188,277,1724,187,1911,87.3400365630713,8.546617915904935,12.6599634369287,78.79341864716636,2282,104.29616087751373,0,94
E01026121,East Lindsey 007C,E07000137,East Lindsey,2705,473,1475,757,2232,82.51386321626617,27.985212569316083,17.486136783733826,54.5286506469501,2896,107.06099815157117,0,191
E01026120,East Lindsey 016G,E07000137,East Lindsey,1458,225,732,501,1233,84.5679012345679,34.36213991769547,15.432098765432098,50.20576131687243,1524,104.5267489711934,0,66
E01026127,Lincoln 007A,E07000138,Lincoln,1392,330,851,211,1062,76.29310344827587,15.158045977011495,23.70689655172414,61.13505747126437,1417,101.79597701149426,0,25
E01026126,Lincoln 004D,E07000138,Lincoln,2100,300,1607,193,1800,85.71428571428571,9.19047619047619,14.285714285714285,76.52380952380953,2335,111.19047619047619,0,235
E01026125,Lincoln 003A,E07000138,Lincoln,1343,205,971,167,1138,84.73566641846611,12.434847356664184,15.26433358153388,72.30081906180193,1315,97.9151154132539,28,0
E01032683,West Lindsey 001G,E07000142,West Lindsey,2282,359,1202,721,1923,84.26818580192813,31.595092024539877,15.731814198071866,52.67309377738826,45,1.971954425942156,2237,0
E01026124,Lincoln 004C,E07000138,Lincoln,1994,361,1507,126,1633,81.89568706118355,6.318956870611836,18.10431293881645,75.57673019057172,2117,106.16850551654964,0,123
E01026115,East Lindsey 012C,E07000137,East Lindsey,1699,228,867,604,1471,86.58034137728076,35.5503237198352,13.419658622719247,51.03001765744556,1780,104.76751030017657,0,81
E01026114,East Lindsey 014D,E07000137,East Lindsey,1735,300,1070,365,1435,82.70893371757924,21.037463976945244,17.29106628242075,61.67146974063401,1915,110.37463976945246,0,180
E01026113,East Lindsey 008D,E07000137,East Lindsey,1986,203,1017,766,1783,89.77844914400805,38.56998992950655,10.221550855991945,51.20845921450151,2117,106.59617321248743,0,131
E01026112,East Lindsey 017D,E07000137,East Lindsey,1284,319,707,258,965,75.15576323987538,20.093457943925234,24.84423676012461,55.06230529595015,1292,100.62305295950156,0,8
E01026119,East Lindsey 016F,E07000137,East Lindsey,1100,136,435,529,964,87.63636363636364,48.090909090909086,12.363636363636363,39.54545454545455,1169,106.27272727272728,0,69
E01026118,East Lindsey 016E,E07000137,East Lindsey,1873,239,833,801,1634,87.23972237052855,42.765616657768284,12.760277629471437,44.47410571276028,1994,106.46022423918846,0,121
E01026117,East Lindsey 008E,E07000137,East Lindsey,1927,203,944,780,1724,89.46549039958485,40.47742605085625,10.534509600415152,48.98806434872859,1987,103.11364815775816,0,60
E01026116,East Lindsey 012D,E07000137,East Lindsey,1661,250,980,431,1411,84.94882600842865,25.948223961468997,15.051173991571343,59.00060204695966,1695,102.04695966285371,0,34
E01026107,East Lindsey 001G,E07000137,East Lindsey,1362,256,774,332,1106,81.20411160058737,24.375917767988252,18.79588839941263,56.82819383259912,1130,82.96622613803231,232,0
E01026106,East Lindsey 001F,E07000137,East Lindsey,1418,242,724,452,1176,82.93370944992948,31.875881523272216,17.066290550070523,51.05782792665726,1003,70.73342736248237,415,0
E01026105,East Lindsey 009D,E07000137,East Lindsey,2221,293,1148,780,1928,86.80774425934263,35.119315623592975,13.19225574065736,51.68842863574966,2321,104.5024763619991,0,100
E01026104,East Lindsey 006B,E07000137,East Lindsey,2072,209,733,1130,1863,89.91312741312741,54.536679536679536,10.086872586872587,35.37644787644788,2206,106.46718146718146,0,134
E01026111,East Lindsey 017C,E07000137,East Lindsey,1528,203,808,517,1325,86.71465968586386,33.83507853403142,13.285340314136127,52.879581151832454,1520,99.47643979057592,8,0
E01026110,East Lindsey 017B,E07000137,East Lindsey,1483,177,731,575,1306,88.06473364801079,38.77275792312879,11.935266351989211,49.291975724882,1435,96.76331759946055,48,0
E01026109,East Lindsey 006C,E07000137,East Lindsey,1993,136,837,1020,1857,93.176116407426,51.17912694430507,6.82388359257401,41.99698946312092,2001,100.40140491721023,0,8
E01026108,East Lindsey 003G,E07000137,East Lindsey,2556,547,1547,462,2009,78.59937402190923,18.07511737089202,21.40062597809077,60.52425665101722,2552,99.8435054773083,4,0
E01026099,East Lindsey 005D,E07000137,East Lindsey,1995,237,987,771,1758,88.1203007518797,38.64661654135338,11.879699248120302,49.473684210526315,2153,107.91979949874685,0,158
E01026098,East Lindsey 018C,E07000137,East Lindsey,2100,334,1089,677,1766,84.0952380952381,32.23809523809524,15.904761904761905,51.857142857142854,2179,103.76190476190476,0,79
E01026097,East Lindsey 015D,E07000137,East Lindsey,1497,212,770,515,1285,85.83834335337342,34.40213760855043,14.161656646626586,51.436205744822985,1534,102.47160988643955,0,37
E01026096,East Lindsey 015C,E07000137,East Lindsey,1469,234,819,416,1235,84.070796460177,28.31858407079646,15.929203539823009,55.75221238938053,1514,103.0633083730429,0,45
E01026103,East Lindsey 006A,E07000137,East Lindsey,1986,184,730,1072,1802,90.73514602215509,53.977844914400805,9.264853977844915,36.75730110775428,1942,97.78449144008057,44,0
E01026102,East Lindsey 018D,E07000137,East Lindsey,2365,332,1283,750,2033,85.96194503171247,31.712473572938688,14.038054968287527,54.249471458773776,2489,105.24312896405921,0,124
E01026101,East Lindsey 013F,E07000137,East Lindsey,1375,293,740,342,1082,78.69090909090909,24.87272727272727,21.30909090909091,53.81818181818182,1376,100.07272727272726,0,1
E01026100,East Lindsey 013E,E07000137,East Lindsey,1859,404,1014,441,1455,78.26788596019365,23.722431414739106,21.732114039806348,54.54545454545454,1900,102.20548682087143,0,41
E01026158,Lincoln 009B,E07000138,Lincoln,1401,196,724,481,1205,86.00999286224126,34.33261955745896,13.990007137758745,51.67737330478231,1386,98.92933618843684,15,0
E01026157,Lincoln 002C,E07000138,Lincoln,1484,321,784,379,1163,78.36927223719677,25.539083557951482,21.630727762803232,52.83018867924528,1533,103.30188679245282,0,49
E01026156,Lincoln 004G,E07000138,Lincoln,1317,339,835,143,978,74.25968109339408,10.858010630220196,25.740318906605925,63.40167046317388,1353,102.73348519362186,0,36
E01026155,Lincoln 002B,E07000138,Lincoln,1766,342,1084,340,1424,80.63420158550396,19.25254813137033,19.365798414496034,61.381653454133634,1733,98.13137032842583,33,0
E01026162,Lincoln 009E,E07000138,Lincoln,1484,265,812,407,1219,82.14285714285714,27.425876010781668,17.857142857142858,54.71698113207547,1551,104.51482479784366,0,67
E01026161,Lincoln 010A,E07000138,Lincoln,1384,286,830,268,1098,79.33526011560693,19.36416184971098,20.664739884393065,59.97109826589595,1492,107.80346820809248,0,108
E01026160,Lincoln 009D,E07000138,Lincoln,1369,201,844,324,1168,85.31775018261504,23.66691015339664,14.682249817384951,61.650840029218415,1303,95.17896274653032,66,0
E01026159,Lincoln 009C,E07000138,Lincoln,1441,289,889,263,1152,79.94448299791812,18.25121443442054,20.05551700208189,61.69326856349757,1497,103.88619014573213,0,56
E01026150,Lincoln 001B,E07000138,Lincoln,1803,416,1119,268,1387,76.92734331669439,14.864115363283418,23.0726566833056,62.06322795341098,1762,97.72601220188575,41,0
E01026149,Lincoln 001A,E07000138,Lincoln,1674,359,1006,309,1315,78.55436081242533,18.45878136200717,21.44563918757467,60.09557945041816,1766,105.49581839904421,0,92
E01026148,Lincoln 003D,E07000138,Lincoln,1891,224,1362,305,1667,88.1544156530936,16.129032258064516,11.8455843469064,72.02538339502908,1874,99.10100475938657,17,0
E01026147,Lincoln 003C,E07000138,Lincoln,2532,461,1587,484,2071,81.79304897314375,19.11532385466035,18.206951026856242,62.67772511848341,2520,99.52606635071089,12,0
E01026154,Lincoln 004F,E07000138,Lincoln,1383,344,847,192,1039,75.12653651482285,13.882863340563992,24.87346348517715,61.24367317425886,1462,105.7122198120029,0,79
E01026153,Lincoln 002A,E07000138,Lincoln,2611,493,1590,528,2118,81.118345461509,20.222137112217542,18.881654538491,60.896208349291456,2676,102.48946763692072,0,65
E01026152,Lincoln 004E,E07000138,Lincoln,1640,498,1007,135,1142,69.6341463414634,8.231707317073171,30.365853658536583,61.40243902439024,1630,99.39024390243902,10,0
E01026151,Lincoln 003E,E07000138,Lincoln,2147,400,1303,444,1747,81.36935258500233,20.680018630647414,18.63064741499767,60.68933395435492,2049,95.43549138332557,98,0
E01026141,Lincoln 011E,E07000138,Lincoln,1483,337,903,243,1146,77.2757923128793,16.38570465273095,22.7242076871207,60.89008766014835,1622,109.37289278489548,0,139
E01026140,Lincoln 011D,E07000138,Lincoln,1315,290,831,194,1025,77.9467680608365,14.752851711026615,22.0532319391635,63.19391634980989,1343,102.12927756653994,0,28
E01026139,Lincoln 011C,E07000138,Lincoln,1318,263,766,289,1055,80.04552352048559,21.927162367223065,19.954476479514415,58.11836115326252,1287,97.64795144157816,31,0
E01034698,South Holland 006I,E07000140,South Holland,1789,520,1133,136,1269,70.93348239239799,7.602012297372834,29.06651760760201,63.33147009502515,1736,97.0374510899944,53,0
E01026138,Lincoln 011B,E07000138,Lincoln,1387,253,766,368,1134,81.75919250180245,26.532083633741887,18.240807498197547,55.22710886806056,1453,104.75847152126893,0,66
E01034697,South Holland 006H,E07000140,South Holland,1562,352,945,265,1210,77.46478873239437,16.965428937259926,22.535211267605636,60.499359795134446,1630,104.35339308578746,0,68
E01034696,North Kesteven 011G,E07000139,North Kesteven,1520,250,868,402,1270,83.55263157894737,26.44736842105263,16.447368421052634,57.10526315789474,1618,106.44736842105263,0,98
E01026146,Lincoln 005D,E07000138,Lincoln,1878,163,1546,169,1715,91.32055378061767,8.998935037273695,8.67944621938232,82.32161874334398,1737,92.49201277955271,141,0
E01034695,North Kesteven 011F,E07000139,North Kesteven,2015,575,1293,147,1440,71.46401985111662,7.295285359801489,28.53598014888337,64.16873449131513,1814,90.02481389578165,201,0
E01026145,Lincoln 005C,E07000138,Lincoln,1594,192,1220,182,1402,87.95483061480553,11.417816813048933,12.045169385194479,76.53701380175659,1418,88.95859473023839,176,0
E01026144,Lincoln 003B,E07000138,Lincoln,2159,374,1602,183,1785,82.67716535433071,8.476146364057433,17.322834645669293,74.20101899027327,2072,95.97035664659565,87,0
E01034702,South Kesteven 004G,E07000141,South Kesteven,1614,268,900,446,1346,83.39529120198264,27.63320941759603,16.60470879801735,55.762081784386616,1595,98.82280049566296,19,0
E01026142,Lincoln 011F,E07000138,Lincoln,1233,291,701,241,942,76.39902676399026,19.54582319545823,23.600973236009732,56.85320356853204,1266,102.676399026764,0,33
E01034701,South Kesteven 004F,E07000141,South Kesteven,1743,482,1172,89,1261,72.34652897303499,5.1061388410786,27.653471026965004,67.24039013195639,1724,98.90992541594952,19,0
E01026132,Lincoln 005A,E07000138,Lincoln,4192,206,3845,141,3986,95.08587786259542,3.3635496183206106,4.91412213740458,91.7223282442748,3705,88.38263358778626,487,0
E01034700,South Holland 009G,E07000140,South Holland,1366,238,752,376,1128,82.57686676427525,27.52562225475842,17.423133235724745,55.05124450951684,1619,118.52122986822839,0,253
E01026131,Lincoln 007D,E07000138,Lincoln,1365,311,760,294,1054,77.21611721611723,21.53846153846154,22.783882783882785,55.67765567765568,1509,110.54945054945055,0,144
E01034699,South Holland 009F,E07000140,South Holland,1495,378,945,172,1117,74.71571906354515,11.505016722408026,25.28428093645485,63.21070234113713,1410,94.31438127090301,85,0
E01034690,Lincoln 007F,E07000138,Lincoln,1566,297,933,336,1269,81.03448275862068,21.455938697318008,18.96551724137931,59.578544061302686,1608,102.68199233716476,0,42
E01026130,Lincoln 009A,E07000138,Lincoln,1453,263,727,463,1190,81.89951823812801,31.865106675843087,18.10048176187199,50.03441156228493,1398,96.21472814865794,55,0
E01034689,Lincoln 007E,E07000138,Lincoln,1219,305,782,132,914,74.97949138638228,10.828547990155865,25.02050861361772,64.15094339622641,1195,98.03117309269894,24,0
E01026129,Lincoln 007C,E07000138,Lincoln,1722,474,1113,135,1248,72.47386759581882,7.8397212543554,27.526132404181187,64.63414634146342,1850,107.43321718931476,0,128
E01034688,Lincoln 005F,E07000138,Lincoln,1786,81,1612,93,1705,95.46472564389697,5.207166853303471,4.535274356103024,90.2575587905935,1405,78.66741321388577,381,0
E01026137,Lincoln 011A,E07000138,Lincoln,1129,187,682,260,942,83.43666961913198,23.02922940655447,16.563330380868024,60.4074402125775,1184,104.87156775907881,0,55
E01034687,Lincoln 005E,E07000138,Lincoln,1141,72,978,91,1069,93.68974583698511,7.975460122699387,6.310254163014899,85.71428571428571,1038,90.97283085013146,103,0
E01026136,Lincoln 008C,E07000138,Lincoln,1815,318,1119,378,1497,82.47933884297521,20.826446280991735,17.520661157024794,61.65289256198348,1903,104.84848484848486,0,88
E01034694,North Kesteven 003J,E07000139,North Kesteven,1982,602,1280,100,1380,69.62663975782039,5.045408678102927,30.373360242179615,64.58123107971745,2136,107.76992936427851,0,154
E01026135,Lincoln 008B,E07000138,Lincoln,1767,310,1020,437,1457,82.45614035087719,24.731182795698924,17.543859649122805,57.72495755517827,1841,104.18788907753253,0,74
E01034693,North Kesteven 003I,E07000139,North Kesteven,2057,665,1283,109,1392,67.67136606708799,5.298979095770539,32.32863393291201,62.372386971317454,1977,96.11084103062713,80,0
E01026134,Lincoln 006A,E07000138,Lincoln,2030,277,1528,225,1753,86.35467980295567,11.083743842364532,13.645320197044336,75.27093596059113,2027,99.85221674876847,3,0
E01034692,Lincoln 008F,E07000138,Lincoln,1532,318,1089,125,1214,79.24281984334203,8.159268929503916,20.757180156657963,71.08355091383812,1579,103.06788511749347,0,47
E01026191,North Kesteven 005A,E07000139,North Kesteven,1878,355,1131,392,1523,81.09691160809372,20.873269435569757,18.903088391906284,60.22364217252396,1875,99.84025559105432,3,0
E01034691,Lincoln 008E,E07000138,Lincoln,2606,294,2232,80,2312,88.71834228702993,3.069838833461243,11.28165771297007,85.6485034535687,2415,92.67075978511127,191,0
E01026190,North Kesteven 004D,E07000139,North Kesteven,2184,524,1206,454,1660,76.007326007326,20.78754578754579,23.992673992673993,55.219780219780226,2370,108.5164835164835,0,186
E01034682,Boston 003F,E07000136,Boston,1564,378,1083,103,1186,75.83120204603581,6.585677749360613,24.168797953964194,69.24552429667519,2250,143.8618925831202,0,686
E01026189,North Kesteven 001C,E07000139,North Kesteven,1769,241,879,649,1528,86.37648388920294,36.68739400791408,13.623516110797059,49.689089881288865,1770,100.05652911249294,0,1
E01034681,Boston 003E,E07000136,Boston,1392,344,948,100,1048,75.28735632183908,7.183908045977011,24.71264367816092,68.10344827586206,1880,135.05747126436782,0,488
E01026188,North Kesteven 004C,E07000139,North Kesteven,2214,428,1322,464,1786,80.66847335140018,20.957542908762424,19.33152664859982,59.71093044263775,2136,96.4769647696477,78,0
E01034680,Boston 002G,E07000136,Boston,1558,424,987,147,1134,72.78562259306803,9.435173299101413,27.214377406931966,63.350449293966626,1863,119.57637997432606,0,305
E01026195,North Kesteven 006C,E07000139,North Kesteven,1910,283,1000,627,1627,85.18324607329842,32.82722513089006,14.81675392670157,52.35602094240838,1807,94.60732984293195,103,0
E01034679,Boston 002F,E07000136,Boston,1384,329,854,201,1055,76.22832369942196,14.523121387283236,23.771676300578033,61.70520231213873,1728,124.85549132947978,0,344
E01026194,North Kesteven 006B,E07000139,North Kesteven,2324,427,1209,688,1897,81.62650602409639,29.604130808950085,18.373493975903614,52.0223752151463,2305,99.18244406196214,19,0
E01034686,East Lindsey 012F,E07000137,East Lindsey,1793,389,1062,342,1404,78.30451756832126,19.074177356385945,21.69548243167875,59.23034021193531,1887,105.2426101505856,0,94
E01026193,North Kesteven 003C,E07000139,North Kesteven,1873,269,1197,407,1604,85.63801388147357,21.72984516817939,14.36198611852643,63.90816871329418,870,46.44954618259477,1003,0
E01034685,East Lindsey 012E,E07000137,East Lindsey,1238,103,504,631,1135,91.68012924071083,50.96930533117933,8.319870759289175,40.7108239095315,1242,100.32310177705976,0,4
E01026192,North Kesteven 006A,E07000139,North Kesteven,1224,166,695,363,1058,86.43790849673204,29.65686274509804,13.562091503267974,56.78104575163398,1207,98.61111111111111,17,0
E01034684,Boston 009F,E07000136,Boston,1600,476,945,179,1124,70.25,11.1875,29.75,59.06249999999999,1850,115.625,0,250
E01026183,North Kesteven 007B,E07000139,North Kesteven,2887,537,1569,781,2350,81.39937651541392,27.052303429165224,18.600623484586077,54.3470730862487,2908,100.72739868375476,0,21
E01034683,Boston 009E,E07000136,Boston,1456,310,783,363,1146,78.70879120879121,24.931318681318682,21.291208791208792,53.777472527472526,1585,108.8598901098901,0,129
E01026182,North Kesteven 003B,E07000139,North Kesteven,1473,241,795,437,1232,83.6388323150034,29.667345553292602,16.361167684996605,53.97148676171079,1564,106.17786829599456,0,91
E01026180,North Kesteven 007A,E07000139,North Kesteven,1495,259,851,385,1236,82.67558528428094,25.75250836120401,17.324414715719065,56.92307692307692,1495,100.0,0,0
E01026179,North Kesteven 008A,E07000139,North Kesteven,1254,224,879,151,1030,82.13716108452951,12.041467304625199,17.862838915470494,70.09569377990431,928,74.00318979266348,326,0
E01026187,North Kesteven 001B,E07000139,North Kesteven,1909,347,1294,268,1562,81.82294394971188,14.038763750654793,18.17705605028811,67.7841801990571,1782,93.34730225248822,127,0
E01026186,North Kesteven 001A,E07000139,North Kesteven,1692,293,887,512,1399,82.68321513002364,30.260047281323878,17.31678486997636,52.42316784869976,1777,105.02364066193854,0,85
E01026185,North Kesteven 004B,E07000139,North Kesteven,2544,470,1469,605,2074,81.5251572327044,23.781446540880502,18.474842767295595,57.7437106918239,2526,99.29245283018868,18,0
E01026184,North Kesteven 004A,E07000139,North Kesteven,2361,596,1630,135,1765,74.75645912748836,5.717916137229987,25.243540872511648,69.03854299025836,1454,61.584074544684455,907,0
E01026174,Lincoln 008D,E07000138,Lincoln,1588,327,1085,176,1261,79.40806045340051,11.083123425692696,20.591939546599498,68.3249370277078,1556,97.98488664987406,32,0
E01026173,Lincoln 010D,E07000138,Lincoln,1558,407,976,175,1151,73.8767650834403,11.232349165596919,26.12323491655969,62.64441591784339,1680,107.83055198973042,0,122
E01026172,Lincoln 010C,E07000138,Lincoln,1649,432,1000,217,1217,73.80230442692542,13.159490600363858,26.197695573074594,60.64281382656155,1671,101.33414190418435,0,22
E01026171,Lincoln 011H,E07000138,Lincoln,1522,187,826,509,1335,87.71353482260183,33.44283837056505,12.28646517739816,54.270696452036795,1417,93.10118265440211,105,0
