LSOA_Code,LSOA_Name,Local_Authority_District,Resident_Population_ONS_2024,GP_Registered_Patients,Number_Difference,Percentage_Difference_Pct,GP_Registration_Coverage_Pct
E01026023,Boston 001D,Boston,1686,4797,3111,184.52,284.52
E01026032,Boston 002D,Boston,2073,2761,688,33.19,133.19
E01034703,South Kesteven 010E,South Kesteven,1429,2116,687,48.08,148.08
E01034682,Boston 003F,Boston,1564,2250,686,43.86,143.86
E01026382,West Lindsey 004D,West Lindsey,2034,2657,623,30.63,130.63
E01026025,Boston 003C,Boston,2351,2961,610,25.95,125.95
E01026036,Boston 003D,Boston,1686,2264,578,34.28,134.28
E01026394,West Lindsey 010B,West Lindsey,2979,3543,564,18.93,118.93
E01026021,Boston 003B,Boston,1750,2308,558,31.89,131.89
E01026030,Boston 002C,Boston,2559,3076,517,20.2,120.2
E01026020,Boston 007D,Boston,3124,3628,504,16.13,116.13
E01034681,Boston 003E,Boston,1392,1880,488,35.06,135.06
E01026018,Boston 007B,Boston,1687,2104,417,24.72,124.72
E01026013,Boston 008A,Boston,1609,2014,405,25.17,125.17
E01026094,East Lindsey 015B,East Lindsey,2490,2890,400,16.06,116.06
E01026077,East Lindsey 003A,East Lindsey,1825,2213,388,21.26,121.26
E01026176,Lincoln 006B,Lincoln,2157,2544,387,17.94,117.94
E01026091,East Lindsey 003F,East Lindsey,1395,1773,378,27.1,127.1
E01026231,North Kesteven 010C,North Kesteven,3294,3654,360,10.93,110.93
E01034679,Boston 002F,Boston,1384,1728,344,24.86,124.86
E01026037,Boston 002E,Boston,1555,1879,324,20.84,120.84
E01026276,South Holland 001E,South Holland,2421,2735,314,12.97,112.97
E01034680,Boston 002G,Boston,1558,1863,305,19.58,119.58
E01026016,Boston 006A,Boston,2417,2716,299,12.37,112.37
E01026270,South Holland 007C,South Holland,1983,2270,287,14.47,114.47
E01026028,Boston 004E,Boston,1763,2045,282,16.0,116.0
E01026316,South Kesteven 007D,South Kesteven,2559,2832,273,10.67,110.67
E01026012,Boston 004A,Boston,1121,1391,270,24.09,124.09
E01026066,East Lindsey 011C,East Lindsey,2356,2613,257,10.91,110.91
E01026031,Boston 009B,Boston,1661,1917,256,15.41,115.41
E01034700,South Holland 009G,South Holland,1366,1619,253,18.52,118.52
E01034684,Boston 009F,Boston,1600,1850,250,15.62,115.62
E01026069,East Lindsey 010D,East Lindsey,2281,2530,249,10.92,110.92
E01026040,Boston 008E,Boston,1837,2083,246,13.39,113.39
E01026281,South Holland 004A,South Holland,1544,1784,240,15.54,115.54
E01026093,East Lindsey 014B,East Lindsey,1806,2045,239,13.23,113.23
E01026027,Boston 004D,Boston,1818,2054,236,12.98,112.98
E01026015,Boston 004B,Boston,1861,2096,235,12.63,112.63
E01026126,Lincoln 004D,Lincoln,2100,2335,235,11.19,111.19
E01026312,South Kesteven 005E,South Kesteven,1274,1505,231,18.13,118.13
E01026251,South Holland 003B,South Holland,1947,2169,222,11.4,111.4
E01026412,West Lindsey 008B,West Lindsey,2250,2468,218,9.69,109.69
E01026265,South Holland 009D,South Holland,1514,1732,218,14.4,114.4
E01026123,Lincoln 004B,Lincoln,2701,2917,216,8.0,108.0
E01026284,South Holland 011C,South Holland,2414,2629,215,8.91,108.91
E01026177,Lincoln 006C,Lincoln,2539,2753,214,8.43,108.43
E01026039,Boston 009D,Boston,1197,1408,211,17.63,117.63
E01026033,Boston 006B,Boston,2446,2654,208,8.5,108.5
E01026252,South Holland 003C,South Holland,1846,2054,208,11.27,111.27
E01026298,South Kesteven 011D,South Kesteven,2315,2521,206,8.9,108.9
E01026268,South Holland 007A,South Holland,2077,2276,199,9.58,109.58
E01026203,North Kesteven 001D,North Kesteven,2274,2470,196,8.62,108.62
E01026081,East Lindsey 004A,East Lindsey,2286,2481,195,8.53,108.53
E01034706,West Lindsey 009E,West Lindsey,2044,2238,194,9.49,109.49
E01026121,East Lindsey 007C,East Lindsey,2705,2896,191,7.06,107.06
E01026010,Boston 002A,Boston,1924,2115,191,9.93,109.93
E01026019,Boston 007C,Boston,2709,2899,190,7.01,107.01
E01026065,East Lindsey 011B,East Lindsey,2089,2278,189,9.05,109.05
E01026092,East Lindsey 014A,East Lindsey,1397,1585,188,13.46,113.46
E01026302,South Kesteven 010D,South Kesteven,1057,1244,187,17.69,117.69
E01026190,North Kesteven 004D,North Kesteven,2184,2370,186,8.52,108.52
E01032998,South Kesteven 011F,South Kesteven,1886,2071,185,9.81,109.81
E01026114,East Lindsey 014D,East Lindsey,1735,1915,180,10.37,110.37
E01026329,South Kesteven 001C,South Kesteven,1832,2012,180,9.83,109.83
E01026014,Boston 008B,Boston,1877,2056,179,9.54,109.54
E01026262,South Holland 009A,South Holland,1466,1645,179,12.21,112.21
E01026266,South Holland 006B,South Holland,2348,2519,171,7.28,107.28
E01026258,South Holland 005B,South Holland,2658,2826,168,6.32,106.32
E01026391,West Lindsey 003C,West Lindsey,2056,2224,168,8.17,108.17
E01026046,East Lindsey 013A,East Lindsey,1571,1738,167,10.63,110.63
E01026317,South Kesteven 006A,South Kesteven,2478,2644,166,6.7,106.7
E01032992,North Kesteven 014F,North Kesteven,1452,1617,165,11.36,111.36
E01026026,Boston 004C,Boston,2311,2472,161,6.97,106.97
E01026073,East Lindsey 005B,East Lindsey,1900,2060,160,8.42,108.42
E01026355,South Kesteven 002C,South Kesteven,2588,2748,160,6.18,106.18
E01026365,South Kesteven 002D,South Kesteven,2291,2450,159,6.94,106.94
E01026263,South Holland 009B,South Holland,2626,2785,159,6.05,106.05
E01026099,East Lindsey 005D,East Lindsey,1995,2153,158,7.92,107.92
E01034694,North Kesteven 003J,North Kesteven,1982,2136,154,7.77,107.77
E01026350,South Kesteven 016B,South Kesteven,2078,2231,153,7.36,107.36
E01026269,South Holland 007B,South Holland,2140,2291,151,7.06,107.06
E01026041,Boston 007E,Boston,1368,1518,150,10.96,110.96
E01026131,Lincoln 007D,Lincoln,1365,1509,144,10.55,110.55
E01026243,South Holland 001B,South Holland,1404,1545,141,10.04,110.04
E01026141,Lincoln 011E,Lincoln,1483,1622,139,9.37,109.37
E01026007,Boston 001A,Boston,1137,1274,137,12.05,112.05
E01026034,Boston 006C,Boston,1758,1894,136,7.74,107.74
E01026230,North Kesteven 010B,North Kesteven,2103,2238,135,6.42,106.42
E01026242,South Holland 001A,South Holland,1973,2107,134,6.79,106.79
E01026104,East Lindsey 006B,East Lindsey,2072,2206,134,6.47,106.47
E01026322,South Kesteven 004C,South Kesteven,1182,1315,133,11.25,111.25
E01026232,North Kesteven 010D,North Kesteven,2164,2296,132,6.1,106.1
E01026113,East Lindsey 008D,East Lindsey,1986,2117,131,6.6,106.6
E01026075,East Lindsey 018B,East Lindsey,2197,2327,130,5.92,105.92
E01034683,Boston 009E,Boston,1456,1585,129,8.86,108.86
E01026070,East Lindsey 009C,East Lindsey,2314,2442,128,5.53,105.53
E01026314,South Kesteven 001B,South Kesteven,1385,1513,128,9.24,109.24
E01026129,Lincoln 007C,Lincoln,1722,1850,128,7.43,107.43
E01026102,East Lindsey 018D,East Lindsey,2365,2489,124,5.24,105.24
E01026223,North Kesteven 008D,North Kesteven,2080,2203,123,5.91,105.91
E01026124,Lincoln 004C,Lincoln,1994,2117,123,6.17,106.17
E01026211,North Kesteven 005C,North Kesteven,2016,2139,123,6.1,106.1
E01026173,Lincoln 010D,Lincoln,1558,1680,122,7.83,107.83
E01026054,East Lindsey 016D,East Lindsey,1519,1641,122,8.03,108.03
E01026118,East Lindsey 016E,East Lindsey,1873,1994,121,6.46,106.46
E01026277,South Holland 008D,South Holland,1669,1789,120,7.19,107.19
E01026395,West Lindsey 010C,West Lindsey,1489,1607,118,7.92,107.92
E01026220,North Kesteven 013A,North Kesteven,2225,2338,113,5.08,105.08
E01026244,South Holland 001C,South Holland,1397,1506,109,7.8,107.8
E01026326,South Kesteven 003B,South Kesteven,1521,1630,109,7.17,107.17
E01026161,Lincoln 010A,Lincoln,1384,1492,108,7.8,107.8
E01026273,South Holland 006C,South Holland,1792,1899,107,5.97,105.97
E01026353,South Kesteven 003F,South Kesteven,1664,1766,102,6.13,106.13
E01026105,East Lindsey 009D,East Lindsey,2221,2321,100,4.5,104.5
E01026285,South Holland 004D,South Holland,1449,1549,100,6.9,106.9
E01026095,East Lindsey 014C,East Lindsey,1406,1506,100,7.11,107.11
E01026072,East Lindsey 005A,East Lindsey,2394,2494,100,4.18,104.18
E01026170,Lincoln 010B,Lincoln,1604,1703,99,6.17,106.17
E01034696,North Kesteven 011G,North Kesteven,1520,1618,98,6.45,106.45
E01034686,East Lindsey 012F,East Lindsey,1793,1887,94,5.24,105.24
E01026122,Lincoln 004A,Lincoln,2188,2282,94,4.3,104.3
E01026074,East Lindsey 005C,East Lindsey,2153,2246,93,4.32,104.32
E01026084,East Lindsey 012A,East Lindsey,1618,1711,93,5.75,105.75
E01032988,North Kesteven 013B,North Kesteven,1939,2031,92,4.74,104.74
E01026291,South Kesteven 002A,South Kesteven,2539,2631,92,3.62,103.62
E01026149,Lincoln 001A,Lincoln,1674,1766,92,5.5,105.5
E01026388,West Lindsey 007A,West Lindsey,2262,2353,91,4.02,104.02
E01026182,North Kesteven 003B,North Kesteven,1473,1564,91,6.18,106.18
E01026245,South Holland 010A,South Holland,2630,2721,91,3.46,103.46
E01026325,South Kesteven 003A,South Kesteven,1636,1726,90,5.5,105.5
E01026308,South Kesteven 005A,South Kesteven,1667,1756,89,5.34,105.34
E01026136,Lincoln 008C,Lincoln,1815,1903,88,4.85,104.85
E01026300,South Kesteven 010B,South Kesteven,1392,1478,86,6.18,106.18
E01026083,East Lindsey 015A,East Lindsey,1727,1812,85,4.92,104.92
E01026186,North Kesteven 001A,North Kesteven,1692,1777,85,5.02,105.02
E01026253,South Holland 003D,South Holland,2053,2137,84,4.09,104.09
E01026035,Boston 009C,Boston,2514,2596,82,3.26,103.26
E01026115,East Lindsey 012C,East Lindsey,1699,1780,81,4.77,104.77
E01026056,East Lindsey 017A,East Lindsey,1333,1413,80,6.0,106.0
E01026327,South Kesteven 003C,South Kesteven,1457,1537,80,5.49,105.49
E01026098,East Lindsey 018C,East Lindsey,2100,2179,79,3.76,103.76
E01026256,South Holland 008C,South Holland,1634,1713,79,4.83,104.83
E01026154,Lincoln 004F,Lincoln,1383,1462,79,5.71,105.71
E01026050,East Lindsey 010C,East Lindsey,1554,1632,78,5.02,105.02
E01026414,West Lindsey 008D,West Lindsey,1919,1997,78,4.06,104.06
E01034704,South Kesteven 010F,South Kesteven,2407,2483,76,3.16,103.16
E01026087,East Lindsey 003C,East Lindsey,1631,1705,74,4.54,104.54
E01026135,Lincoln 008B,Lincoln,1767,1841,74,4.19,104.19
E01026296,South Kesteven 011B,South Kesteven,1431,1504,73,5.1,105.1
E01026272,South Holland 007E,South Holland,1424,1497,73,5.13,105.13
E01032989,North Kesteven 013C,North Kesteven,2130,2202,72,3.38,103.38
E01026311,South Kesteven 005D,South Kesteven,1617,1688,71,4.39,104.39
E01026290,South Kesteven 008A,South Kesteven,2177,2247,70,3.22,103.22
E01026389,West Lindsey 003A,West Lindsey,1742,1812,70,4.02,104.02
E01026119,East Lindsey 016F,East Lindsey,1100,1169,69,6.27,106.27
E01026017,Boston 007A,Boston,1602,1671,69,4.31,104.31
E01026225,North Kesteven 003E,North Kesteven,1761,1829,68,3.86,103.86
E01034697,South Holland 006H,South Holland,1562,1630,68,4.35,104.35
E01026162,Lincoln 009E,Lincoln,1484,1551,67,4.51,104.51
E01026138,Lincoln 011B,Lincoln,1387,1453,66,4.76,104.76
E01026207,North Kesteven 012D,North Kesteven,1255,1321,66,5.26,105.26
E01026120,East Lindsey 016G,East Lindsey,1458,1524,66,4.53,104.53
E01026153,Lincoln 002A,Lincoln,2611,2676,65,2.49,102.49
E01026321,South Kesteven 004B,South Kesteven,1443,1508,65,4.5,104.5
E01026233,North Kesteven 011C,North Kesteven,1663,1727,64,3.85,103.85
E01026165,Lincoln 002D,Lincoln,1806,1870,64,3.54,103.54
E01026275,South Holland 006E,South Holland,2687,2749,62,2.31,102.31
E01026215,North Kesteven 014B,North Kesteven,1026,1086,60,5.85,105.85
E01026341,South Kesteven 008B,South Kesteven,1581,1641,60,3.8,103.8
E01026117,East Lindsey 008E,East Lindsey,1927,1987,60,3.11,103.11
E01026047,East Lindsey 013B,East Lindsey,1266,1325,59,4.66,104.66
E01026196,North Kesteven 006D,North Kesteven,1480,1539,59,3.99,103.99
E01026024,Boston 001E,Boston,2267,2325,58,2.56,102.56
E01026362,South Kesteven 012C,South Kesteven,1721,1779,58,3.37,103.37
E01026049,East Lindsey 010B,East Lindsey,1488,1545,57,3.83,103.83
E01026159,Lincoln 009C,Lincoln,1441,1497,56,3.89,103.89
E01026383,West Lindsey 004E,West Lindsey,1472,1528,56,3.8,103.8
E01026059,East Lindsey 013D,East Lindsey,1131,1186,55,4.86,104.86
E01026247,South Holland 001D,South Holland,2005,2060,55,2.74,102.74
E01026137,Lincoln 011A,Lincoln,1129,1184,55,4.87,104.87
E01026343,South Kesteven 006D,South Kesteven,1898,1951,53,2.79,102.79
E01026400,West Lindsey 009D,West Lindsey,1530,1583,53,3.46,103.46
E01026250,South Holland 003A,South Holland,2203,2255,52,2.36,102.36
E01026282,South Holland 004B,South Holland,2031,2080,49,2.41,102.41
E01026157,Lincoln 002C,Lincoln,1484,1533,49,3.3,103.3
E01026371,West Lindsey 011D,West Lindsey,1257,1306,49,3.9,103.9
E01026264,South Holland 009C,South Holland,1631,1680,49,3.0,103.0
E01026375,West Lindsey 006B,West Lindsey,2029,2077,48,2.37,102.37
E01026055,East Lindsey 013C,East Lindsey,1164,1212,48,4.12,104.12
E01026241,South Holland 005A,South Holland,2059,2107,48,2.33,102.33
E01026166,Lincoln 001C,Lincoln,1461,1508,47,3.22,103.22
E01034692,Lincoln 008F,Lincoln,1532,1579,47,3.07,103.07
E01026288,South Kesteven 015B,South Kesteven,1625,1671,46,2.83,102.83
E01026096,East Lindsey 015C,East Lindsey,1469,1514,45,3.06,103.06
E01032991,North Kesteven 014E,North Kesteven,2304,2348,44,1.91,101.91
E01026043,East Lindsey 008B,East Lindsey,1967,2010,43,2.19,102.19
E01034690,Lincoln 007F,Lincoln,1566,1608,42,2.68,102.68
E01026406,West Lindsey 010E,West Lindsey,1252,1294,42,3.35,103.35
E01026345,South Kesteven 006F,South Kesteven,1750,1791,41,2.34,102.34
E01026332,South Kesteven 007E,South Kesteven,2199,2240,41,1.86,101.86
E01026100,East Lindsey 013E,East Lindsey,1859,1900,41,2.21,102.21
E01026377,West Lindsey 006D,West Lindsey,2221,2262,41,1.85,101.85
E01026169,Lincoln 011G,Lincoln,1764,1804,40,2.27,102.27
E01026228,North Kesteven 011A,North Kesteven,1730,1769,39,2.25,102.25
E01026328,South Kesteven 003D,South Kesteven,1550,1587,37,2.39,102.39
E01026097,East Lindsey 015D,East Lindsey,1497,1534,37,2.47,102.47
E01026156,Lincoln 004G,Lincoln,1317,1353,36,2.73,102.73
E01026369,West Lindsey 011B,West Lindsey,1354,1390,36,2.66,102.66
E01026352,South Kesteven 003E,South Kesteven,1295,1330,35,2.7,102.7
E01026221,North Kesteven 009B,North Kesteven,2489,2524,35,1.41,101.41
E01026116,East Lindsey 012D,East Lindsey,1661,1695,34,2.05,102.05
E01026212,North Kesteven 005D,North Kesteven,1594,1627,33,2.07,102.07
E01026060,East Lindsey 009A,East Lindsey,1284,1317,33,2.57,102.57
E01026142,Lincoln 011F,Lincoln,1233,1266,33,2.68,102.68
E01026235,North Kesteven 010E,North Kesteven,1646,1679,33,2.0,102.0
E01026376,West Lindsey 006C,West Lindsey,1634,1666,32,1.96,101.96
E01026360,South Kesteven 012B,South Kesteven,2151,2182,31,1.44,101.44
E01026372,West Lindsey 008A,West Lindsey,2938,2969,31,1.06,101.06
E01026140,Lincoln 011D,Lincoln,1315,1343,28,2.13,102.13
E01026044,East Lindsey 008C,East Lindsey,1346,1374,28,2.08,102.08
E01026342,South Kesteven 008C,South Kesteven,1362,1389,27,1.98,101.98
E01026202,North Kesteven 012C,North Kesteven,2012,2039,27,1.34,101.34
E01026259,South Holland 005C,South Holland,1742,1768,26,1.49,101.49
E01026127,Lincoln 007A,Lincoln,1392,1417,25,1.8,101.8
E01026175,Lincoln 010E,Lincoln,1952,1975,23,1.18,101.18
E01026286,South Holland 004E,South Holland,1259,1282,23,1.83,101.83
E01026172,Lincoln 010C,Lincoln,1649,1671,22,1.33,101.33
E01026079,East Lindsey 002C,East Lindsey,1947,1968,21,1.08,101.08
E01026183,North Kesteven 007B,North Kesteven,2887,2908,21,0.73,100.73
E01026064,East Lindsey 011A,East Lindsey,1623,1644,21,1.29,101.29
E01026313,South Kesteven 001A,South Kesteven,1485,1505,20,1.35,101.35
E01026392,West Lindsey 003D,West Lindsey,3162,3182,20,0.63,100.63
E01034705,South Kesteven 010G,South Kesteven,1676,1696,20,1.19,101.19
E01026294,South Kesteven 007C,South Kesteven,1551,1570,19,1.23,101.23
E01026361,South Kesteven 008D,South Kesteven,2652,2670,18,0.68,100.68
E01026257,South Holland 002C,South Holland,2259,2277,18,0.8,100.8
E01026058,East Lindsey 002A,East Lindsey,2413,2431,18,0.75,100.75
E01032987,East Lindsey 004E,East Lindsey,1426,1444,18,1.26,101.26
E01026219,North Kesteven 014D,North Kesteven,1146,1163,17,1.48,101.48
E01026287,South Kesteven 015A,South Kesteven,1289,1305,16,1.24,101.24
E01026310,South Kesteven 005C,South Kesteven,1143,1158,15,1.31,101.31
E01026354,South Kesteven 003G,South Kesteven,1135,1150,15,1.32,101.32
E01026413,West Lindsey 008C,West Lindsey,2080,2094,14,0.67,100.67
E01026348,South Kesteven 015F,South Kesteven,1248,1261,13,1.04,101.04
E01026330,South Kesteven 012A,South Kesteven,2137,2149,12,0.56,100.56
E01026260,South Holland 005D,South Holland,2030,2042,12,0.59,100.59
E01026374,West Lindsey 006A,West Lindsey,1678,1689,11,0.66,100.66
E01026112,East Lindsey 017D,East Lindsey,1284,1292,8,0.62,100.62
E01026393,West Lindsey 010A,West Lindsey,1529,1537,8,0.52,100.52
E01026109,East Lindsey 006C,East Lindsey,1993,2001,8,0.4,100.4
E01026398,West Lindsey 009C,West Lindsey,1551,1558,7,0.45,100.45
E01026396,West Lindsey 009A,West Lindsey,1245,1250,5,0.4,100.4
E01034685,East Lindsey 012E,East Lindsey,1238,1242,4,0.32,100.32
E01026048,East Lindsey 010A,East Lindsey,1671,1675,4,0.24,100.24
E01026408,West Lindsey 002F,West Lindsey,1384,1388,4,0.29,100.29
E01026255,South Holland 008B,South Holland,2070,2074,4,0.19,100.19
E01026205,North Kesteven 005B,North Kesteven,1698,1702,4,0.24,100.24
E01026168,Lincoln 001D,Lincoln,1742,1744,2,0.11,100.11
E01026189,North Kesteven 001C,North Kesteven,1769,1770,1,0.06,100.06
E01026101,East Lindsey 013F,East Lindsey,1375,1376,1,0.07,100.07
E01026038,Boston 008D,Boston,1458,1459,1,0.07,100.07
E01026222,North Kesteven 009C,North Kesteven,1804,1805,1,0.06,100.06
E01026248,South Holland 002B,South Holland,2393,2393,0,0.0,100.0
E01026180,North Kesteven 007A,North Kesteven,1495,1495,0,0.0,100.0
E01026293,South Kesteven 007B,South Kesteven,2053,2053,0,0.0,100.0
E01026344,South Kesteven 006E,South Kesteven,1486,1485,-1,-0.07,99.93
E01026380,West Lindsey 002A,West Lindsey,2719,2718,-1,-0.04,99.96
E01026134,Lincoln 006A,Lincoln,2030,2027,-3,-0.15,99.85
E01026191,North Kesteven 005A,North Kesteven,1878,1875,-3,-0.16,99.84
E01026204,North Kesteven 001E,North Kesteven,1575,1572,-3,-0.19,99.81
E01026410,West Lindsey 007D,West Lindsey,1602,1598,-4,-0.25,99.75
E01026304,South Kesteven 014B,South Kesteven,1480,1476,-4,-0.27,99.73
E01026108,East Lindsey 003G,East Lindsey,2556,2552,-4,-0.16,99.84
E01026323,South Kesteven 004D,South Kesteven,2068,2063,-5,-0.24,99.76
E01026236,North Kesteven 011E,North Kesteven,1134,1129,-5,-0.44,99.56
E01026163,Lincoln 009F,Lincoln,1341,1336,-5,-0.37,99.63
E01026022,Boston 008C,Boston,2284,2279,-5,-0.22,99.78
E01026226,North Kesteven 003F,North Kesteven,1848,1840,-8,-0.43,99.57
E01026088,East Lindsey 003D,East Lindsey,1392,1384,-8,-0.57,99.43
E01026111,East Lindsey 017C,East Lindsey,1528,1520,-8,-0.52,99.48
E01026210,North Kesteven 007C,North Kesteven,2493,2485,-8,-0.32,99.68
E01026152,Lincoln 004E,Lincoln,1640,1630,-10,-0.61,99.39
E01026246,South Holland 002A,South Holland,2324,2314,-10,-0.43,99.57
E01026319,South Kesteven 006C,South Kesteven,2675,2664,-11,-0.41,99.59
E01026405,West Lindsey 010D,West Lindsey,1671,1659,-12,-0.72,99.28
E01026147,Lincoln 003C,Lincoln,2532,2520,-12,-0.47,99.53
E01026331,South Kesteven 009B,South Kesteven,2454,2441,-13,-0.53,99.47
E01026158,Lincoln 009B,Lincoln,1401,1386,-15,-1.07,98.93
E01026318,South Kesteven 006B,South Kesteven,2266,2251,-15,-0.66,99.34
E01026009,Boston 001C,Boston,1255,1240,-15,-1.2,98.8
E01026089,East Lindsey 004C,East Lindsey,1977,1961,-16,-0.81,99.19
E01026148,Lincoln 003D,Lincoln,1891,1874,-17,-0.9,99.1
E01026192,North Kesteven 006A,North Kesteven,1224,1207,-17,-1.39,98.61
E01026378,West Lindsey 004A,West Lindsey,1822,1804,-18,-0.99,99.01
E01026185,North Kesteven 004B,North Kesteven,2544,2526,-18,-0.71,99.29
E01034707,West Lindsey 009F,West Lindsey,1324,1306,-18,-1.36,98.64
E01034701,South Kesteven 004F,South Kesteven,1743,1724,-19,-1.09,98.91
E01034702,South Kesteven 004G,South Kesteven,1614,1595,-19,-1.18,98.82
E01026238,North Kesteven 004F,North Kesteven,1631,1612,-19,-1.16,98.84
E01026213,North Kesteven 005E,North Kesteven,1679,1660,-19,-1.13,98.87
E01026194,North Kesteven 006B,North Kesteven,2324,2305,-19,-0.82,99.18
E01026214,North Kesteven 014A,North Kesteven,1095,1073,-22,-2.01,97.99
E01026340,South Kesteven 002B,South Kesteven,2305,2282,-23,-1.0,99.0
E01034689,Lincoln 007E,Lincoln,1219,1195,-24,-1.97,98.03
E01026283,South Holland 004C,South Holland,1792,1766,-26,-1.45,98.55
E01026338,South Kesteven 009C,South Kesteven,1271,1245,-26,-2.05,97.95
E01026379,West Lindsey 004B,West Lindsey,1903,1876,-27,-1.42,98.58
E01026042,East Lindsey 008A,East Lindsey,1782,1755,-27,-1.52,98.48
E01026125,Lincoln 003A,Lincoln,1343,1315,-28,-2.08,97.92
E01026373,West Lindsey 011E,West Lindsey,2278,2250,-28,-1.23,98.77
E01026071,East Lindsey 007A,East Lindsey,2089,2060,-29,-1.39,98.61
E01026299,South Kesteven 010A,South Kesteven,1669,1639,-30,-1.8,98.2
E01026404,West Lindsey 007B,West Lindsey,2614,2583,-31,-1.19,98.81
E01026139,Lincoln 011C,Lincoln,1318,1287,-31,-2.35,97.65
E01026292,South Kesteven 007A,South Kesteven,1381,1349,-32,-2.32,97.68
E01026174,Lincoln 008D,Lincoln,1588,1556,-32,-2.02,97.98
E01026155,Lincoln 002B,Lincoln,1766,1733,-33,-1.87,98.13
E01026324,South Kesteven 004E,South Kesteven,2010,1975,-35,-1.74,98.26
E01026347,South Kesteven 015E,South Kesteven,1489,1453,-36,-2.42,97.58
E01032995,South Holland 006F,South Holland,1524,1488,-36,-2.36,97.64
E01026206,North Kesteven 001F,North Kesteven,1832,1796,-36,-1.97,98.03
E01026209,North Kesteven 009A,North Kesteven,2073,2037,-36,-1.74,98.26
E01026381,West Lindsey 004C,West Lindsey,1704,1667,-37,-2.17,97.83
E01026415,West Lindsey 003E,West Lindsey,1149,1111,-38,-3.31,96.69
E01026279,South Holland 008F,South Holland,1375,1337,-38,-2.76,97.24
E01026068,East Lindsey 009B,East Lindsey,2111,2073,-38,-1.8,98.2
E01026416,West Lindsey 001D,West Lindsey,1325,1286,-39,-2.94,97.06
E01032996,South Holland 006G,South Holland,1443,1404,-39,-2.7,97.3
E01026082,East Lindsey 007B,East Lindsey,2359,2319,-40,-1.7,98.3
E01026150,Lincoln 001B,Lincoln,1803,1762,-41,-2.27,97.73
E01026351,South Kesteven 016C,South Kesteven,1477,1435,-42,-2.84,97.16
E01026103,East Lindsey 006A,East Lindsey,1986,1942,-44,-2.22,97.78
E01026239,South Holland 011A,South Holland,2138,2094,-44,-2.06,97.94
E01026229,North Kesteven 011B,North Kesteven,1897,1850,-47,-2.48,97.52
E01026363,South Kesteven 012D,South Kesteven,1968,1921,-47,-2.39,97.61
E01026237,North Kesteven 004E,North Kesteven,1119,1072,-47,-4.2,95.8
E01026110,East Lindsey 017B,East Lindsey,1483,1435,-48,-3.24,96.76
E01032986,East Lindsey 004D,East Lindsey,1162,1112,-50,-4.3,95.7
E01032993,North Kesteven 013D,North Kesteven,2499,2449,-50,-2.0,98.0
E01026045,East Lindsey 001A,East Lindsey,1817,1765,-52,-2.86,97.14
E01034698,South Holland 006I,South Holland,1789,1736,-53,-2.96,97.04
E01026334,South Kesteven 013A,South Kesteven,1517,1463,-54,-3.56,96.44
E01026130,Lincoln 009A,Lincoln,1453,1398,-55,-3.79,96.21
E01026364,South Kesteven 012E,South Kesteven,1853,1798,-55,-2.97,97.03
E01032999,South Kesteven 011G,South Kesteven,1277,1216,-61,-4.78,95.22
E01026297,South Kesteven 011C,South Kesteven,1513,1451,-62,-4.1,95.9
E01032994,North Kesteven 003H,North Kesteven,1536,1472,-64,-4.17,95.83
E01026160,Lincoln 009D,Lincoln,1369,1303,-66,-4.82,95.18
E01026201,North Kesteven 012B,North Kesteven,2118,2051,-67,-3.16,96.84
E01026335,South Kesteven 013B,South Kesteven,1515,1447,-68,-4.49,95.51
E01026057,East Lindsey 018A,East Lindsey,1996,1928,-68,-3.41,96.59
E01026336,South Kesteven 013C,South Kesteven,1991,1922,-69,-3.47,96.53
E01026076,East Lindsey 002B,East Lindsey,2285,2214,-71,-3.11,96.89
E01026178,Lincoln 006D,Lincoln,2201,2130,-71,-3.23,96.77
E01026303,South Kesteven 014A,South Kesteven,1260,1185,-75,-5.95,94.05
E01026271,South Holland 007D,South Holland,1785,1710,-75,-4.2,95.8
E01026078,East Lindsey 003B,East Lindsey,1121,1045,-76,-6.78,93.22
E01026188,North Kesteven 004C,North Kesteven,2214,2136,-78,-3.52,96.48
E01026399,West Lindsey 005C,West Lindsey,1599,1520,-79,-4.94,95.06
E01026384,West Lindsey 004F,West Lindsey,2257,2177,-80,-3.54,96.46
E01034693,North Kesteven 003I,North Kesteven,2057,1977,-80,-3.89,96.11
E01026390,West Lindsey 003B,West Lindsey,1942,1861,-81,-4.17,95.83
E01026197,North Kesteven 008B,North Kesteven,1468,1386,-82,-5.59,94.41
E01026366,West Lindsey 011A,West Lindsey,2524,2440,-84,-3.33,96.67
E01034699,South Holland 009F,South Holland,1495,1410,-85,-5.69,94.31
E01026346,South Kesteven 015D,South Kesteven,1164,1078,-86,-7.39,92.61
E01026144,Lincoln 003B,Lincoln,2159,2072,-87,-4.03,95.97
E01026249,South Holland 010B,South Holland,2332,2241,-91,-3.9,96.1
E01026218,North Kesteven 014C,North Kesteven,1171,1076,-95,-8.11,91.89
E01026309,South Kesteven 005B,South Kesteven,1654,1556,-98,-5.93,94.07
E01026151,Lincoln 003E,Lincoln,2147,2049,-98,-4.56,95.44
E01026224,North Kesteven 007D,North Kesteven,1842,1742,-100,-5.43,94.57
E01026409,West Lindsey 007C,West Lindsey,1339,1238,-101,-7.54,92.46
E01034687,Lincoln 005E,Lincoln,1141,1038,-103,-9.03,90.97
E01026195,North Kesteven 006C,North Kesteven,1910,1807,-103,-5.39,94.61
E01026171,Lincoln 011H,Lincoln,1522,1417,-105,-6.9,93.1
E01026208,North Kesteven 012E,North Kesteven,1628,1522,-106,-6.51,93.49
E01026240,South Holland 011B,South Holland,3492,3385,-107,-3.06,96.94
E01026090,East Lindsey 003E,East Lindsey,1381,1274,-107,-7.75,92.25
E01026227,North Kesteven 010A,North Kesteven,1610,1493,-117,-7.27,92.73
E01026307,South Kesteven 014E,South Kesteven,1307,1188,-119,-9.1,90.9
E01026337,South Kesteven 013D,South Kesteven,2284,2161,-123,-5.39,94.61
E01026305,South Kesteven 014C,South Kesteven,1634,1509,-125,-7.65,92.35
E01026370,West Lindsey 011C,West Lindsey,2657,2532,-125,-4.7,95.3
E01026289,South Kesteven 015C,South Kesteven,2309,2183,-126,-5.46,94.54
E01026187,North Kesteven 001B,North Kesteven,1909,1782,-127,-6.65,93.35
E01026008,Boston 001B,Boston,1461,1331,-130,-8.9,91.1
E01026349,South Kesteven 016A,South Kesteven,1485,1346,-139,-9.36,90.64
E01032997,South Kesteven 011E,South Kesteven,1449,1309,-140,-9.66,90.34
E01026146,Lincoln 005D,Lincoln,1878,1737,-141,-7.51,92.49
E01026200,North Kesteven 012A,North Kesteven,1833,1689,-144,-7.86,92.14
E01026278,South Holland 008E,South Holland,1459,1314,-145,-9.94,90.06
E01026306,South Kesteven 014D,South Kesteven,1963,1818,-145,-7.39,92.61
E01026080,East Lindsey 001E,East Lindsey,2024,1870,-154,-7.61,92.39
E01026067,East Lindsey 011D,East Lindsey,1894,1736,-158,-8.34,91.66
E01026051,East Lindsey 016A,East Lindsey,1515,1356,-159,-10.5,89.5
E01026164,Lincoln 003F,Lincoln,1599,1440,-159,-9.94,90.06
E01026357,South Kesteven 016E,South Kesteven,1347,1177,-170,-12.62,87.38
E01026254,South Holland 008A,South Holland,1818,1646,-172,-9.46,90.54
E01026145,Lincoln 005C,Lincoln,1594,1418,-176,-11.04,88.96
E01034691,Lincoln 008E,Lincoln,2606,2415,-191,-7.33,92.67
E01026167,Lincoln 003G,Lincoln,1896,1703,-193,-10.18,89.82
E01034695,North Kesteven 011F,North Kesteven,2015,1814,-201,-9.98,90.02
E01026368,West Lindsey 001B,West Lindsey,2082,1879,-203,-9.75,90.25
E01026385,West Lindsey 005A,West Lindsey,1088,882,-206,-18.93,81.07
E01026358,South Kesteven 016F,South Kesteven,1382,1156,-226,-16.35,83.65
E01026107,East Lindsey 001G,East Lindsey,1362,1130,-232,-17.03,82.97
E01026411,West Lindsey 005D,West Lindsey,2435,2179,-256,-10.51,89.49
E01026356,South Kesteven 016D,South Kesteven,1432,1165,-267,-18.65,81.35
E01026053,East Lindsey 016C,East Lindsey,2032,1715,-317,-15.6,84.4
E01026367,West Lindsey 001A,West Lindsey,1674,1349,-325,-19.41,80.59
E01026179,North Kesteven 008A,North Kesteven,1254,928,-326,-26.0,74.0
E01026339,South Kesteven 009D,South Kesteven,1278,942,-336,-26.29,73.71
E01026359,South Kesteven 016G,South Kesteven,2612,2268,-344,-13.17,86.83
E01026062,East Lindsey 001C,East Lindsey,1122,773,-349,-31.11,68.89
E01026333,South Kesteven 001D,South Kesteven,2556,2194,-362,-14.16,85.84
E01034688,Lincoln 005F,Lincoln,1786,1405,-381,-21.33,78.67
E01026061,East Lindsey 001B,East Lindsey,1167,777,-390,-33.42,66.58
E01026106,East Lindsey 001F,East Lindsey,1418,1003,-415,-29.27,70.73
E01026132,Lincoln 005A,Lincoln,4192,3705,-487,-11.62,88.38
E01026063,East Lindsey 001D,East Lindsey,1549,1033,-516,-33.31,66.69
E01026386,West Lindsey 005B,West Lindsey,1204,622,-582,-48.34,51.66
E01026315,South Kesteven 009A,South Kesteven,2207,1496,-711,-32.22,67.78
E01026052,East Lindsey 016B,East Lindsey,2702,1977,-725,-26.83,73.17
E01026184,North Kesteven 004A,North Kesteven,2361,1454,-907,-38.42,61.58
E01026407,West Lindsey 002E,West Lindsey,1370,369,-1001,-73.07,26.93
E01026193,North Kesteven 003C,North Kesteven,1873,870,-1003,-53.55,46.45
E01026199,North Kesteven 003D,North Kesteven,2715,1638,-1077,-39.67,60.33
E01026280,South Holland 010C,South Holland,2826,1675,-1151,-40.73,59.27
E01026403,West Lindsey 002D,West Lindsey,1382,230,-1152,-83.36,16.64
E01026198,North Kesteven 008C,North Kesteven,1822,559,-1263,-69.32,30.68
E01026401,West Lindsey 002B,West Lindsey,1609,10,-1599,-99.38,0.62
E01026387,West Lindsey 001C,West Lindsey,2721,1103,-1618,-59.46,40.54
E01026402,West Lindsey 002C,West Lindsey,1841,18,-1823,-99.02,0.98
E01032683,West Lindsey 001G,West Lindsey,2282,45,-2237,-98.03,1.97
