LSOA21CD,LSOA21NM,LSOA21NMW,RUC21CD,RUC21NM,Urban_rural_flag,ObjectId
E01026010,Boston 002A,,UF1,Urban: Further from a major town or city,Urban,24452
E01026062,East Lindsey 001C,,RLN1,Larger rural: Nearer to a major town or city,Rural,24456
E01026063,East Lindsey 001D,,RLN1,Larger rural: Nearer to a major town or city,Rural,24460
E01026012,Boston 004A,,UF1,Urban: Further from a major town or city,Urban,24463
E01026064,East Lindsey 011A,,RLF1,Larger rural: Further from a major town or city,Rural,24467
E01026013,Boston 008A,,UF1,Urban: Further from a major town or city,Urban,24469
E01026014,Boston 008B,,RSF1,Smaller rural: Further from a major town or city,Rural,24474
E01026015,Boston 004B,,UF1,Urban: Further from a major town or city,Urban,24480
E01026065,East Lindsey 011B,,RLF1,Larger rural: Further from a major town or city,Rural,24481
E01026016,Boston 006A,,RSF1,Smaller rural: Further from a major town or city,Rural,24487
E01026066,East Lindsey 011C,,RLF1,Larger rural: Further from a major town or city,Rural,24488
E01026017,Boston 007A,,RSF1,Smaller rural: Further from a major town or city,Rural,24494
E01026067,East Lindsey 011D,,RLF1,Larger rural: Further from a major town or city,Rural,24495
E01026018,Boston 007B,,RSF1,Smaller rural: Further from a major town or city,Rural,24501
E01026068,East Lindsey 009B,,RSF1,Smaller rural: Further from a major town or city,Rural,24502
E01026069,East Lindsey 010D,,UF1,Urban: Further from a major town or city,Urban,24556
E01026019,Boston 007C,,RLF1,Larger rural: Further from a major town or city,Rural,24557
E01026020,Boston 007D,,RLF1,Larger rural: Further from a major town or city,Rural,24560
E01026070,East Lindsey 009C,,RSF1,Smaller rural: Further from a major town or city,Rural,24562
E01026021,Boston 003B,,UF1,Urban: Further from a major town or city,Urban,24565
E01026071,East Lindsey 007A,,RSF1,Smaller rural: Further from a major town or city,Rural,24568
E01026022,Boston 008C,,UF1,Urban: Further from a major town or city,Urban,24571
E01026072,East Lindsey 005A,,UF1,Urban: Further from a major town or city,Urban,24574
E01026023,Boston 001D,,RSF1,Smaller rural: Further from a major town or city,Rural,24577
E01026073,East Lindsey 005B,,UF1,Urban: Further from a major town or city,Urban,24580
E01026024,Boston 001E,,RSF1,Smaller rural: Further from a major town or city,Rural,24583
E01026074,East Lindsey 005C,,UF1,Urban: Further from a major town or city,Urban,24586
E01026025,Boston 003C,,UF1,Urban: Further from a major town or city,Urban,24589
E01026075,East Lindsey 018B,,RSF1,Smaller rural: Further from a major town or city,Rural,24592
E01026007,Boston 001A,,RLF1,Larger rural: Further from a major town or city,Rural,24624
E01026008,Boston 001B,,RSF1,Smaller rural: Further from a major town or city,Rural,24625
E01026009,Boston 001C,,RSF1,Smaller rural: Further from a major town or city,Rural,24626
E01026076,East Lindsey 002B,,RSN1,Smaller rural: Nearer to a major town or city,Rural,24627
E01026077,East Lindsey 003A,,UN1,Urban: Nearer to a major town or city,Urban,24629
E01026078,East Lindsey 003B,,UN1,Urban: Nearer to a major town or city,Urban,24630
E01026079,East Lindsey 002C,,RSF1,Smaller rural: Further from a major town or city,Rural,24632
E01026026,Boston 004C,,UF1,Urban: Further from a major town or city,Urban,24637
E01026080,East Lindsey 001E,,RLN1,Larger rural: Nearer to a major town or city,Rural,24640
E01026081,East Lindsey 004A,,UN1,Urban: Nearer to a major town or city,Urban,24642
E01026082,East Lindsey 007B,,RSF1,Smaller rural: Further from a major town or city,Rural,24644
E01026083,East Lindsey 015A,,UF1,Urban: Further from a major town or city,Urban,24648
E01026027,Boston 004D,,UF1,Urban: Further from a major town or city,Urban,24649
E01026084,East Lindsey 012A,,UF1,Urban: Further from a major town or city,Urban,24653
E01026028,Boston 004E,,UF1,Urban: Further from a major town or city,Urban,24654
E01026087,East Lindsey 003C,,UN1,Urban: Nearer to a major town or city,Urban,24658
E01026030,Boston 002C,,UF1,Urban: Further from a major town or city,Urban,24659
E01026088,East Lindsey 003D,,UN1,Urban: Nearer to a major town or city,Urban,24663
E01026031,Boston 009B,,UF1,Urban: Further from a major town or city,Urban,24664
E01026089,East Lindsey 004C,,UN1,Urban: Nearer to a major town or city,Urban,24668
E01026032,Boston 002D,,UF1,Urban: Further from a major town or city,Urban,24669
E01026090,East Lindsey 003E,,UN1,Urban: Nearer to a major town or city,Urban,24673
E01026033,Boston 006B,,RSF1,Smaller rural: Further from a major town or city,Rural,24674
E01026091,East Lindsey 003F,,UN1,Urban: Nearer to a major town or city,Urban,24678
E01026092,East Lindsey 014A,,UF1,Urban: Further from a major town or city,Urban,24682
E01026093,East Lindsey 014B,,UF1,Urban: Further from a major town or city,Urban,24690
E01026094,East Lindsey 015B,,UF1,Urban: Further from a major town or city,Urban,24694
E01026034,Boston 006C,,RLF1,Larger rural: Further from a major town or city,Rural,24695
E01026095,East Lindsey 014C,,UF1,Urban: Further from a major town or city,Urban,24699
E01026035,Boston 009C,,UF1,Urban: Further from a major town or city,Urban,24700
E01026096,East Lindsey 015C,,UF1,Urban: Further from a major town or city,Urban,24704
E01026036,Boston 003D,,UF1,Urban: Further from a major town or city,Urban,24705
E01026097,East Lindsey 015D,,UF1,Urban: Further from a major town or city,Urban,24709
E01026037,Boston 002E,,UF1,Urban: Further from a major town or city,Urban,24710
E01026098,East Lindsey 018C,,RLF1,Larger rural: Further from a major town or city,Rural,24714
E01026038,Boston 008D,,UF1,Urban: Further from a major town or city,Urban,24715
E01026099,East Lindsey 005D,,RSF1,Smaller rural: Further from a major town or city,Rural,24719
E01026039,Boston 009D,,UF1,Urban: Further from a major town or city,Urban,24720
E01026040,Boston 008E,,UF1,Urban: Further from a major town or city,Urban,24731
E01026041,Boston 007E,,UF1,Urban: Further from a major town or city,Urban,24733
E01026042,East Lindsey 008A,,RLF1,Larger rural: Further from a major town or city,Rural,24734
E01026043,East Lindsey 008B,,RLF1,Larger rural: Further from a major town or city,Rural,24736
E01026044,East Lindsey 008C,,RSF1,Smaller rural: Further from a major town or city,Rural,24738
E01026045,East Lindsey 001A,,RSN1,Smaller rural: Nearer to a major town or city,Rural,24740
E01026046,East Lindsey 013A,,RLF1,Larger rural: Further from a major town or city,Rural,24742
E01026047,East Lindsey 013B,,RLF1,Larger rural: Further from a major town or city,Rural,24744
E01026048,East Lindsey 010A,,RLF1,Larger rural: Further from a major town or city,Rural,24746
E01026049,East Lindsey 010B,,RSF1,Smaller rural: Further from a major town or city,Rural,24748
E01026050,East Lindsey 010C,,RLF1,Larger rural: Further from a major town or city,Rural,24750
E01026051,East Lindsey 016A,,RLF1,Larger rural: Further from a major town or city,Rural,24752
E01026052,East Lindsey 016B,,RLF1,Larger rural: Further from a major town or city,Rural,24754
E01026053,East Lindsey 016C,,RLF1,Larger rural: Further from a major town or city,Rural,24756
E01026054,East Lindsey 016D,,RLF1,Larger rural: Further from a major town or city,Rural,24758
E01026055,East Lindsey 013C,,RSF1,Smaller rural: Further from a major town or city,Rural,24760
E01026056,East Lindsey 017A,,RSF1,Smaller rural: Further from a major town or city,Rural,24761
E01026057,East Lindsey 018A,,RSF1,Smaller rural: Further from a major town or city,Rural,24763
E01026100,East Lindsey 013E,,RLF1,Larger rural: Further from a major town or city,Rural,24764
E01026101,East Lindsey 013F,,RLF1,Larger rural: Further from a major town or city,Rural,24766
E01026058,East Lindsey 002A,,RSF1,Smaller rural: Further from a major town or city,Rural,24767
E01026102,East Lindsey 018D,,RSF1,Smaller rural: Further from a major town or city,Rural,24769
E01026059,East Lindsey 013D,,RSF1,Smaller rural: Further from a major town or city,Rural,24770
E01026103,East Lindsey 006A,,UF1,Urban: Further from a major town or city,Urban,24772
E01026060,East Lindsey 009A,,RSF1,Smaller rural: Further from a major town or city,Rural,24773
E01026104,East Lindsey 006B,,UF1,Urban: Further from a major town or city,Urban,24775
E01026061,East Lindsey 001B,,RLN1,Larger rural: Nearer to a major town or city,Rural,24776
E01026105,East Lindsey 009D,,RSF1,Smaller rural: Further from a major town or city,Rural,24778
E01026106,East Lindsey 001F,,RLN1,Larger rural: Nearer to a major town or city,Rural,24780
E01026107,East Lindsey 001G,,RSN1,Smaller rural: Nearer to a major town or city,Rural,24782
E01026108,East Lindsey 003G,,UN1,Urban: Nearer to a major town or city,Urban,24784
E01026109,East Lindsey 006C,,UF1,Urban: Further from a major town or city,Urban,24786
E01026110,East Lindsey 017B,,RSF1,Smaller rural: Further from a major town or city,Rural,24788
E01026111,East Lindsey 017C,,RSF1,Smaller rural: Further from a major town or city,Rural,24790
E01026112,East Lindsey 017D,,RLF1,Larger rural: Further from a major town or city,Rural,24792
E01026113,East Lindsey 008D,,RSF1,Smaller rural: Further from a major town or city,Rural,24794
E01026377,West Lindsey 006D,,UN1,Urban: Nearer to a major town or city,Urban,24801
E01026378,West Lindsey 004A,,UN1,Urban: Nearer to a major town or city,Urban,24802
E01026379,West Lindsey 004B,,UN1,Urban: Nearer to a major town or city,Urban,24803
E01026380,West Lindsey 002A,,UN1,Urban: Nearer to a major town or city,Urban,24804
E01026381,West Lindsey 004C,,UN1,Urban: Nearer to a major town or city,Urban,24805
E01026382,West Lindsey 004D,,UN1,Urban: Nearer to a major town or city,Urban,24806
E01026383,West Lindsey 004E,,UN1,Urban: Nearer to a major town or city,Urban,24807
E01026384,West Lindsey 004F,,UN1,Urban: Nearer to a major town or city,Urban,24808
E01026385,West Lindsey 005A,,RSN1,Smaller rural: Nearer to a major town or city,Rural,24810
E01026386,West Lindsey 005B,,RSN1,Smaller rural: Nearer to a major town or city,Rural,24811
E01026387,West Lindsey 001C,,RSN1,Smaller rural: Nearer to a major town or city,Rural,24812
E01026388,West Lindsey 007A,,RSN1,Smaller rural: Nearer to a major town or city,Rural,24814
E01026389,West Lindsey 003A,,RLN1,Larger rural: Nearer to a major town or city,Rural,24816
E01026114,East Lindsey 014D,,UF1,Urban: Further from a major town or city,Urban,24817
E01026273,South Holland 006C,,UN1,Urban: Nearer to a major town or city,Urban,24818
E01026167,Lincoln 003G,,UN1,Urban: Nearer to a major town or city,Urban,24819
E01026390,West Lindsey 003B,,RLN1,Larger rural: Nearer to a major town or city,Rural,24821
E01026115,East Lindsey 012C,,UF1,Urban: Further from a major town or city,Urban,24823
E01026275,South Holland 006E,,UN1,Urban: Nearer to a major town or city,Urban,24824
E01026168,Lincoln 001D,,UN1,Urban: Nearer to a major town or city,Urban,24825
E01026391,West Lindsey 003C,,RSN1,Smaller rural: Nearer to a major town or city,Rural,24828
E01026116,East Lindsey 012D,,UF1,Urban: Further from a major town or city,Urban,24829
E01026276,South Holland 001E,,RSF1,Smaller rural: Further from a major town or city,Rural,24830
E01026327,South Kesteven 003C,,UF1,Urban: Further from a major town or city,Urban,24831
E01026169,Lincoln 011G,,UN1,Urban: Nearer to a major town or city,Urban,24832
E01026220,North Kesteven 013A,,UN1,Urban: Nearer to a major town or city,Urban,24833
E01026392,West Lindsey 003D,,RSN1,Smaller rural: Nearer to a major town or city,Rural,24836
E01026117,East Lindsey 008E,,RSF1,Smaller rural: Further from a major town or city,Rural,24837
E01026277,South Holland 008D,,RLF1,Larger rural: Further from a major town or city,Rural,24838
E01026328,South Kesteven 003D,,UF1,Urban: Further from a major town or city,Urban,24839
E01026170,Lincoln 010B,,UN1,Urban: Nearer to a major town or city,Urban,24840
E01026221,North Kesteven 009B,,RSF1,Smaller rural: Further from a major town or city,Rural,24841
E01026393,West Lindsey 010A,,RLN1,Larger rural: Nearer to a major town or city,Rural,24844
E01026118,East Lindsey 016E,,RLF1,Larger rural: Further from a major town or city,Rural,24845
E01026278,South Holland 008E,,RLF1,Larger rural: Further from a major town or city,Rural,24846
E01026329,South Kesteven 001C,,RLF1,Larger rural: Further from a major town or city,Rural,24847
E01026171,Lincoln 011H,,UN1,Urban: Nearer to a major town or city,Urban,24848
E01026172,Lincoln 010C,,UN1,Urban: Nearer to a major town or city,Urban,24849
E01026222,North Kesteven 009C,,RLN1,Larger rural: Nearer to a major town or city,Rural,24850
E01026394,West Lindsey 010B,,UN1,Urban: Nearer to a major town or city,Urban,24853
E01026119,East Lindsey 016F,,RLF1,Larger rural: Further from a major town or city,Rural,24854
E01026279,South Holland 008F,,RLF1,Larger rural: Further from a major town or city,Rural,24855
E01026330,South Kesteven 012A,,RSN1,Smaller rural: Nearer to a major town or city,Rural,24856
E01026173,Lincoln 010D,,UN1,Urban: Nearer to a major town or city,Urban,24858
E01026395,West Lindsey 010C,,RLN1,Larger rural: Nearer to a major town or city,Rural,24859
E01026280,South Holland 010C,,RSN1,Smaller rural: Nearer to a major town or city,Rural,24860
E01026331,South Kesteven 009B,,RLF1,Larger rural: Further from a major town or city,Rural,24862
E01026120,East Lindsey 016G,,RLF1,Larger rural: Further from a major town or city,Rural,24863
E01026223,North Kesteven 008D,,RLN1,Larger rural: Nearer to a major town or city,Rural,24864
E01026396,West Lindsey 009A,,RLN1,Larger rural: Nearer to a major town or city,Rural,24866
E01026174,Lincoln 008D,,UN1,Urban: Nearer to a major town or city,Urban,24867
E01026281,South Holland 004A,,RSF1,Smaller rural: Further from a major town or city,Rural,24868
E01026332,South Kesteven 007E,,RSF1,Smaller rural: Further from a major town or city,Rural,24870
E01026121,East Lindsey 007C,,RLN1,Larger rural: Nearer to a major town or city,Rural,24871
E01026224,North Kesteven 007D,,RLN1,Larger rural: Nearer to a major town or city,Rural,24872
E01026398,West Lindsey 009C,,RLN1,Larger rural: Nearer to a major town or city,Rural,24874
E01026175,Lincoln 010E,,UN1,Urban: Nearer to a major town or city,Urban,24875
E01026282,South Holland 004B,,RSF1,Smaller rural: Further from a major town or city,Rural,24876
E01026333,South Kesteven 001D,,RLF1,Larger rural: Further from a major town or city,Rural,24878
E01026122,Lincoln 004A,,UN1,Urban: Nearer to a major town or city,Urban,24879
E01026225,North Kesteven 003E,,RLN1,Larger rural: Nearer to a major town or city,Rural,24880
E01026399,West Lindsey 005C,,RSN1,Smaller rural: Nearer to a major town or city,Rural,24882
E01026176,Lincoln 006B,,UN1,Urban: Nearer to a major town or city,Urban,24883
E01026283,South Holland 004C,,RSF1,Smaller rural: Further from a major town or city,Rural,24884
E01026334,South Kesteven 013A,,UN1,Urban: Nearer to a major town or city,Urban,24886
E01026123,Lincoln 004B,,UN1,Urban: Nearer to a major town or city,Urban,24887
E01026226,North Kesteven 003F,,RLN1,Larger rural: Nearer to a major town or city,Rural,24888
E01026400,West Lindsey 009D,,RSN1,Smaller rural: Nearer to a major town or city,Rural,24930
E01026284,South Holland 011C,,RLN1,Larger rural: Nearer to a major town or city,Rural,24931
E01026227,North Kesteven 010A,,UF1,Urban: Further from a major town or city,Urban,24932
E01026177,Lincoln 006C,,UN1,Urban: Nearer to a major town or city,Urban,24933
E01026124,Lincoln 004C,,UN1,Urban: Nearer to a major town or city,Urban,24934
E01026335,South Kesteven 013B,,UN1,Urban: Nearer to a major town or city,Urban,24935
E01026401,West Lindsey 002B,,RLN1,Larger rural: Nearer to a major town or city,Rural,24936
E01026178,Lincoln 006D,,UN1,Urban: Nearer to a major town or city,Urban,24938
E01026336,South Kesteven 013C,,UN1,Urban: Nearer to a major town or city,Urban,24939
E01026285,South Holland 004D,,RSF1,Smaller rural: Further from a major town or city,Rural,24940
E01026402,West Lindsey 002C,,RLN1,Larger rural: Nearer to a major town or city,Rural,24941
E01026125,Lincoln 003A,,UN1,Urban: Nearer to a major town or city,Urban,24942
E01026228,North Kesteven 011A,,UF1,Urban: Further from a major town or city,Urban,24944
E01026179,North Kesteven 008A,,RSN1,Smaller rural: Nearer to a major town or city,Rural,24945
E01026337,South Kesteven 013D,,UN1,Urban: Nearer to a major town or city,Urban,24946
E01026286,South Holland 004E,,RSF1,Smaller rural: Further from a major town or city,Rural,24947
E01026403,West Lindsey 002D,,RSN1,Smaller rural: Nearer to a major town or city,Rural,24948
E01026126,Lincoln 004D,,UN1,Urban: Nearer to a major town or city,Urban,24949
E01026229,North Kesteven 011B,,UF1,Urban: Further from a major town or city,Urban,24951
E01026180,North Kesteven 007A,,RSN1,Smaller rural: Nearer to a major town or city,Rural,24952
E01026338,South Kesteven 009C,,RSF1,Smaller rural: Further from a major town or city,Rural,24953
E01026287,South Kesteven 015A,,UN1,Urban: Nearer to a major town or city,Urban,24954
E01026404,West Lindsey 007B,,RSN1,Smaller rural: Nearer to a major town or city,Rural,24955
E01026127,Lincoln 007A,,UN1,Urban: Nearer to a major town or city,Urban,24956
E01026129,Lincoln 007C,,UN1,Urban: Nearer to a major town or city,Urban,24957
E01026130,Lincoln 009A,,UN1,Urban: Nearer to a major town or city,Urban,24958
E01026131,Lincoln 007D,,UN1,Urban: Nearer to a major town or city,Urban,24959
E01026132,Lincoln 005A,,UN1,Urban: Nearer to a major town or city,Urban,24960
E01026134,Lincoln 006A,,UN1,Urban: Nearer to a major town or city,Urban,24961
E01026135,Lincoln 008B,,UN1,Urban: Nearer to a major town or city,Urban,24962
E01026136,Lincoln 008C,,UN1,Urban: Nearer to a major town or city,Urban,24963
E01026137,Lincoln 011A,,UN1,Urban: Nearer to a major town or city,Urban,24964
E01026138,Lincoln 011B,,UN1,Urban: Nearer to a major town or city,Urban,24965
E01026139,Lincoln 011C,,UN1,Urban: Nearer to a major town or city,Urban,24966
E01026140,Lincoln 011D,,UN1,Urban: Nearer to a major town or city,Urban,24967
E01026141,Lincoln 011E,,UN1,Urban: Nearer to a major town or city,Urban,24968
E01026142,Lincoln 011F,,UN1,Urban: Nearer to a major town or city,Urban,24969
E01026144,Lincoln 003B,,UN1,Urban: Nearer to a major town or city,Urban,24970
E01026145,Lincoln 005C,,UN1,Urban: Nearer to a major town or city,Urban,24971
E01026146,Lincoln 005D,,UN1,Urban: Nearer to a major town or city,Urban,24972
E01026147,Lincoln 003C,,UN1,Urban: Nearer to a major town or city,Urban,24973
E01026148,Lincoln 003D,,UN1,Urban: Nearer to a major town or city,Urban,24974
E01026149,Lincoln 001A,,UN1,Urban: Nearer to a major town or city,Urban,24975
E01026150,Lincoln 001B,,UN1,Urban: Nearer to a major town or city,Urban,24976
E01026151,Lincoln 003E,,UN1,Urban: Nearer to a major town or city,Urban,24977
E01026152,Lincoln 004E,,UN1,Urban: Nearer to a major town or city,Urban,24978
E01026153,Lincoln 002A,,UN1,Urban: Nearer to a major town or city,Urban,24979
E01026154,Lincoln 004F,,UN1,Urban: Nearer to a major town or city,Urban,24980
E01026155,Lincoln 002B,,UN1,Urban: Nearer to a major town or city,Urban,24981
E01026156,Lincoln 004G,,UN1,Urban: Nearer to a major town or city,Urban,24982
E01026157,Lincoln 002C,,UN1,Urban: Nearer to a major town or city,Urban,24983
E01026158,Lincoln 009B,,UN1,Urban: Nearer to a major town or city,Urban,24984
E01026159,Lincoln 009C,,UN1,Urban: Nearer to a major town or city,Urban,24985
E01026160,Lincoln 009D,,UN1,Urban: Nearer to a major town or city,Urban,24986
E01026161,Lincoln 010A,,UN1,Urban: Nearer to a major town or city,Urban,24987
E01026162,Lincoln 009E,,UN1,Urban: Nearer to a major town or city,Urban,24988
E01026163,Lincoln 009F,,UN1,Urban: Nearer to a major town or city,Urban,24989
E01026164,Lincoln 003F,,UN1,Urban: Nearer to a major town or city,Urban,24990
E01026165,Lincoln 002D,,UN1,Urban: Nearer to a major town or city,Urban,24991
E01026166,Lincoln 001C,,UN1,Urban: Nearer to a major town or city,Urban,24992
E01026288,South Kesteven 015B,,UN1,Urban: Nearer to a major town or city,Urban,24993
E01026289,South Kesteven 015C,,UN1,Urban: Nearer to a major town or city,Urban,24994
E01026405,West Lindsey 010D,,RSN1,Smaller rural: Nearer to a major town or city,Rural,24995
E01026290,South Kesteven 008A,,RSF1,Smaller rural: Further from a major town or city,Rural,24996
E01026406,West Lindsey 010E,,RLN1,Larger rural: Nearer to a major town or city,Rural,24997
E01026291,South Kesteven 002A,,RSF1,Smaller rural: Further from a major town or city,Rural,24998
E01026407,West Lindsey 002E,,RSN1,Smaller rural: Nearer to a major town or city,Rural,24999
E01026182,North Kesteven 003B,,RLN1,Larger rural: Nearer to a major town or city,Rural,25000
E01026292,South Kesteven 007A,,UF1,Urban: Further from a major town or city,Urban,25001
E01026230,North Kesteven 010B,,UF1,Urban: Further from a major town or city,Urban,25003
E01026183,North Kesteven 007B,,RLN1,Larger rural: Nearer to a major town or city,Rural,25004
E01026408,West Lindsey 002F,,UN1,Urban: Nearer to a major town or city,Urban,25005
E01026293,South Kesteven 007B,,UF1,Urban: Further from a major town or city,Urban,25006
E01026231,North Kesteven 010C,,UF1,Urban: Further from a major town or city,Urban,25007
E01026339,South Kesteven 009D,,RLF1,Larger rural: Further from a major town or city,Rural,25008
E01026184,North Kesteven 004A,,UN1,Urban: Nearer to a major town or city,Urban,25010
E01026409,West Lindsey 007C,,RSN1,Smaller rural: Nearer to a major town or city,Rural,25011
E01026232,North Kesteven 010D,,UF1,Urban: Further from a major town or city,Urban,25012
E01026340,South Kesteven 002B,,RLF1,Larger rural: Further from a major town or city,Rural,25014
E01026294,South Kesteven 007C,,UF1,Urban: Further from a major town or city,Urban,25015
E01026185,North Kesteven 004B,,UN1,Urban: Nearer to a major town or city,Urban,25016
E01026410,West Lindsey 007D,,RSN1,Smaller rural: Nearer to a major town or city,Rural,25017
E01026233,North Kesteven 011C,,UF1,Urban: Further from a major town or city,Urban,25018
E01026341,South Kesteven 008B,,RSF1,Smaller rural: Further from a major town or city,Rural,25020
E01026296,South Kesteven 011B,,UN1,Urban: Nearer to a major town or city,Urban,25021
E01026186,North Kesteven 001A,,RLN1,Larger rural: Nearer to a major town or city,Rural,25022
E01026411,West Lindsey 005D,,RSN1,Smaller rural: Nearer to a major town or city,Rural,25023
E01026342,South Kesteven 008C,,RSF1,Smaller rural: Further from a major town or city,Rural,25025
E01026297,South Kesteven 011C,,UN1,Urban: Nearer to a major town or city,Urban,25026
E01026187,North Kesteven 001B,,RLN1,Larger rural: Nearer to a major town or city,Rural,25027
E01026412,West Lindsey 008B,,RLN1,Larger rural: Nearer to a major town or city,Rural,25028
E01026235,North Kesteven 010E,,UF1,Urban: Further from a major town or city,Urban,25029
E01026343,South Kesteven 006D,,UF1,Urban: Further from a major town or city,Urban,25030
E01026188,North Kesteven 004C,,RLN1,Larger rural: Nearer to a major town or city,Rural,25032
E01026413,West Lindsey 008C,,RLN1,Larger rural: Nearer to a major town or city,Rural,25033
E01026298,South Kesteven 011D,,UN1,Urban: Nearer to a major town or city,Urban,25034
E01026236,North Kesteven 011E,,UF1,Urban: Further from a major town or city,Urban,25035
E01026344,South Kesteven 006E,,UF1,Urban: Further from a major town or city,Urban,25036
E01026189,North Kesteven 001C,,RLN1,Larger rural: Nearer to a major town or city,Rural,25038
E01026414,West Lindsey 008D,,RSN1,Smaller rural: Nearer to a major town or city,Rural,25039
E01026299,South Kesteven 010A,,UN1,Urban: Nearer to a major town or city,Urban,25040
E01026237,North Kesteven 004E,,UN1,Urban: Nearer to a major town or city,Urban,25041
E01026345,South Kesteven 006F,,UF1,Urban: Further from a major town or city,Urban,25042
E01026190,North Kesteven 004D,,RLN1,Larger rural: Nearer to a major town or city,Rural,25044
E01026415,West Lindsey 003E,,RSN1,Smaller rural: Nearer to a major town or city,Rural,25045
E01026300,South Kesteven 010B,,UN1,Urban: Nearer to a major town or city,Urban,25046
E01026238,North Kesteven 004F,,UN1,Urban: Nearer to a major town or city,Urban,25047
E01026346,South Kesteven 015D,,UN1,Urban: Nearer to a major town or city,Urban,25048
E01026191,North Kesteven 005A,,RSN1,Smaller rural: Nearer to a major town or city,Rural,25050
E01026416,West Lindsey 001D,,RSN1,Smaller rural: Nearer to a major town or city,Rural,25051
E01026302,South Kesteven 010D,,UN1,Urban: Nearer to a major town or city,Urban,25052
E01026239,South Holland 011A,,RLN1,Larger rural: Nearer to a major town or city,Rural,25053
E01026347,South Kesteven 015E,,UN1,Urban: Nearer to a major town or city,Urban,25054
E01026192,North Kesteven 006A,,RSN1,Smaller rural: Nearer to a major town or city,Rural,25056
E01026303,South Kesteven 014A,,UN1,Urban: Nearer to a major town or city,Urban,25058
E01026240,South Holland 011B,,RLN1,Larger rural: Nearer to a major town or city,Rural,25059
E01026348,South Kesteven 015F,,UN1,Urban: Nearer to a major town or city,Urban,25060
E01026193,North Kesteven 003C,,RSN1,Smaller rural: Nearer to a major town or city,Rural,25062
E01026304,South Kesteven 014B,,UN1,Urban: Nearer to a major town or city,Urban,25064
E01026349,South Kesteven 016A,,UN1,Urban: Nearer to a major town or city,Urban,25065
E01026194,North Kesteven 006B,,RLN1,Larger rural: Nearer to a major town or city,Rural,25067
E01026305,South Kesteven 014C,,UN1,Urban: Nearer to a major town or city,Urban,25069
E01026350,South Kesteven 016B,,UN1,Urban: Nearer to a major town or city,Urban,25071
E01026241,South Holland 005A,,RSN1,Smaller rural: Nearer to a major town or city,Rural,25072
E01026306,South Kesteven 014D,,UN1,Urban: Nearer to a major town or city,Urban,25074
E01026195,North Kesteven 006C,,RSN1,Smaller rural: Nearer to a major town or city,Rural,25075
E01026351,South Kesteven 016C,,UN1,Urban: Nearer to a major town or city,Urban,25077
E01026242,South Holland 001A,,RLF1,Larger rural: Further from a major town or city,Rural,25078
E01026307,South Kesteven 014E,,UN1,Urban: Nearer to a major town or city,Urban,25080
E01026196,North Kesteven 006D,,RSN1,Smaller rural: Nearer to a major town or city,Rural,25081
E01026352,South Kesteven 003E,,UF1,Urban: Further from a major town or city,Urban,25083
E01026243,South Holland 001B,,RLF1,Larger rural: Further from a major town or city,Rural,25084
E01026308,South Kesteven 005A,,UF1,Urban: Further from a major town or city,Urban,25086
E01026197,North Kesteven 008B,,RLN1,Larger rural: Nearer to a major town or city,Rural,25087
E01026353,South Kesteven 003F,,UF1,Urban: Further from a major town or city,Urban,25089
E01026244,South Holland 001C,,RSF1,Smaller rural: Further from a major town or city,Rural,25090
E01026309,South Kesteven 005B,,UF1,Urban: Further from a major town or city,Urban,25092
E01026198,North Kesteven 008C,,RSN1,Smaller rural: Nearer to a major town or city,Rural,25093
E01026354,South Kesteven 003G,,UF1,Urban: Further from a major town or city,Urban,25095
E01026245,South Holland 010A,,RSF1,Smaller rural: Further from a major town or city,Rural,25096
E01026310,South Kesteven 005C,,UF1,Urban: Further from a major town or city,Urban,25098
E01026199,North Kesteven 003D,,RSN1,Smaller rural: Nearer to a major town or city,Rural,25099
E01026355,South Kesteven 002C,,RLF1,Larger rural: Further from a major town or city,Rural,25101
E01026246,South Holland 002A,,RSF1,Smaller rural: Further from a major town or city,Rural,25102
E01026311,South Kesteven 005D,,UF1,Urban: Further from a major town or city,Urban,25104
E01026200,North Kesteven 012A,,RLF1,Larger rural: Further from a major town or city,Rural,25105
E01026356,South Kesteven 016D,,UN1,Urban: Nearer to a major town or city,Urban,25106
E01026247,South Holland 001D,,RLF1,Larger rural: Further from a major town or city,Rural,25107
E01026312,South Kesteven 005E,,UF1,Urban: Further from a major town or city,Urban,25109
E01026201,North Kesteven 012B,,RSF1,Smaller rural: Further from a major town or city,Rural,25110
E01026248,South Holland 002B,,RSF1,Smaller rural: Further from a major town or city,Rural,25112
E01026202,North Kesteven 012C,,RLF1,Larger rural: Further from a major town or city,Rural,25114
E01026357,South Kesteven 016E,,UN1,Urban: Nearer to a major town or city,Urban,25115
E01026313,South Kesteven 001A,,RSF1,Smaller rural: Further from a major town or city,Rural,25116
E01026249,South Holland 010B,,RSN1,Smaller rural: Nearer to a major town or city,Rural,25118
E01026203,North Kesteven 001D,,RLN1,Larger rural: Nearer to a major town or city,Rural,25120
E01026358,South Kesteven 016F,,UN1,Urban: Nearer to a major town or city,Urban,25121
E01026314,South Kesteven 001B,,RLF1,Larger rural: Further from a major town or city,Rural,25122
E01026250,South Holland 003A,,RLF1,Larger rural: Further from a major town or city,Rural,25123
E01026204,North Kesteven 001E,,RLN1,Larger rural: Nearer to a major town or city,Rural,25125
E01026359,South Kesteven 016G,,UN1,Urban: Nearer to a major town or city,Urban,25126
E01026315,South Kesteven 009A,,RSF1,Smaller rural: Further from a major town or city,Rural,25127
E01026251,South Holland 003B,,RLF1,Larger rural: Further from a major town or city,Rural,25128
E01026205,North Kesteven 005B,,RLN1,Larger rural: Nearer to a major town or city,Rural,25130
E01026360,South Kesteven 012B,,RSN1,Smaller rural: Nearer to a major town or city,Rural,25131
E01026316,South Kesteven 007D,,RSF1,Smaller rural: Further from a major town or city,Rural,25132
E01026252,South Holland 003C,,RLF1,Larger rural: Further from a major town or city,Rural,25133
E01026206,North Kesteven 001F,,RLN1,Larger rural: Nearer to a major town or city,Rural,25135
E01026361,South Kesteven 008D,,RLF1,Larger rural: Further from a major town or city,Rural,25136
E01026317,South Kesteven 006A,,UF1,Urban: Further from a major town or city,Urban,25137
E01026253,South Holland 003D,,RLF1,Larger rural: Further from a major town or city,Rural,25138
E01026207,North Kesteven 012D,,RSF1,Smaller rural: Further from a major town or city,Rural,25140
E01026362,South Kesteven 012C,,RSN1,Smaller rural: Nearer to a major town or city,Rural,25141
E01026318,South Kesteven 006B,,UF1,Urban: Further from a major town or city,Urban,25142
E01026254,South Holland 008A,,RSF1,Smaller rural: Further from a major town or city,Rural,25143
E01026208,North Kesteven 012E,,RSF1,Smaller rural: Further from a major town or city,Rural,25145
E01026363,South Kesteven 012D,,RSN1,Smaller rural: Nearer to a major town or city,Rural,25146
E01026364,South Kesteven 012E,,RLN1,Larger rural: Nearer to a major town or city,Rural,25147
E01026365,South Kesteven 002D,,RSF1,Smaller rural: Further from a major town or city,Rural,25148
E01026366,West Lindsey 011A,,RLN1,Larger rural: Nearer to a major town or city,Rural,25149
E01026367,West Lindsey 001A,,RLN1,Larger rural: Nearer to a major town or city,Rural,25150
E01026368,West Lindsey 001B,,RLN1,Larger rural: Nearer to a major town or city,Rural,25151
E01026369,West Lindsey 011B,,RLN1,Larger rural: Nearer to a major town or city,Rural,25152
E01026370,West Lindsey 011C,,RLN1,Larger rural: Nearer to a major town or city,Rural,25153
E01026371,West Lindsey 011D,,RLN1,Larger rural: Nearer to a major town or city,Rural,25154
E01026372,West Lindsey 008A,,RLN1,Larger rural: Nearer to a major town or city,Rural,25155
E01026373,West Lindsey 011E,,RSN1,Smaller rural: Nearer to a major town or city,Rural,25156
E01026374,West Lindsey 006A,,UN1,Urban: Nearer to a major town or city,Urban,25157
E01026375,West Lindsey 006B,,UN1,Urban: Nearer to a major town or city,Urban,25158
E01026376,West Lindsey 006C,,UN1,Urban: Nearer to a major town or city,Urban,25159
E01026209,North Kesteven 009A,,RLN1,Larger rural: Nearer to a major town or city,Rural,25160
E01026210,North Kesteven 007C,,RSN1,Smaller rural: Nearer to a major town or city,Rural,25162
E01026319,South Kesteven 006C,,UF1,Urban: Further from a major town or city,Urban,25163
E01026211,North Kesteven 005C,,RSN1,Smaller rural: Nearer to a major town or city,Rural,25165
E01026321,South Kesteven 004B,,UF1,Urban: Further from a major town or city,Urban,25166
E01026212,North Kesteven 005D,,RLN1,Larger rural: Nearer to a major town or city,Rural,25168
E01026322,South Kesteven 004C,,UF1,Urban: Further from a major town or city,Urban,25169
E01026255,South Holland 008B,,RLF1,Larger rural: Further from a major town or city,Rural,25170
E01026213,North Kesteven 005E,,RLN1,Larger rural: Nearer to a major town or city,Rural,25172
E01026323,South Kesteven 004D,,UF1,Urban: Further from a major town or city,Urban,25173
E01026256,South Holland 008C,,RLF1,Larger rural: Further from a major town or city,Rural,25174
E01026214,North Kesteven 014A,,UN1,Urban: Nearer to a major town or city,Urban,25176
E01026324,South Kesteven 004E,,UF1,Urban: Further from a major town or city,Urban,25177
E01026257,South Holland 002C,,RLF1,Larger rural: Further from a major town or city,Rural,25178
E01026215,North Kesteven 014B,,UN1,Urban: Nearer to a major town or city,Urban,25180
E01026325,South Kesteven 003A,,UF1,Urban: Further from a major town or city,Urban,25181
E01026258,South Holland 005B,,UF1,Urban: Further from a major town or city,Urban,25182
E01026218,North Kesteven 014C,,UN1,Urban: Nearer to a major town or city,Urban,25184
E01026326,South Kesteven 003B,,UF1,Urban: Further from a major town or city,Urban,25185
E01026219,North Kesteven 014D,,UN1,Urban: Nearer to a major town or city,Urban,25187
E01026259,South Holland 005C,,RSF1,Smaller rural: Further from a major town or city,Rural,25188
E01026260,South Holland 005D,,UF1,Urban: Further from a major town or city,Urban,25190
E01026262,South Holland 009A,,UN1,Urban: Nearer to a major town or city,Urban,25191
E01026263,South Holland 009B,,UN1,Urban: Nearer to a major town or city,Urban,25192
E01026264,South Holland 009C,,UN1,Urban: Nearer to a major town or city,Urban,25193
E01026265,South Holland 009D,,UN1,Urban: Nearer to a major town or city,Urban,25194
E01026266,South Holland 006B,,UN1,Urban: Nearer to a major town or city,Urban,25195
E01026268,South Holland 007A,,UN1,Urban: Nearer to a major town or city,Urban,25196
E01026269,South Holland 007B,,UN1,Urban: Nearer to a major town or city,Urban,25197
E01026270,South Holland 007C,,UN1,Urban: Nearer to a major town or city,Urban,25198
E01026271,South Holland 007D,,UN1,Urban: Nearer to a major town or city,Urban,25199
E01026272,South Holland 007E,,UN1,Urban: Nearer to a major town or city,Urban,25200
E01032683,West Lindsey 001G,,RLN1,Larger rural: Nearer to a major town or city,Rural,30992
E01032993,North Kesteven 013D,,UN1,Urban: Nearer to a major town or city,Urban,31232
E01032994,North Kesteven 003H,,UN1,Urban: Nearer to a major town or city,Urban,31262
E01032995,South Holland 006F,,UN1,Urban: Nearer to a major town or city,Urban,31268
E01032996,South Holland 006G,,UN1,Urban: Nearer to a major town or city,Urban,31275
E01032997,South Kesteven 011E,,UN1,Urban: Nearer to a major town or city,Urban,31280
E01032998,South Kesteven 011F,,UN1,Urban: Nearer to a major town or city,Urban,31282
E01032999,South Kesteven 011G,,UN1,Urban: Nearer to a major town or city,Urban,31285
E01032986,East Lindsey 004D,,UN1,Urban: Nearer to a major town or city,Urban,31547
E01032987,East Lindsey 004E,,UN1,Urban: Nearer to a major town or city,Urban,31551
E01032988,North Kesteven 013B,,UN1,Urban: Nearer to a major town or city,Urban,31555
E01032989,North Kesteven 013C,,UN1,Urban: Nearer to a major town or city,Urban,31559
E01032991,North Kesteven 014E,,UN1,Urban: Nearer to a major town or city,Urban,31563
E01032992,North Kesteven 014F,,UN1,Urban: Nearer to a major town or city,Urban,31582
E01034679,Boston 002F,,UF1,Urban: Further from a major town or city,Urban,32612
E01034680,Boston 002G,,UF1,Urban: Further from a major town or city,Urban,32615
E01034681,Boston 003E,,UF1,Urban: Further from a major town or city,Urban,32621
E01034682,Boston 003F,,UF1,Urban: Further from a major town or city,Urban,32625
E01034683,Boston 009E,,UF1,Urban: Further from a major town or city,Urban,32629
E01034684,Boston 009F,,UF1,Urban: Further from a major town or city,Urban,32633
E01034685,East Lindsey 012E,,UF1,Urban: Further from a major town or city,Urban,32637
E01034686,East Lindsey 012F,,UF1,Urban: Further from a major town or city,Urban,32641
E01034687,Lincoln 005E,,UN1,Urban: Nearer to a major town or city,Urban,32645
E01034688,Lincoln 005F,,UN1,Urban: Nearer to a major town or city,Urban,32649
E01034689,Lincoln 007E,,UN1,Urban: Nearer to a major town or city,Urban,32653
E01034690,Lincoln 007F,,UN1,Urban: Nearer to a major town or city,Urban,32657
E01034691,Lincoln 008E,,UN1,Urban: Nearer to a major town or city,Urban,32695
E01034692,Lincoln 008F,,UN1,Urban: Nearer to a major town or city,Urban,32699
E01034693,North Kesteven 003I,,RLN1,Larger rural: Nearer to a major town or city,Rural,32702
E01034694,North Kesteven 003J,,RLN1,Larger rural: Nearer to a major town or city,Rural,32704
E01034695,North Kesteven 011F,,RLF1,Larger rural: Further from a major town or city,Rural,32707
E01034696,North Kesteven 011G,,UF1,Urban: Further from a major town or city,Urban,32710
E01034697,South Holland 006H,,UN1,Urban: Nearer to a major town or city,Urban,32714
E01034698,South Holland 006I,,UN1,Urban: Nearer to a major town or city,Urban,32718
E01034699,South Holland 009F,,UN1,Urban: Nearer to a major town or city,Urban,32722
E01034700,South Holland 009G,,UN1,Urban: Nearer to a major town or city,Urban,32726
E01034701,South Kesteven 004F,,UF1,Urban: Further from a major town or city,Urban,32730
E01034702,South Kesteven 004G,,UF1,Urban: Further from a major town or city,Urban,32734
E01034703,South Kesteven 010E,,UN1,Urban: Nearer to a major town or city,Urban,32738
E01034704,South Kesteven 010F,,UN1,Urban: Nearer to a major town or city,Urban,32742
E01034705,South Kesteven 010G,,UN1,Urban: Nearer to a major town or city,Urban,32747
E01034706,West Lindsey 009E,,RLN1,Larger rural: Nearer to a major town or city,Rural,32751
E01034707,West Lindsey 009F,,RSN1,Smaller rural: Nearer to a major town or city,Rural,32755
